Date,3382.T,ATD.TO,FEMSAUBD.MX,BP.L,CA.PA,ACWI
2021-01-04,1087.135498046875,41.9691162109375,124.26791381835938,253.83668518066406,11.543781280517578,82.64822387695312
2021-01-05,1077.59130859375,41.74039840698242,123.45576477050781,271.789794921875,11.958050727844238,83.50019073486328
2021-01-06,1108.3114013671875,41.168617248535156,122.84249877929688,289.0447082519531,12.220952987670898,83.96737670898438
2021-01-07,1161.9974365234375,41.07331085205078,123.02481842041016,294.23114013671875,12.284686088562012,84.84681701660156
2021-01-08,1190.62939453125,40.949424743652344,124.49993896484375,297.9216003417969,12.141284942626953,85.59799194335938
2021-01-11,,40.47294998168945,124.56626892089844,298.021240234375,12.209002494812012,84.84681701660156
2021-01-12,1165.87451171875,39.405609130859375,124.08556365966797,304.2051086425781,12.320536613464355,85.14911651611328
2021-01-13,1165.87451171875,35.53651428222656,123.51375579833984,303.10791015625,13.973631858825684,85.20408630371094
2021-01-14,1178.699462890625,35.24110412597656,125.519287109375,308.444091796875,13.623095512390137,85.33232116699219
2021-01-15,1188.8399658203125,36.6419792175293,124.03587341308594,301.6617736816406,13.232726097106934,84.4345703125
2021-01-18,1174.2255859375,37.45200729370117,125.17121887207031,299.5672607421875,12.31655216217041,
2021-01-19,1155.435546875,36.594329833984375,121.65741729736328,300.46490478515625,11.95008373260498,85.22239685058594
2021-01-20,1172.1378173828125,36.83256530761719,120.43917083740234,302.06072998046875,11.882367134094238,86.2850570678711
2021-01-21,1173.9273681640625,36.50856399536133,121.0938720703125,292.5855407714844,12.009833335876465,86.30337524414062
2021-01-22,1178.1029052734375,36.813507080078125,121.74029541015625,289.2441711425781,11.72303295135498,85.90028381347656
2021-01-25,1194.5072021484375,37.480587005615234,124.54967498779297,279.9185485839844,11.81066608428955,86.18428039550781
2021-01-26,1204.6475830078125,37.756954193115234,123.53862762451172,281.6141357421875,11.683197975158691,85.91862487792969
2021-01-27,1215.08642578125,37.385292053222656,123.04967498779297,281.6141357421875,11.491996765136719,83.802490234375
2021-01-28,1215.6827392578125,37.69023513793945,121.58282470703125,275.7794189453125,11.420297622680664,84.50785827636719
2021-01-29,1181.3837890625,37.661659240722656,115.77342987060547,270.7923889160156,11.145444869995117,82.84977722167969
2021-02-01,1186.4539794921875,37.82366943359375,,266.4039611816406,11.23307991027832,84.26052856445312
2021-02-02,1188.8399658203125,38.0333137512207,114.83697509765625,254.33538818359375,11.368514060974121,85.33232116699219
2021-02-03,1210.910888671875,38.50981521606445,114.29829406738281,257.6268005371094,11.252994537353516,85.47889709472656
2021-02-04,1209.419677734375,39.186424255371094,116.0634994506836,254.28553771972656,11.288846015930176,86.06517791748047
2021-02-05,1227.9112548828125,38.08096694946289,115.93917846679688,251.39309692382812,11.535812377929688,86.55986785888672
2021-02-08,1266.9827880859375,37.985660552978516,114.79553985595703,261.267333984375,11.448180198669434,87.21027374267578
2021-02-09,1266.0877685546875,37.337646484375,116.87565612792969,259.0231628417969,11.599549293518066,87.38433837890625
2021-02-10,1261.017578125,37.39481735229492,117.09111022949219,258.4246826171875,11.611498832702637,87.40264892578125
2021-02-11,,37.50918197631836,113.89221954345703,257.12811279296875,11.543781280517578,87.83322143554688
2021-02-12,1235.069580078125,38.01426696777344,115.08557891845703,261.1176452636719,11.507930755615234,88.25460052490234
2021-02-15,1260.1229248046875,,113.67674255371094,278.17315673828125,11.730999946594238,
2021-02-16,1293.22900390625,37.64259719848633,118.80658721923828,277.4749450683594,11.671247482299805,88.41949462890625
2021-02-17,1270.2633056640625,37.16610336303711,118.06073760986328,279.86871337890625,11.727015495300293,88.24544525146484
2021-02-18,1264.5965576171875,37.01363754272461,118.4833755493164,268.7339172363281,11.655315399169922,87.63168334960938
2021-02-19,1249.982177734375,36.49901580810547,119.32869720458984,271.6766357421875,11.989917755126953,87.78740692138672
2021-02-22,1253.2626953125,36.327484130859375,119.5275650024414,279.25787353515625,11.870417594909668,86.88048553466797
2021-02-23,,36.11783981323242,118.07730102539062,282.79913330078125,11.730999946594238,86.94462585449219
2021-02-24,1275.0355224609375,36.29890441894531,118.63255310058594,298.061279296875,11.603530883789062,87.43930053710938
2021-02-25,1258.131591796875,36.775394439697266,118.40050506591797,303.7970886230469,11.719049453735352,85.50638580322266
2021-02-26,1218.5885009765625,36.813507080078125,118.624267578125,291.0287170410156,11.507930755615234,84.74604797363281
2021-03-01,1271.7152099609375,36.975521087646484,119.12979888916016,296.8143615722656,11.432247161865234,86.6972885131836
2021-03-02,1236.39794921875,37.69023513793945,120.61322021484375,295.8667297363281,11.340629577636719,86.13848876953125
2021-03-03,1265.3759765625,37.37576675415039,121.0938720703125,304.1462097167969,11.360546112060547,85.19491577148438
2021-03-04,1264.4705810546875,38.01426696777344,125.64361572265625,312.3258972167969,11.416313171386719,83.9765396118164
2021-03-05,1284.091064453125,38.67181396484375,130.29275512695312,318.0117492675781,11.376479148864746,85.15827941894531
2021-03-08,1294.3541259765625,38.919593811035156,129.77896118164062,317.8621826171875,11.400379180908203,84.40709686279297
2021-03-09,1341.1416015625,38.99581527709961,129.132568359375,314.4706726074219,11.468097686767578,85.84532928466797
2021-03-10,1323.3321533203125,39.329368591308594,128.61871337890625,314.2213439941406,11.623448371887207,86.23008728027344
2021-03-11,1307.031982421875,39.167354583740234,129.14085388183594,318.8597106933594,11.392413139343262,87.34769439697266
2021-03-12,1308.5411376953125,39.720088958740234,127.18504333496094,322.6503601074219,11.631415367126465,87.18280029296875
2021-03-15,1339.0286865234375,39.65338897705078,,315.36834716796875,11.595565795898438,87.65000915527344
2021-03-16,1345.367431640625,39.92021179199219,129.05796813964844,310.48046875,11.611498832702637,87.64083862304688
2021-03-17,1337.8211669921875,39.605743408203125,126.27342224121094,313.0242004394531,11.495981216430664,87.89733123779297
2021-03-18,1333.59521484375,38.786170959472656,126.3314437866211,311.17877197265625,11.742949485778809,86.7155990600586
2021-03-19,1358.347412109375,38.24297332763672,128.4695587158203,305.9417724609375,11.762866020202637,86.77973937988281
2021-03-22,1347.1787109375,38.62416076660156,128.39495849609375,306.4903869628906,11.631415367126465,87.21943664550781
2021-03-23,1363.78076171875,38.55744171142578,129.0165252685547,295.0188293457031,11.75091552734375,86.23008728027344
2021-03-24,1302.8062744140625,37.976131439208984,130.8231658935547,300.8045349121094,12.021783828735352,85.51553344726562
2021-03-25,1338.726806640625,38.23210525512695,129.72923278808594,292.9739074707031,12.169167518615723,85.90028381347656
2021-03-26,1367.7049560546875,38.38491439819336,127.40049743652344,301.9017028808594,12.169167518615723,87.32937622070312
2021-03-29,1384.005126953125,39.445068359375,130.9806365966797,299.757080078125,12.220952987670898,87.12783813476562
2021-03-30,1383.703125,39.320892333984375,130.64083862304688,300.75457763671875,12.224935531616211,86.99042510986328
2021-03-31,1347.1787109375,38.900665283203125,127.69882202148438,293.9214782714844,12.304601669311523,87.16448211669922
2021-04-01,1356.8382568359375,39.445068359375,,289.0835266113281,12.149252891540527,88.3004150390625
2021-04-02,1368.0068359375,,,,,
2021-04-05,1374.345703125,39.34001159667969,132.3148651123047,,,89.28060913085938
2021-04-06,1344.16015625,38.929317474365234,135.09939575195312,299.108642578125,12.10145092010498,89.17984771728516
2021-04-07,1369.8179931640625,40.43834686279297,134.0469207763672,304.69482421875,12.189085006713867,89.03327178955078
2021-04-08,1335.40625,39.82710266113281,134.7430419921875,297.712158203125,12.073568344116211,89.58291625976562
2021-04-09,1301.5986328125,39.683834075927734,135.00823974609375,294.2707214355469,11.854483604431152,89.98599243164062
2021-04-12,1317.8985595703125,39.8462028503418,133.81484985351562,297.66229248046875,11.922200202941895,89.73865509033203
2021-04-13,1344.462158203125,39.8462028503418,133.44195556640625,297.5126037597656,11.870417594909668,90.1600341796875
2021-04-14,1338.726806640625,39.893951416015625,133.010986328125,307.5876159667969,11.914234161376953,90.10507202148438
2021-04-15,1411.1722412109375,40.03722381591797,133.1436004638672,302.7497253417969,11.946100234985352,90.95704650878906
2021-04-16,1372.53466796875,39.7697868347168,132.3148651123047,302.2010498046875,12.06161880493164,91.31428527832031
2021-04-19,1369.2142333984375,40.22824478149414,130.0607147216797,300.106201171875,12.244853019714355,90.93870544433594
2021-04-20,1375.251220703125,40.371498107910156,131.9253692626953,291.0287170410156,12.02576732635498,89.9676742553711
2021-04-21,1344.7637939453125,40.42879867553711,133.09388732910156,294.9689636230469,12.631237983703613,90.76464080810547
2021-04-22,1364.3846435546875,39.98945999145508,133.38392639160156,294.2707214355469,12.603354454040527,90.21500396728516
2021-04-23,1361.667724609375,39.951255798339844,133.06903076171875,291.37786865234375,12.55555534362793,91.19520568847656
2021-04-26,1364.3846435546875,39.75068664550781,132.78724670410156,295.8168640136719,12.587421417236328,91.38758087158203
2021-04-27,1348.385986328125,39.7697868347168,132.3148651123047,294.5699462890625,12.718873023986816,91.3509521484375
2021-04-28,1364.686279296875,39.82710266113281,131.9336395263672,303.7471923828125,12.710906028747559,91.49749755859375
2021-04-29,,40.05631637573242,133.40878295898438,301.2533264160156,12.742772102355957,91.71736907958984
2021-04-30,1418.4166259765625,39.884403228759766,130.01927185058594,302.2509460449219,12.830406188964844,90.86541748046875
2021-05-03,,39.951255798339844,131.94195556640625,,12.886173248291016,91.22268676757812
2021-05-04,,39.664737701416016,133.3798370361328,309.3831481933594,12.778623580932617,90.36157989501953
2021-05-05,,40.2377815246582,132.4801025390625,317.7126159667969,12.949906349182129,90.69137573242188
2021-05-06,1440.4520263671875,40.00856018066406,132.908935546875,313.7590637207031,13.188909530639648,91.34178161621094
2021-05-07,1466.7132568359375,40.113624572753906,133.59007263183594,312.8113098144531,13.161026000976562,92.16625213623047
2021-05-10,1419.6240234375,40.78218078613281,135.6586151123047,314.9561767578125,13.392059326171875,91.25933837890625
2021-05-11,1403.02197265625,40.12318420410156,133.63209533691406,303.88232421875,13.192892074584961,90.50816345214844
2021-05-12,1386.1180419921875,40.30463790893555,133.85072326660156,314.55712890625,13.451811790466309,88.63936614990234
2021-05-13,1454.94091796875,40.55296325683594,135.75112915039062,307.6733093261719,13.49562931060791,89.3539047241211
2021-05-14,1491.7674560546875,41.49850082397461,137.85330200195312,312.9110107421875,13.583261489868164,90.76464080810547
2021-05-17,1445.885498046875,41.737274169921875,136.74334716796875,314.6568908691406,13.770480155944824,90.62724304199219
2021-05-18,1480.900390625,41.92829132080078,141.40179443359375,316.0535888671875,13.810312271118164,90.37991333007812
2021-05-19,1479.0892333984375,42.042903900146484,140.5693359375,307.62347412109375,13.810312271118164,89.95850372314453
2021-05-20,1454.33740234375,42.940673828125,142.2847137451172,309.5689392089844,13.790395736694336,90.9936752319336
2021-05-21,1469.4298095703125,42.11931228637695,138.89596557617188,311.46441650390625,13.650979042053223,90.89289093017578
2021-05-24,1474.86328125,,138.74464416503906,315.6545104980469,13.706746101379395,91.607421875
2021-05-25,1466.109619140625,42.27212142944336,136.46583557128906,309.31951904296875,13.563345909118652,91.607421875
2021-05-26,1475.467041015625,42.482234954833984,135.79315185546875,309.9679870605469,13.419883728027344,91.82730102539062
2021-05-27,1433.5093994140625,42.78786087036133,135.8099822998047,305.8277587890625,13.604333877563477,91.92807006835938
2021-05-28,1463.69482421875,42.35808181762695,137.20582580566406,305.4287414550781,13.690411567687988,92.202880859375
2021-05-31,1429.585205078125,41.708614349365234,140.75433349609375,,13.706808090209961,
2021-06-01,1413.5869140625,42.253013610839844,139.53506469726562,314.0085144042969,13.833874702453613,92.50519561767578
2021-06-02,1464.600341796875,42.80696105957031,141.0318145751953,320.9919128417969,13.8297758102417,92.60594940185547
2021-06-03,1490.5599365234375,42.826072692871094,141.50270080566406,323.33636474609375,14.149491310119629,92.12042999267578
2021-06-04,1492.9747314453125,43.007530212402344,140.87205505371094,318.6973571777344,14.202778816223145,92.97238159179688
2021-06-07,1504.4451904296875,42.97887420654297,144.656005859375,318.447998046875,14.243766784667969,92.99986267089844
2021-06-08,1497.20068359375,43.208099365234375,141.84744262695312,322.4385681152344,14.276559829711914,92.95407104492188
2021-06-09,1466.109619140625,42.99797439575195,142.53697204589844,323.98480224609375,14.059314727783203,92.71588897705078
2021-06-10,1466.109619140625,43.08394241333008,142.99105834960938,322.58819580078125,14.088006973266602,93.18090057373047
2021-06-11,1478.78759765625,43.465972900390625,144.70645141601562,323.5358581542969,14.03882122039795,93.35623168945312
2021-06-14,1482.1077880859375,43.48506546020508,144.07577514648438,329.62158203125,14.096205711364746,93.59612274169922
2021-06-15,1511.0859375,43.31317138671875,143.88238525390625,331.9161376953125,14.018325805664062,93.41158294677734
2021-06-16,1509.27490234375,42.83561706542969,144.7484893798828,328.1750183105469,13.833874702453613,92.81184387207031
2021-06-17,1509.27490234375,43.34181594848633,143.77305603027344,323.2864990234375,13.940444946289062,92.63655090332031
2021-06-18,1509.27490234375,42.95022964477539,143.52078247070312,314.6568908691406,13.81747817993164,91.40937042236328
2021-06-21,1500.822998046875,41.622657775878906,144.2355499267578,316.1035461425781,13.989633560180664,92.4889144897461
2021-06-22,1554.85498046875,42.31032180786133,142.3688201904297,321.9397277832031,13.993732452392578,92.86720275878906
2021-06-23,1528.59375,41.89008331298828,142.1585693359375,323.4362487792969,13.89535903930664,92.69189453125
2021-06-24,1524.66943359375,41.7945671081543,141.3681640625,323.5358581542969,13.997832298278809,93.34699249267578
2021-06-25,1519.236083984375,42.11931228637695,141.04864501953125,324.73309326171875,13.903555870056152,93.72529602050781
2021-06-28,1587.153564453125,42.405826568603516,140.68704223632812,314.40740966796875,13.710906982421875,93.69762420654297
2021-06-29,1593.7943115234375,42.60639572143555,140.2413787841797,315.25555419921875,13.530553817749023,93.73451232910156
2021-06-30,1598.9259033203125,44.048580169677734,141.37657165527344,314.2579345703125,13.596136093139648,93.36547088623047
2021-07-01,1574.7777099609375,,141.85586547851562,323.7354736328125,13.735499382019043,93.75298309326172
2021-07-02,1568.740478515625,45.127830505371094,140.98977661132812,320.64276123046875,13.846170425415039,94.18663024902344
2021-07-05,1568.740478515625,44.698028564453125,142.95742797851562,323.4861145019531,13.96504020690918,
2021-07-06,1579.30517578125,44.15363693237305,141.83062744140625,310.0677490234375,13.997832298278809,93.78988647460938
2021-07-07,1562.0994873046875,43.701969146728516,142.82290649414062,306.97509765625,14.018325805664062,93.99287414550781
2021-07-08,1546.7049560546875,44.01776123046875,140.51046752929688,306.97509765625,13.354300498962402,92.95948028564453
2021-07-09,1514.708251953125,44.83113098144531,139.4761962890625,310.1675109863281,13.403487205505371,94.18663024902344
2021-07-12,1535.83837890625,45.45310974121094,140.7459259033203,308.4215393066406,13.346102714538574,94.46343994140625
2021-07-13,1555.1568603515625,45.433982849121094,139.8377685546875,305.1793212890625,13.362497329711914,94.14049530029297
2021-07-14,1534.9324951171875,45.2138786315918,140.72911071777344,304.031982421875,13.284618377685547,94.2696762084961
2021-07-15,1529.801025390625,47.36693572998047,142.75559997558594,295.3524475097656,13.235431671142578,93.87293243408203
2021-07-16,1521.95263671875,47.42434310913086,143.4535675048828,291.5614318847656,13.313310623168945,93.16246795654297
2021-07-19,1510.7840576171875,46.51528549194336,139.70323181152344,277.79400634765625,12.936208724975586,91.75077819824219
2021-07-20,1509.27490234375,47.232975006103516,138.61009216308594,279.4898986816406,12.850132942199707,92.76570892333984
2021-07-21,1512.8970947265625,47.15641784667969,140.76272583007812,288.7680358886719,12.878825187683105,93.74375915527344
2021-07-22,,47.11813735961914,138.89596557617188,283.3308410644531,12.92391300201416,93.90060424804688
2021-07-23,,47.53917694091797,139.97232055664062,283.43060302734375,13.071474075317383,94.49111938476562
2021-07-26,1512.29345703125,48.09418487548828,140.33387756347656,291.5614318847656,13.050979614257812,94.4357681274414
2021-07-27,1509.27490234375,47.81668472290039,139.20712280273438,290.71343994140625,13.009989738464355,93.79911041259766
2021-07-28,1514.4063720703125,47.386070251464844,145.74911499023438,291.1125183105469,12.973099708557129,94.23275756835938
2021-07-29,1478.78759765625,47.8071174621582,147.68316650390625,294.95343017578125,13.346102714538574,94.74946594238281
2021-07-30,1469.4298095703125,48.773590087890625,146.0434112548828,288.5186462402344,12.837835311889648,94.21431732177734
2021-08-02,1499.61572265625,,144.5130615234375,289.0673522949219,13.169849395751953,94.26045227050781
2021-08-03,1481.504150390625,49.72093200683594,149.12103271484375,305.37884521484375,13.395289421081543,94.93399810791016
2021-08-04,1486.937744140625,49.682655334472656,146.90953063964844,302.2861328125,13.333806037902832,94.74024200439453
2021-08-05,1474.259765625,48.773590087890625,145.36231994628906,305.0296325683594,13.342002868652344,95.1462173461914
2021-08-06,1457.3558349609375,49.271183013916016,146.80862426757812,306.72564697265625,13.428080558776855,94.98936462402344
2021-08-09,,49.031951904296875,145.9004669189453,304.7303466796875,13.497762680053711,95.03548431396484
2021-08-10,1482.1077880859375,49.36687469482422,146.80862426757812,308.1722106933594,13.579740524291992,95.15544128417969
2021-08-11,1503.8414306640625,49.28075408935547,146.4722900390625,310.96563720703125,13.915854454040527,95.45069885253906
2021-08-12,1499.3135986328125,49.28075408935547,145.85003662109375,306.26568603515625,13.89125919342041,95.49683380126953
2021-08-13,1487.541259765625,49.118080139160156,146.674072265625,304.669189453125,13.932250022888184,95.73672485351562
2021-08-16,1457.65771484375,49.558250427246094,146.59841918945312,297.3356018066406,14.07981014251709,95.60755157470703
2021-08-17,1451.922607421875,49.759212493896484,146.7329559326172,301.77569580078125,14.128997802734375,94.7217788696289
2021-08-18,1444.97998046875,49.58695983886719,147.48133850097656,301.9752502441406,13.993732452392578,94.07591247558594
2021-08-19,1462.7891845703125,50.06541442871094,145.85003662109375,287.1084289550781,14.051116943359375,93.57765197753906
2021-08-20,1480.5986328125,50.0462760925293,146.60684204101562,287.2082824707031,14.174086570739746,94.13127136230469
2021-08-23,1510.482421875,49.854888916015625,147.51495361328125,294.34234619140625,14.174086570739746,95.0816421508789
2021-08-24,1519.236083984375,49.376441955566406,146.5563507080078,298.18365478515625,13.989633560180664,95.5152816772461
2021-08-25,1481.504150390625,49.51997756958008,146.825439453125,297.68487548828125,13.8297758102417,95.6352310180664
2021-08-26,1442.26318359375,49.00323486328125,146.5563507080078,295.8888854980469,13.813379287719727,95.0262680053711
2021-08-27,1438.037109375,49.16591262817383,145.97616577148438,301.8255615234375,13.854368209838867,95.93972778320312
2021-08-30,1446.8798828125,50.027137756347656,145.84161376953125,,13.862566947937012,96.19805908203125
2021-08-31,1468.22509765625,49.20419692993164,147.04408264160156,296.28790283203125,13.813379287719727,96.26264190673828
2021-09-01,1505.42578125,48.41953659057617,142.37722778320312,293.593994140625,13.055079460144043,96.6594009399414
2021-09-02,1492.00927734375,49.395572662353516,144.00010681152344,299.2313537597656,13.022287368774414,96.9269790649414
2021-09-03,1513.3543701171875,48.5439338684082,142.9742431640625,295.938720703125,12.73126220703125,97.14842224121094
2021-09-06,1509.9998779296875,,145.530517578125,297.78460693359375,12.968999862670898,
2021-09-07,1545.6763916015625,48.3046989440918,142.30995178222656,297.7347106933594,12.817340850830078,97.00079345703125
2021-09-08,1548.7257080078125,48.82999801635742,141.74655151367188,297.58502197265625,12.891122817993164,96.48408508300781
2021-09-09,1557.87353515625,48.4753303527832,142.52857971191406,294.0429992675781,12.727163314819336,96.22574615478516
2021-09-10,1580.13330078125,47.986454010009766,144.05899047851562,294.99090576171875,12.501723289489746,95.66291046142578
2021-09-13,1585.6219482421875,48.082305908203125,144.1009979248047,301.62603759765625,12.440239906311035,96.0135269165039
2021-09-14,1560.0079345703125,48.30278396606445,146.825439453125,299.3312072753906,12.329567909240723,95.44147491455078
2021-09-15,1572.81494140625,48.36030197143555,149.17991638183594,308.5605163574219,12.407447814941406,96.0135269165039
2021-09-16,1605.747314453125,48.07272720336914,,305.26788330078125,12.194303512573242,95.764404296875
2021-09-17,1583.182373046875,47.01828384399414,146.54795837402344,303.9707946777344,12.059040069580078,94.81404876708984
2021-09-20,,46.31852722167969,146.0434112548828,303.0229797363281,12.009852409362793,93.1440200805664
2021-09-21,1562.4473876953125,47.43047332763672,146.5816192626953,308.111572265625,12.120522499084473,93.36547088623047
2021-09-22,1568.8509521484375,47.075801849365234,148.3053741455078,316.0438232421875,12.382854461669922,94.2235336303711
2021-09-23,,46.53900146484375,149.8610382080078,317.04156494140625,12.591899871826172,95.2569351196289
2021-09-24,1585.9268798828125,47.267520904541016,149.52467346191406,319.4861145019531,12.739460945129395,94.98936462402344
2021-09-27,1586.841552734375,47.152503967285156,149.9955596923828,330.56146240234375,12.751757621765137,94.88787078857422
2021-09-28,1564.5821533203125,46.72113037109375,150.62620544433594,335.8496398925781,13.100166320800781,93.01484680175781
2021-09-29,1551.4700927734375,46.95119094848633,150.78598022460938,337.5457763671875,13.096068382263184,92.85798645019531
2021-09-30,1550.5552978515625,46.730716705322266,150.71029663085938,339.54132080078125,12.743559837341309,92.19364929199219
2021-10-01,1513.9638671875,46.730716705322266,148.002685546875,337.1965026855469,12.587800979614258,92.96869659423828
2021-10-04,1514.2689208984375,45.88716506958008,148.15403747558594,343.68206787109375,12.792746543884277,91.82457733154297
2021-10-05,1512.744140625,46.49107360839844,149.4741973876953,349.8682556152344,12.977198600769043,92.61807250976562
2021-10-06,1498.7178955078125,46.01178741455078,146.05184936523438,340.78851318359375,13.100166320800781,92.69189453125
2021-10-07,1463.955810546875,46.56775665283203,143.781494140625,344.03125,13.063276290893555,93.70684814453125
2021-10-08,1453.8934326171875,46.0213623046875,144.6223602294922,352.76177978515625,13.141156196594238,93.60533905029297
2021-10-11,1453.283447265625,,145.10166931152344,359.4966735839844,12.759954452514648,93.05175018310547
2021-10-12,1449.9293212890625,45.26408767700195,145.98455810546875,357.4014587402344,12.591899871826172,92.93179321289062
2021-10-13,1442.916015625,45.820064544677734,145.05120849609375,354.15863037109375,12.485328674316406,93.6330337524414
2021-10-14,1451.149169921875,45.9830322265625,145.11007690429688,356.90252685546875,12.575504302978516,94.84173583984375
2021-10-15,1467.6151123046875,45.81048583984375,144.2355499267578,362.7894287109375,12.702570915222168,95.61676788330078
2021-10-18,1463.3460693359375,47.28669357299805,144.4457550048828,360.6441345214844,12.485328674316406,95.67215728759766
2021-10-19,1452.3687744140625,46.45272445678711,143.41990661621094,361.1430358886719,12.29677677154541,96.48408508300781
2021-10-20,1452.9786376953125,45.915931701660156,141.68768310546875,362.29046630859375,12.313172340393066,96.7701187133789
2021-10-21,1455.4178466796875,46.54859924316406,140.43478393554688,355.4058837890625,12.522216796875,96.78857421875
2021-10-22,1446.8798828125,46.63486099243164,142.301513671875,354.20849609375,12.509920120239258,96.79782104492188
2021-10-25,1441.391357421875,47.4208984375,141.7045135498047,359.8459167480469,12.583702087402344,97.12996673583984
2021-10-26,1463.0411376953125,46.0213623046875,145.65664672851562,358.3991394042969,12.702570915222168,97.07460021972656
2021-10-27,1488.045166015625,45.2545051574707,142.8565216064453,356.80279541015625,12.723066329956055,96.59481811523438
2021-10-28,1491.3994140625,45.96385192871094,142.33517456054688,351.2651672363281,12.73126220703125,97.4344482421875
2021-10-29,1458.1622314453125,45.14905548095703,142.32675170898438,349.4192810058594,12.833736419677734,97.1668701171875
2021-11-01,1514.5738525390625,46.31852722167969,143.6217041015625,356.20404052734375,12.907517433166504,97.6558837890625
2021-11-02,1522.197021484375,46.347286224365234,,344.1809387207031,12.710769653320312,97.71125030517578
2021-11-03,,46.44314193725586,140.19932556152344,334.10345458984375,12.714868545532227,98.33866882324219
2021-11-04,1538.96826171875,47.83308029174805,140.73751831054688,338.7430114746094,12.591899871826172,98.5508804321289
2021-11-05,1536.8336181640625,47.631778717041016,139.3668670654297,344.6299133300781,12.649285316467285,98.74463653564453
2021-11-08,1520.672607421875,47.698875427246094,140.43478393554688,344.4802551269531,12.587800979614258,98.9291763305664
2021-11-09,1519.1478271484375,48.50408935546875,139.2827911376953,343.68206787109375,12.948506355285645,98.68006134033203
2021-11-10,1531.3448486328125,48.28361511230469,139.85459899902344,347.02459716796875,13.403487205505371,97.78506469726562
2021-11-11,1513.04931640625,48.331546783447266,140.79635620117188,344.421142578125,13.448575973510742,98.1080093383789
2021-11-12,1527.6856689453125,48.331546783447266,138.34100341796875,340.18011474609375,13.214937210083008,98.79077911376953
2021-11-15,1524.6363525390625,48.983375549316406,,340.8287353515625,13.32150936126709,98.73543548583984
2021-11-16,1535.30908203125,49.21343231201172,135.9276885986328,343.8224182128906,13.055079460144043,98.93841552734375
2021-11-17,1505.42578125,50.095333099365234,132.01760864257812,341.2778015136719,13.153451919555664,98.66161346435547
2021-11-18,1454.1981201171875,50.0761604309082,131.40377807617188,335.739501953125,12.956703186035156,98.68928527832031
2021-11-19,1470.0543212890625,48.97378921508789,130.58811950683594,325.86041259765625,13.009989738464355,98.33866882324219
2021-11-22,1456.6376953125,48.90669631958008,131.40377807617188,333.6938171386719,13.173946380615234,97.74815368652344
2021-11-23,,48.64787673950195,132.66510009765625,338.683349609375,13.149353981018066,97.72047424316406
2021-11-24,1457.5523681640625,46.49107360839844,133.28733825683594,343.77252197265625,12.944406509399414,97.75738525390625
2021-11-25,1468.8345947265625,46.25142288208008,132.9341583251953,344.02197265625,12.858330726623535,
2021-11-26,1458.4674072265625,44.995689392089844,130.13404846191406,316.97918701171875,12.686175346374512,95.37689208984375
2021-11-29,1410.5936279296875,45.50373458862305,130.1676788330078,327.008056640625,12.436141014099121,96.23497772216797
2021-11-30,1388.6390380859375,45.034027099609375,128.19161987304688,324.76275634765625,11.985258102416992,94.92476654052734
2021-12-01,1400.836181640625,44.447933197021484,126.74530792236328,332.1969909667969,12.132820129394531,93.87293243408203
2021-12-02,1420.04638671875,45.841129302978516,127.17415618896484,335.8892822265625,12.005754470825195,95.22926330566406
2021-12-03,1441.0865478515625,45.97564697265625,127.30030059814453,340.1301574707031,12.001655578613281,94.41728973388672
2021-12-06,1460.296875,46.92687225341797,126.19874572753906,345.768310546875,12.468932151794434,95.36766052246094
2021-12-07,1482.8614501953125,47.685916900634766,126.19033813476562,350.1590270996094,12.407447814941406,97.4344482421875
2021-12-08,1534.089111328125,49.48268127441406,125.98853302001953,347.963623046875,12.243491172790527,97.71125030517578
2021-12-09,1527.3807373046875,50.39545822143555,125.18128967285156,342.82452392578125,12.41564655303955,96.93620300292969
2021-12-10,1515.7935791015625,48.04142379760742,124.73562622070312,341.87652587890625,12.772252082824707,97.46212005615234
2021-12-13,1506.0362548828125,47.60905456542969,123.2220458984375,334.2925720214844,13.087870597839355,96.49042510986328
2021-12-14,1513.658935546875,46.408023834228516,128.65411376953125,336.93701171875,13.169849395751953,95.96869659423828
2021-12-15,1520.367431640625,46.129371643066406,129.36045837402344,330.20123291015625,12.46483325958252,97.16120910644531
2021-12-16,1536.8336181640625,45.5624885559082,129.30157470703125,338.2342834472656,12.501723289489746,96.69538116455078
2021-12-17,1553.604736328125,45.97564697265625,133.80868530273438,333.045166015625,12.780449867248535,95.74510192871094
2021-12-20,1488.9599609375,46.388797760009766,133.2200469970703,322.6173095703125,12.80914306640625,94.84142303466797
2021-12-21,1501.766845703125,48.94459915161133,131.87464904785156,331.0494079589844,12.919815063476562,96.38794708251953
2021-12-22,1497.802734375,49.559539794921875,130.88243103027344,333.99322509765625,12.805044174194336,97.29164123535156
2021-12-23,1502.681640625,50.61644744873047,131.2692413330078,337.2362976074219,12.882923126220703,97.91583251953125
2021-12-24,1509.9998779296875,50.39545822143555,133.3882598876953,337.1366271972656,12.825538635253906,
2021-12-27,1524.9415283203125,,134.161865234375,,12.907517433166504,98.98723602294922
2021-12-28,1548.4207763671875,,133.57325744628906,,13.046880722045898,98.88475036621094
2021-12-29,1548.7257080078125,50.92390823364258,133.9768524169922,335.2904968261719,13.079671859741211,98.89405822753906
2021-12-30,1541.71240234375,51.38510513305664,133.6405029296875,332.2967834472656,13.128859519958496,98.7738037109375
2021-12-31,,50.92390823364258,133.9684600830078,329.8020324707031,13.20263957977295,98.61531829833984
2022-01-03,,,133.7918701171875,,13.214937210083008,99.13739776611328
2022-01-04,1582.57275390625,50.05916213989258,135.7090606689453,350.2587890625,13.45677375793457,99.0534896850586
2022-01-05,1599.0386962890625,48.77165603637695,136.3986053466797,354.05078125,14.141294479370117,97.44065856933594
2022-01-06,1569.4608154296875,48.64674758911133,136.0538330078125,354.3999938964844,15.030760765075684,97.23556518554688
2022-01-07,1560.31298828125,48.23360061645508,136.49107360839844,361.78436279296875,15.04715633392334,97.21691131591797
2022-01-10,,48.81009292602539,137.65988159179688,362.2834167480469,14.485603332519531,96.93724060058594
2022-01-11,1530.43017578125,48.685184478759766,139.13143920898438,368.8195495605469,14.637264251708984,98.09325408935547
2022-01-12,1551.4700927734375,49.549930572509766,140.12367248535156,380.64453125,14.637264251708984,98.68988800048828
2022-01-13,1500.54736328125,49.492271423339844,140.76272583007812,383.0892333984375,14.485603332519531,97.36608123779297
2022-01-14,1573.7298583984375,49.36736297607422,141.59518432617188,387.8792419433594,14.481504440307617,97.39405059814453
2022-01-17,1583.487548828125,49.742095947265625,144.30282592773438,392.91851806640625,14.641363143920898,
2022-01-18,1582.57275390625,49.444236755371094,142.46969604492188,394.914306640625,14.448712348937988,95.7066421508789
2022-01-19,1553.604736328125,48.502620697021484,139.87139892578125,393.2677001953125,14.32164478302002,95.1286392211914
2022-01-20,1596.59912109375,48.16633987426758,140.930908203125,388.3282470703125,14.34623908996582,94.38282012939453
2022-01-21,1597.81884765625,46.667442321777344,140.98977661132812,381.44281005859375,14.395426750183105,92.7793197631836
2022-01-24,1604.2225341796875,47.801212310791016,139.39210510253906,363.3311462402344,14.260162353515625,92.63015747070312
2022-01-25,1610.9307861328125,47.95494842529297,139.0894012451172,378.8482971191406,14.32984447479248,91.69789123535156
2022-01-26,1626.1773681640625,47.03255844116211,138.53440856933594,393.2677001953125,14.34623908996582,91.2410888671875
2022-01-27,1620.99365234375,46.9941291809082,135.46524047851562,391.6711120605469,14.6126708984375,90.77494049072266
2022-01-28,1655.7552490234375,47.7916145324707,131.76535034179688,384.6360168457031,14.649560928344727,92.22927856445312
2022-01-31,1705.4583740234375,49.26169204711914,130.5040283203125,381.9916076660156,13.87076473236084,94.13111877441406
2022-02-01,1780.16552734375,51.03921127319336,129.99111938476562,392.469482421875,14.100305557250977,94.8582763671875
2022-02-02,1777.7261962890625,51.41393280029297,133.36302185058594,388.72735595703125,13.936347961425781,95.46424865722656
2022-02-03,1809.74365234375,50.85665512084961,127.91414642333984,391.5714111328125,13.866665840148926,93.63700103759766
2022-02-04,1764.309326171875,51.28902053833008,129.82290649414062,405.0428771972656,13.747797012329102,94.05652618408203
2022-02-07,1766.7486572265625,51.8078727722168,,407.7870178222656,13.866665840148926,93.87007141113281
2022-02-08,1753.3319091796875,52.134552001953125,132.24465942382812,398.1574401855469,13.956842422485352,94.59725189208984
2022-02-09,1728.9378662109375,52.941654205322266,132.13534545898438,409.43353271484375,13.993732452392578,96.08888244628906
2022-02-10,1735.3411865234375,51.788665771484375,132.81643676757812,409.8326110839844,14.059314727783203,94.69979858398438
2022-02-11,,51.548458099365234,133.83389282226562,416.3190002441406,14.051116943359375,92.90052795410156
2022-02-14,1739.3052978515625,50.58763122558594,130.03314208984375,399.803955078125,14.104402542114258,92.55558013916016
2022-02-15,1778.3360595703125,50.20329666137695,132.01760864257812,396.5108642578125,14.178184509277344,94.17771911621094
2022-02-16,1781.9951171875,49.48268127441406,134.09457397460938,402.8973083496094,14.088006973266602,94.39214324951172
2022-02-17,1740.8299560546875,48.81009292602539,132.66510009765625,397.10064697265625,14.76842975616455,92.56489562988281
2022-02-18,1737.475830078125,47.714744567871094,131.82421875,390.6136779785156,14.903692245483398,91.8750228881836
2022-02-21,1746.013671875,,134.02731323242188,387.6197509765625,14.624966621398926,
2022-02-22,1725.5836181640625,47.272769927978516,133.61526489257812,385.7235412597656,14.723340034484863,90.81224822998047
2022-02-23,,47.34001922607422,131.47946166992188,382.1307678222656,14.81761646270752,89.52570343017578
2022-02-24,1731.68212890625,47.53218460083008,131.02540588378906,364.6159973144531,14.461009979248047,89.89861297607422
2022-02-25,1693.8294677734375,49.20402908325195,137.20582580566406,377.7397155761719,14.706945419311523,91.89366912841797
2022-02-28,1720.603271484375,47.801212310791016,138.76986694335938,362.81964111328125,14.674153327941895,91.25039672851562
2022-03-01,1707.6778564453125,47.21511459350586,133.19483947753906,356.38262939453125,14.452811241149902,89.70283508300781
2022-03-02,1686.1358642578125,47.44571304321289,137.281494140625,373.6478271484375,14.465109825134277,90.98936462402344
2022-03-03,1702.4464111328125,46.379188537597656,134.73365783691406,357.7299499511719,14.538888931274414,90.06642150878906
2022-03-04,1683.673828125,46.61940383911133,135.37271118164062,347.45050048828125,14.284754753112793,88.73328399658203
2022-03-07,1694.1370849609375,44.70735549926758,134.40570068359375,360.7738037109375,13.924051284790039,85.97376251220703
2022-03-08,1679.0576171875,44.55362319946289,135.83518981933594,379.2366027832031,14.034721374511719,85.87122344970703
2022-03-09,1671.9793701171875,46.840389251708984,136.23040771484375,370.8035583496094,14.403624534606934,88.47223663330078
2022-03-10,1667.6712646484375,47.253543853759766,134.70840454101562,362.7697448730469,14.551186561584473,87.7730484008789
2022-03-11,1652.8994140625,46.92687225341797,138.6437225341797,359.6759948730469,14.694646835327148,86.56110382080078
2022-03-14,1615.046630859375,47.29198455810547,138.5596160888672,355.78375244140625,14.952879905700684,86.00172424316406
2022-03-15,1659.6695556640625,46.03329086303711,138.56802368164062,360.27471923828125,15.026660919189453,87.34418487548828
2022-03-16,1702.7540283203125,48.829307556152344,137.97943115234375,359.92547607421875,14.834012031555176,90.29947662353516
2022-03-17,1709.8323974609375,50.61644744873047,139.2996063232422,367.3106384277344,14.81761646270752,91.2224349975586
2022-03-18,1699.3687744140625,51.0103874206543,139.9134521484375,359.6759948730469,14.94058609008789,92.22927856445312
2022-03-21,,50.61644744873047,,374.2466735839844,15.05125617980957,91.90298461914062
2022-03-22,1722.44970703125,50.72214889526367,139.980712890625,370.5541076660156,15.207014083862305,93.01238250732422
2022-03-23,1723.3729248046875,50.42366409301758,138.4923553466797,387.12066650390625,15.39146614074707,91.96824645996094
2022-03-24,1703.0616455078125,51.415374755859375,137.07127380371094,388.41815185546875,15.399662971496582,93.0310287475586
2022-03-25,1678.1343994140625,52.28193283081055,135.8604278564453,390.9131164550781,15.575919151306152,93.20816802978516
2022-03-28,1699.3687744140625,53.350677490234375,137.1721954345703,380.13482666015625,15.621004104614258,93.57174682617188
2022-03-29,1768.9193115234375,53.0907096862793,140.8636474609375,370.60394287109375,15.784961700439453,95.07269287109375
2022-03-30,1777.8436279296875,53.2447624206543,138.8455352783203,381.9810485839844,16.014503479003906,94.54131317138672
2022-03-31,1788.922607421875,54.22685623168945,139.04734802246094,374.595947265625,16.10468101501465,93.02172088623047
2022-04-01,1781.8446044921875,53.4951057434082,138.5092010498047,378.1887512207031,15.862842559814453,93.62770080566406
2022-04-04,1782.7679443359375,54.361656188964844,137.584228515625,376.8414306640625,15.821852684020996,94.531982421875
2022-04-05,1775.689697265625,54.67938995361328,135.7174530029297,382.1307678222656,15.547226905822754,93.18019104003906
2022-04-06,1766.764892578125,54.59273910522461,135.2297821044922,380.0849609375,15.899733543395996,92.10809326171875
2022-04-07,1787.076171875,55.2763557434082,133.70777893066406,376.6418151855469,16.21125030517578,92.30387115478516
2022-04-08,1726.4503173828125,55.285972595214844,132.87530517578125,390.7135009765625,16.535064697265625,92.21996307373047
2022-04-11,1723.3729248046875,55.208946228027344,132.8080596923828,385.87322998046875,16.731815338134766,90.90545654296875
2022-04-12,1740.298828125,54.563838958740234,131.52149963378906,395.1545715332031,16.461286544799805,90.40204620361328
2022-04-13,1737.221435546875,54.631256103515625,131.52149963378906,396.5517272949219,16.51047134399414,91.49279022216797
2022-04-14,1756.3017578125,54.32313919067383,,398.64752197265625,16.551462173461914,90.53256225585938
2022-04-15,1715.063720703125,,,,,
2022-04-18,1707.9857177734375,54.47719192504883,132.49691772460938,,,90.38338470458984
2022-04-19,1708.908935546875,56.017730712890625,133.78346252441406,400.24432373046875,16.8875732421875,91.34363555908203
2022-04-20,1787.99951171875,55.5748291015625,131.9335174560547,400.3441467285156,16.699024200439453,91.42753601074219
2022-04-21,1784.6142578125,55.18968963623047,131.74851989746094,402.3401184082031,16.207151412963867,90.01049041748047
2022-04-22,1754.455078125,54.57347106933594,130.361083984375,392.36016845703125,16.10057830810547,87.98747253417969
2022-04-25,1732.2977294921875,54.85270309448242,129.4445343017578,368.1090393066406,16.23174476623535,88.12731170654297
2022-04-26,1746.14599609375,54.024662017822266,128.60366821289062,378.6877136230469,16.43669319152832,85.69407653808594
2022-04-27,1707.0623779296875,54.50608444213867,128.47752380371094,377.6397705078125,16.252241134643555,86.02037048339844
2022-04-28,1759.686767578125,56.21992492675781,129.50340270996094,387.2703857421875,16.313724517822266,87.81964874267578
2022-04-29,,55.06452178955078,129.02410888671875,390.76336669921875,16.52686882019043,85.51695251464844
2022-05-02,1787.384033203125,55.9503288269043,127.08168029785156,,16.71541976928711,85.796630859375
2022-05-03,,55.79627227783203,124.1276626586914,413.41778564453125,17.084321975708008,86.31869506835938
2022-05-04,,55.35337448120117,124.6302261352539,415.0644836425781,16.7810001373291,88.3510513305664
2022-05-05,,53.20624923706055,122.2537841796875,418.0585021972656,16.85478401184082,85.33981323242188
2022-05-06,1844.3165283203125,53.158103942871094,117.58612060546875,425.7928771972656,16.879377365112305,84.491455078125
2022-05-09,1773.227783203125,52.87888717651367,120.22657012939453,403.98675537109375,16.8875732421875,81.81584167480469
2022-05-10,1755.6861572265625,52.87888717651367,120.68653869628906,404.13653564453125,16.944957733154297,82.10485076904297
2022-05-11,1734.4517822265625,52.87888717651367,121.64904022216797,419.0564270019531,16.789199829101562,81.079345703125
2022-05-12,1723.3729248046875,55.60370635986328,125.20939636230469,399.3875427246094,16.879377365112305,80.96748352050781
2022-05-13,1749.5313720703125,56.26805877685547,126.49556732177734,413.90985107421875,17.240083694458008,83.10237884521484
2022-05-16,1735.0672607421875,56.768741607666016,130.34552001953125,417.5528259277344,17.35485076904297,82.83202362060547
2022-05-17,1709.2166748046875,55.74814224243164,130.54995727539062,420.4473571777344,17.240083694458008,84.51010131835938
2022-05-18,1699.6767578125,52.6285514831543,126.35929870605469,421.545166015625,16.477680206298828,81.68533325195312
2022-05-19,1631.6649169921875,53.46622085571289,126.58074188232422,411.9136657714844,15.953019142150879,81.75991821289062
2022-05-20,1631.6649169921875,53.54323959350586,125.78860473632812,416.4050598144531,15.661994934082031,81.99298095703125
2022-05-23,1617.2008056640625,,125.31161499023438,427.98297119140625,15.871041297912598,83.31680297851562
2022-05-24,1593.196533203125,53.20624923706055,125.38827514648438,422.7928771972656,15.698884010314941,82.62690734863281
2022-05-25,1607.3529052734375,53.5625,125.49901580810547,427.03472900390625,15.70708179473877,83.19560241699219
2022-05-26,1615.662109375,54.16908264160156,126.41890716552734,434.420654296875,15.805459022521973,84.5660400390625
2022-05-27,1619.3551025390625,54.91046905517578,126.27410888671875,429.82940673828125,15.661994934082031,86.29071807861328
2022-05-30,1665.2091064453125,55.91182327270508,127.58582305908203,432.67401123046875,15.61690616607666,
2022-05-31,1664.901611328125,55.3341178894043,125.5756607055664,433.42254638671875,15.600512504577637,85.8991928100586
2022-06-01,1687.366943359375,55.29560089111328,124.3917236328125,430.4781799316406,15.817753791809082,85.26524353027344
2022-06-02,1662.1317138671875,55.84442138671875,127.05773162841797,,16.08008575439453,86.9806137084961
2022-06-03,1677.2113037109375,55.555572509765625,125.99302673339844,,16.14976692199707,85.53559875488281
2022-06-06,1672.5948486328125,55.19932174682617,123.13963317871094,439.61077880859375,16.084184646606445,85.84324645996094
2022-06-07,1689.5211181640625,55.3341178894043,122.44969177246094,445.6492004394531,16.122079849243164,86.49583435058594
2022-06-08,1718.7567138671875,55.02600860595703,121.95565795898438,450.5399169921875,15.915763854980469,85.68476104736328
2022-06-09,1706.1392822265625,54.544593811035156,122.30489349365234,447.44580078125,15.701026916503906,83.68714904785156
2022-06-10,1706.447021484375,52.66706466674805,120.47359466552734,436.6165466308594,15.444185256958008,81.5135726928711
2022-06-13,1660.5928955078125,51.69459533691406,122.41561889648438,425.4877014160156,15.562079429626465,78.49314880371094
2022-06-14,1626.4329833984375,52.330074310302734,120.69505310058594,434.1212158203125,15.802079200744629,78.25791931152344
2022-06-15,1602.1214599609375,52.04122543334961,120.93354034423828,426.5855712890625,15.75576400756836,79.45291900634766
2022-06-16,1587.965087890625,50.72214889526367,119.23001098632812,403.6294250488281,15.696815490722656,77.12879943847656
2022-06-17,1595.3507080078125,51.068763732910156,119.22151184082031,378.72698974609375,15.397870063781738,77.09117126464844
2022-06-20,1579.656005859375,51.52129364013672,116.88765716552734,390.7540588378906,15.684186935424805,
2022-06-21,1584.887451171875,51.51165771484375,118.3186264038086,394.5966796875,15.402081489562988,78.81307983398438
2022-06-22,1604.89111328125,51.299835205078125,115.97628021240234,382.56964111328125,14.29892349243164,78.36141967773438
2022-06-23,1626.12548828125,51.376861572265625,114.92860412597656,374.9342041015625,13.89471435546875,78.81307983398438
2022-06-24,1638.435302734375,53.11958694458008,115.7037124633789,385.7635803222656,14.378924369812012,81.21247863769531
2022-06-27,1650.7452392578125,53.28327560424805,117.65426635742188,390.8538513183594,14.391555786132812,80.97724151611328
2022-06-28,1654.745849609375,51.396121978759766,115.99331665039062,396.2934265136719,14.530502319335938,79.7822494506836
2022-06-29,1641.205078125,50.68362045288086,115.55891418457031,396.94219970703125,14.39576530456543,79.5658187866211
2022-06-30,1620.8939208984375,48.34392547607422,115.63556671142578,387.5601501464844,14.218924522399902,78.9354019165039
2022-07-01,1616.277587890625,,118.25048828125,383.767333984375,14.265241622924805,79.49055480957031
2022-07-04,1664.5936279296875,49.81708526611328,121.04428100585938,400.68505859375,14.442081451416016,
2022-07-05,1635.35791015625,49.24900436401367,112.56069946289062,372.5886535644531,13.970503807067871,79.08596801757812
2022-07-06,1623.663330078125,49.114200592041016,108.21670532226562,367.9475402832031,14.13050365447998,79.19886779785156
2022-07-07,1649.5140380859375,51.3335075378418,105.32070922851562,384.5158996582031,14.109450340270996,80.45972442626953
2022-07-08,1638.7430419921875,50.99578857421875,105.49958038330078,385.8134460449219,14.458924293518066,80.40327453613281
2022-07-11,1687.05908203125,49.760704040527344,105.61029815673828,383.8671875,14.282081604003906,79.26472473144531
2022-07-12,1686.4434814453125,50.16596221923828,106.4024429321289,376.3315124511719,14.307345390319824,78.77544403076172
2022-07-13,1707.9857177734375,51.02473449707031,106.38541412353516,376.48126220703125,14.071556091308594,78.45552062988281
2022-07-14,1679.98095703125,50.89929962158203,105.80620574951172,363.25653076171875,13.802082061767578,77.919189453125
2022-07-15,1675.36474609375,50.59052658081055,106.2746810913086,372.38909912109375,13.818924903869629,79.24591064453125
2022-07-18,,49.63526153564453,103.92381286621094,381.6214904785156,14.176817893981934,79.02949523925781
2022-07-19,1649.82177734375,50.436126708984375,105.57623291015625,384.86529541015625,14.307345390319824,81.03370666503906
2022-07-20,1652.5916748046875,50.76421356201172,104.6733627319336,387.75970458984375,14.404186248779297,81.2877426147461
2022-07-21,1645.8211669921875,50.80280685424805,104.145263671875,383.16845703125,14.324187278747559,82.11577606201172
2022-07-22,1648.5909423828125,51.82562255859375,103.5745849609375,382.56964111328125,14.197872161865234,81.41948699951172
2022-07-25,1648.5909423828125,53.00281524658203,103.14017486572266,385.96319580078125,14.290502548217773,81.67353057861328
2022-07-26,1632.588134765625,52.49140548706055,104.24747467041016,387.8096618652344,14.1936616897583,80.685546875
2022-07-27,1640.28173828125,53.09930419921875,105.83175659179688,392.40093994140625,14.4757661819458,82.6615219116211
2022-07-28,1657.5155029296875,54.70106506347656,108.02080535888672,388.65802001953125,14.122082710266113,83.451904296875
2022-07-29,1670.7484130859375,55.20281982421875,108.19966888427734,399.23779296875,14.012608528137207,84.51516723632812
2022-08-01,1671.3642578125,,106.19801330566406,391.6024169921875,13.65892505645752,84.24229431152344
2022-08-02,1639.3583984375,55.45370101928711,105.66140747070312,402.58148193359375,13.861029624938965,83.5836410522461
2022-08-03,1636.8966064453125,55.5308952331543,104.0004653930664,409.91741943359375,13.865240097045898,84.65631103515625
2022-08-04,1629.202880859375,56.42826843261719,105.06517028808594,407.2226867675781,13.667346000671387,84.78804779052734
2022-08-05,1656.59228515625,55.289669036865234,104.69892120361328,410.3665466308594,13.8778715133667,84.52458953857422
2022-08-08,1673.210693359375,55.11597442626953,104.69892120361328,415.50677490234375,13.941030502319336,84.56221771240234
2022-08-09,1641.8206787109375,53.77474594116211,104.451904296875,421.7449035644531,14.012608528137207,84.1576156616211
2022-08-10,1646.744384765625,55.135284423828125,105.72103881835938,420.4473571777344,14.235766410827637,85.91716766357422
2022-08-11,,56.3607177734375,108.83849334716797,426.7877197265625,14.41260814666748,85.99244689941406
2022-08-12,1677.2113037109375,57.402835845947266,111.52153778076172,429.7823486328125,14.315766334533691,87.17803192138672
2022-08-15,1711.0633544921875,57.402835845947266,110.35462951660156,424.74139404296875,14.454713821411133,87.15921020507812
2022-08-16,1703.0616455078125,58.001075744628906,112.04963684082031,425.73956298828125,14.564187049865723,87.22506713867188
2022-08-17,1742.1455078125,57.508975982666016,112.18594360351562,430.1316833496094,14.564187049865723,86.59465026855469
2022-08-18,1720.9110107421875,57.624759674072266,114.08537292480469,441.2119445800781,14.631555557250977,86.5664291381836
2022-08-19,1733.2208251953125,56.98792266845703,112.62883758544922,447.0015563964844,14.656819343566895,85.4090576171875
2022-08-22,1767.9959716796875,57.31599044799805,113.2591552734375,448.1994934082031,14.526291847229004,83.80006408691406
2022-08-23,1751.070068359375,57.026512145996094,112.21148681640625,458.5808410644531,14.383133888244629,83.79065704345703
2022-08-24,1762.7645263671875,55.98440170288086,111.06159210205078,452.1424255371094,14.277871131896973,84.00706481933594
2022-08-25,1764.6107177734375,56.26423645019531,111.43637084960938,458.6308288574219,14.362082481384277,85.24909973144531
2022-08-26,1755.6861572265625,54.97124099731445,109.93727111816406,456.9837646484375,14.231554985046387,82.70857238769531
2022-08-29,1729.8355712890625,54.84580612182617,109.71581268310547,,14.24418830871582,82.2004623413086
2022-08-30,1739.30517578125,54.58527755737305,110.21833801269531,448.4489440917969,13.861029624938965,81.35362243652344
2022-08-31,1717.8824462890625,54.45983123779297,107.55232238769531,440.71282958984375,14.012608528137207,80.8266830444336
2022-09-01,1684.66064453125,56.708091735839844,110.473876953125,440.41339111328125,13.924187660217285,80.62908935546875
2022-09-02,1723.470947265625,57.37388610839844,110.48240661621094,452.8910827636719,13.941030502319336,79.93280029296875
2022-09-05,1724.4022216796875,,110.94234466552734,462.5238342285156,13.776820182800293,
2022-09-06,1726.26513671875,56.727394104003906,109.91171264648438,451.89288330078125,13.806293487548828,79.49055480957031
2022-09-07,1757.6236572265625,56.9400634765625,112.27962493896484,440.4632568359375,13.591556549072266,80.67613983154297
2022-09-08,1828.412841796875,56.56304168701172,112.5777359008789,442.26007080078125,13.675766944885254,81.05252075195312
2022-09-09,1822.5135498046875,57.44275665283203,112.18594360351562,449.9962463378906,13.90734577178955,82.54861450195312
2022-09-12,1870.01708984375,58.18714904785156,115.4737319946289,457.03369140625,14.210503578186035,83.5648193359375
2022-09-13,1857.5980224609375,57.01740264892578,113.19951629638672,460.7270812988281,14.24418830871582,80.26213073730469
2022-09-14,1842.6949462890625,57.09474182128906,113.91500854492188,461.4757080078125,14.02524185180664,80.5820541381836
2022-09-15,1839.5902099609375,56.717716217041016,112.33924865722656,455.7359924316406,13.726292610168457,79.7446060180664
2022-09-16,1847.6624755859375,57.11408233642578,,451.2439880371094,13.814715385437012,79.02949523925781
2022-09-19,,56.70805358886719,109.88615417480469,,13.73471450805664,79.54701232910156
2022-09-20,1859.771240234375,55.67366027832031,108.92366027832031,451.69317626953125,13.43997859954834,78.56843566894531
2022-09-21,1837.106201171875,54.41692352294922,108.0718994140625,454.73779296875,13.124188423156738,77.27934265136719
2022-09-22,1836.1748046875,52.97649383544922,107.92709350585938,457.4329528808594,13.119977951049805,76.70537567138672
2022-09-23,,52.71548080444336,105.75511169433594,432.32781982421875,12.471558570861816,75.09637451171875
2022-09-26,1817.8565673828125,52.995819091796875,104.13675689697266,429.3341979980469,12.315770149230957,74.20247650146484
2022-09-27,1831.828125,53.82721710205078,105.69547271728516,430.33135986328125,12.48840045928955,73.95783996582031
2022-09-28,1798.6068115234375,54.17523956298828,106.61538696289062,435.1228332519531,12.496822357177734,75.47274780273438
2022-09-29,1823.445068359375,54.658599853515625,105.38885498046875,431.2796936035156,11.80208683013916,74.05191802978516
2022-09-30,1802.64306640625,53.75954055786133,107.59491729736328,432.32781982421875,11.97050666809082,73.23331451416016
2022-10-03,1725.95458984375,54.75526809692383,109.36658477783203,441.91070556640625,12.12629508972168,74.97405242919922
2022-10-04,1805.7476806640625,55.867008209228516,111.2490005493164,453.68963623046875,12.24419116973877,77.53340148925781
2022-10-05,1790.223876953125,55.402976989746094,108.97476959228516,459.3794250488281,11.831560134887695,77.18524932861328
2022-10-06,1765.074951171875,55.19028854370117,111.4193344116211,459.5292663574219,11.894718170166016,76.29135131835938
2022-10-07,1703.289794921875,53.923885345458984,108.68517303466797,468.2635803222656,12.12629508972168,74.35301971435547
2022-10-10,,,106.7772216796875,461.6254577636719,12.23997974395752,73.7602310180664
2022-10-11,1630.016357421875,54.3975830078125,108.17411041259766,451.79302978515625,12.450506210327148,73.13922119140625
2022-10-12,1689.9390869140625,55.15162658691406,107.21161651611328,448.5488586425781,12.181032180786133,72.94161224365234
2022-10-13,1707.325927734375,56.1376838684082,107.53528594970703,457.4329528808594,12.36629581451416,74.5882568359375
2022-10-14,1742.7205810546875,55.73166275024414,107.10940551757812,454.2386474609375,12.496822357177734,73.00748443603516
2022-10-17,1728.7491455078125,56.041011810302734,107.43307495117188,448.64862060546875,12.732610702514648,74.89877319335938
2022-10-18,1725.95458984375,55.89600372314453,108.9066390991211,444.4561767578125,12.770505905151367,75.60447692871094
2022-10-19,1761.038818359375,55.17095947265625,111.0445556640625,454.438232421875,12.846295356750488,74.8329086303711
2022-10-20,1767.5589599609375,55.209625244140625,110.21833801269531,460.1282043457031,12.783136367797852,74.47534942626953
2022-10-21,1741.1680908203125,56.25369644165039,112.47553253173828,463.62188720703125,12.80840015411377,76.05612182617188
2022-10-24,1735.889892578125,57.152748107910156,116.29142761230469,469.1619567871094,12.964189529418945,76.2819595336914
2022-10-25,1731.5433349609375,57.597442626953125,117.96939849853516,464.7698669433594,13.086295127868652,77.62750244140625
2022-10-26,1736.200439453125,58.013126373291016,118.9744873046875,465.16912841796875,12.959980010986328,77.63691711425781
2022-10-27,1702.3580322265625,58.457828521728516,117.02394104003906,481.04083251953125,13.334714889526367,77.16644287109375
2022-10-28,1710.7410888671875,59.405208587646484,119.2726058959961,472.1067810058594,13.574715614318848,78.39906311035156
2022-10-31,1724.4022216796875,58.97019577026367,121.0698471069336,478.944580078125,13.713662147521973,77.88154602050781
2022-11-01,1736.200439453125,59.7822380065918,124.14469909667969,485.582763671875,13.633662223815918,77.95681762695312
2022-11-02,1719.4345703125,59.36654281616211,,483.48638916015625,13.772608757019043,76.35722351074219
2022-11-03,,59.878902435302734,122.90113067626953,492.6201171875,13.717873573303223,75.68916320800781
2022-11-04,1699.5638427734375,59.59855651855469,123.02035522460938,499.0585632324219,13.827345848083496,77.46753692626953
2022-11-07,1728.1279296875,60.12059020996094,123.51438903808594,500.9052734375,13.949451446533203,77.95681762695312
2022-11-08,1739.30517578125,60.05291748046875,125.8056411743164,484.8340148925781,13.705240249633789,78.5025634765625
2022-11-09,1731.5433349609375,59.27953338623047,124.74093627929688,481.2404479980469,13.90734577178955,77.05352020263672
2022-11-10,1755.7606201171875,60.72962951660156,125.60973358154297,469.9588317871094,13.781030654907227,81.18424224853516
2022-11-11,1760.1072998046875,60.806968688964844,128.1053924560547,477.5959777832031,13.570504188537598,82.4168701171875
2022-11-14,1684.0399169921875,60.2269287109375,126.14634704589844,479.69244384765625,13.83155632019043,81.67353057861328
2022-11-15,1719.1239013671875,60.01424789428711,128.44613647460938,476.2481994628906,13.890503883361816,82.46392822265625
2022-11-16,1717.8824462890625,60.53628158569336,128.0287628173828,480.541015625,13.650503158569336,81.84291076660156
2022-11-17,1730.9222412109375,59.99491882324219,130.9588165283203,477.8455505371094,13.583134651184082,81.64530944824219
2022-11-18,1744.893798828125,59.66623306274414,131.8105926513672,475.2498779296875,13.684188842773438,81.80525970458984
2022-11-21,1731.8538818359375,59.82090759277344,,457.3800048828125,13.701030731201172,81.35362243652344
2022-11-22,1767.24853515625,59.414878845214844,130.6947784423828,487.1798095703125,13.747346878051758,82.36983489990234
2022-11-23,,58.10013198852539,131.9383544921875,482.2881164550781,13.814715385437012,83.0096664428711
2022-11-24,1777.8046875,58.148475646972656,132.01504516601562,482.7372741699219,13.953661918640137,
2022-11-25,1771.284423828125,58.85418701171875,131.46136474609375,487.5292663574219,13.932608604431152,83.07554626464844
2022-11-28,1770.3531494140625,59.93691635131836,130.59255981445312,482.7372741699219,13.915766716003418,81.87113189697266
2022-11-29,1759.4864501953125,59.21187973022461,128.39501953125,491.2229919433594,13.903135299682617,82.0405044555664
2022-11-30,1732.1641845703125,59.376583099365234,131.15472412109375,496.6638488769531,13.83155632019043,84.37403869628906
2022-12-01,1723.470947265625,59.79323196411133,129.919677734375,488.62744140625,14.01681900024414,84.4963607788086
2022-12-02,1684.0399169921875,59.473480224609375,128.7101593017578,480.09173583984375,14.101030349731445,84.42107391357422
2022-12-05,1680.0035400390625,59.58974838256836,128.61647033691406,482.6873779296875,13.995767593383789,82.98143768310547
2022-12-06,1682.798095703125,58.55299377441406,128.34388732910156,473.85223388671875,14.206293106079102,82.09695434570312
2022-12-07,1705.1524658203125,58.99870300292969,129.26380920410156,463.22015380859375,14.029451370239258,81.94640350341797
2022-12-08,1707.636474609375,60.4327278137207,129.2552947998047,463.1702575683594,13.932608604431152,82.57684326171875
2022-12-09,1730.3013916015625,59.861061096191406,131.29954528808594,461.173583984375,13.915766716003418,82.181640625
2022-12-12,1734.9583740234375,60.384281158447266,,461.3233337402344,13.650503158569336,82.91558074951172
2022-12-13,1737.1318359375,61.0819206237793,130.59255981445312,470.2583312988281,13.65892505645752,83.67982482910156
2022-12-14,1751.4140625,60.39398193359375,130.0900115966797,468.7608947753906,13.141031265258789,83.3574447631836
2022-12-15,1766.006591796875,59.30876159667969,128.83792114257812,465.06707763671875,13.317872047424316,81.3093032836914
2022-12-16,1763.212158203125,59.347530364990234,128.1820526123047,454.6346740722656,13.115768432617188,80.52229309082031
2022-12-19,1760.1072998046875,59.405662536621094,128.00318908691406,465.8158264160156,13.246293067932129,80.02922058105469
2022-12-20,1734.0272216796875,59.163414001464844,129.20420837402344,466.664306640625,13.246293067932129,80.2093734741211
2022-12-21,1718.813720703125,59.58007049560547,130.17520141601562,479.19329833984375,13.402083396911621,81.26188659667969
2022-12-22,1747.688232421875,58.32044982910156,129.31492614746094,477.0967712402344,13.393662452697754,80.28523254394531
2022-12-23,1748.9300537109375,57.874732971191406,131.67430114746094,478.0950927734375,13.511556625366211,80.655029296875
2022-12-26,1747.688232421875,,130.37110900878906,,,
2022-12-27,1775.01025390625,,132.15982055664062,,13.393662452697754,80.6265869140625
2022-12-28,1782.1514892578125,57.73908615112305,130.14964294433594,479.5925598144531,13.233662605285645,79.58355712890625
2022-12-29,1757.31298828125,58.717708587646484,131.6061553955078,479.9420166015625,13.326294898986816,80.96794891357422
2022-12-30,1757.31298828125,57.6518669128418,129.766357421875,474.10186767578125,13.17050552368164,80.48435974121094
2023-01-02,,,129.75782775878906,,13.26313591003418,
2023-01-03,,58.271995544433594,128.53981018066406,482.5376281738281,13.368399620056152,80.50332641601562
2023-01-04,1720.055419921875,58.213863372802734,129.076416015625,465.06707763671875,13.532608985900879,81.52739715576172
2023-01-05,1720.3658447265625,58.930877685546875,130.2348175048828,470.9571228027344,13.242084503173828,80.69296264648438
2023-01-06,1724.0916748046875,59.94826126098633,130.7203369140625,476.2481994628906,13.486292839050293,82.56095123291016
2023-01-09,,60.151737213134766,131.3165740966797,478.4944763183594,14.079977035522461,82.74110412597656
2023-01-10,1747.998779296875,60.62651443481445,130.43923950195312,474.30157470703125,14.168399810791016,83.20572662353516
2023-01-11,1784.94580078125,60.18081283569336,135.74574279785156,477.74566650390625,14.13050365447998,84.07807922363281
2023-01-12,1797.9859619140625,60.345523834228516,135.91610717773438,484.1849060058594,14.109450340270996,84.66597747802734
2023-01-13,1906.964111328125,61.023780822753906,135.85646057128906,483.5360107421875,13.949451446533203,85.0452651977539
2023-01-16,1862.8758544921875,61.35322189331055,139.69790649414062,480.1916198730469,14.58945083618164,
2023-01-17,1876.5372314453125,61.110992431640625,137.15968322753906,483.8354797363281,14.724187850952148,84.98837280273438
2023-01-18,1869.085693359375,61.00440979003906,137.25335693359375,485.3828125,14.648396492004395,84.05912780761719
2023-01-19,1851.3880615234375,60.9753303527832,135.23468017578125,473.9021911621094,14.353660583496094,83.72725677490234
2023-01-20,1850.7674560546875,60.238948822021484,135.4390869140625,475.05023193359375,14.606291770935059,85.02630615234375
2023-01-23,1877.468505859375,59.79323196411133,137.33001708984375,479.991943359375,14.602082252502441,85.77538299560547
2023-01-24,1910.3795166015625,60.42304229736328,137.77293395996094,474.45123291015625,14.488397598266602,85.6615982055664
2023-01-25,1902.927734375,60.326148986816406,138.10511779785156,473.9021911621094,14.543134689331055,85.86072540283203
2023-01-26,1896.7183837890625,59.027767181396484,138.79505920410156,483.3861999511719,14.606291770935059,86.59085083007812
2023-01-27,1905.411865234375,57.81659698486328,138.07957458496094,488.47760009765625,14.749449729919434,86.63825988769531
2023-01-30,1907.8953857421875,58.25261688232422,137.55999755859375,491.2229919433594,14.770502090454102,85.59522247314453
2023-01-31,1902.3070068359375,58.87274169921875,140.43045043945312,488.0283508300781,14.711553573608398,86.52447509765625
2023-02-01,1890.8193359375,58.1363410949707,139.20388793945312,491.62237548828125,14.682080268859863,87.40631866455078
2023-02-02,1860.081787109375,57.390262603759766,135.6776123046875,477.99530029296875,14.778923034667969,88.11746978759766
2023-02-03,1847.3521728515625,58.45609664916992,134.77471923828125,485.23309326171875,14.703133583068848,87.10289001464844
2023-02-06,1862.2552490234375,57.80690383911133,,477.5460205078125,14.715766906738281,86.38224029541016
2023-02-07,1848.2835693359375,57.874732971191406,133.77816772460938,515.5320434570312,13.983135223388672,87.30201721191406
2023-02-08,1851.3880615234375,58.96963119506836,132.10870361328125,532.303955078125,13.949451446533203,86.55291748046875
2023-02-09,1836.1748046875,59.676963806152344,130.9928741455078,544.7827758789062,14.033661842346191,86.17363739013672
2023-02-10,1862.2552490234375,60.61683654785156,131.1887969970703,559.0589599609375,13.722082138061523,86.09778594970703
2023-02-13,1876.2266845703125,61.391990661621094,133.58226013183594,556.4631958007812,13.553661346435547,87.00807189941406
2023-02-14,1890.5089111328125,62.002410888671875,134.6299285888672,559.1585083007812,13.827345848083496,87.05546569824219
2023-02-15,1883.3675537109375,62.564395904541016,137.6366729736328,558.75927734375,15.002081871032715,87.11237335205078
2023-02-16,1896.097412109375,62.82600021362305,149.85946655273438,566.7021484375,15.31787109375,86.23054504394531
2023-02-17,1888.645751953125,63.552711486816406,147.99411010742188,559.0145263671875,15.284186363220215,86.01244354248047
2023-02-20,1904.480224609375,,146.67385864257812,557.317138671875,15.334711074829102,
2023-02-21,1884.2991943359375,61.68266677856445,145.02145385742188,549.4296875,15.296817779541016,84.54270935058594
2023-02-22,1865.35986328125,63.552711486816406,145.49844360351562,538.5469360351562,15.111555099487305,84.31513214111328
2023-02-23,,62.331851959228516,146.00950622558594,546.1348876953125,14.968396186828613,84.72288513183594
2023-02-24,1886.47265625,62.29310607910156,144.8085174560547,549.3297729492188,15.37681770324707,83.59449005126953
2023-02-27,1897.297119140625,62.12838363647461,145.31956481933594,557.317138671875,15.448394775390625,84.08757019042969
2023-02-28,1910.788818359375,62.02178955078125,143.5223388671875,549.6293334960938,15.75576400756836,83.65138244628906
2023-03-01,1902.00341796875,61.20787811279297,144.14410400390625,549.4296875,15.221028327941895,83.83155059814453
2023-03-02,1897.9246826171875,61.595458984375,144.24635314941406,560.3124389648438,15.267342567443848,84.28668975830078
2023-03-03,1938.3995361328125,63.271732330322266,144.00787353515625,554.4217529296875,15.25050163269043,85.55730438232422
2023-03-06,1967.2652587890625,63.058555603027344,140.6689453125,558.5153198242188,15.19155502319336,85.50040435791016
2023-03-07,1964.44140625,63.15544891357422,138.70135498046875,557.6165771484375,15.229448318481445,84.15394592285156
2023-03-08,1986.0909423828125,63.08761978149414,139.34019470214844,557.516845703125,15.284186363220215,84.3341064453125
2023-03-09,2067.354248046875,62.583770751953125,139.7660675048828,556.118896484375,15.292607307434082,82.97816467285156
2023-03-10,1945.30224609375,60.94627380371094,139.9619903564453,548.3314208984375,15.511555671691895,81.88771057128906
2023-03-13,1926.4766845703125,60.57807540893555,141.8188018798828,521.6737060546875,15.237869262695312,81.67910766601562
2023-03-14,1862.469970703125,60.9753303527832,141.0011444091797,529.96044921875,15.423131942749023,82.8074722290039
2023-03-15,1854.9395751953125,59.047149658203125,139.72348022460938,486.030029296875,14.896819114685059,81.66014862060547
2023-03-16,1848.350830078125,60.66527557373047,141.66551208496094,481.6868591308594,14.926292419433594,82.98764038085938
2023-03-17,1856.19482421875,59.676963806152344,140.90744018554688,479.19085693359375,14.57260799407959,82.08683776855469
2023-03-20,1810.699951171875,60.7718620300293,,486.2297058105469,14.783134460449219,82.88333892822266
2023-03-21,,60.878440856933594,139.69790649414062,502.60382080078125,14.955765724182129,83.98326110839844
2023-03-22,1811.6412353515625,61.64561462402344,139.77456665039062,503.60223388671875,15.082079887390137,83.08247375488281
2023-03-23,1808.5035400390625,62.1214599609375,139.87680053710938,497.91119384765625,14.90523910522461,83.30055236816406
2023-03-24,1825.1326904296875,62.79151916503906,141.01815795898438,485.5308837890625,14.728397369384766,83.49967193603516
2023-03-27,1835.48681640625,63.48100280761719,143.21571350097656,495.6148376464844,14.867344856262207,83.79361724853516
2023-03-28,1860.58740234375,63.782047271728516,144.552978515625,506.996826171875,15.086292266845703,83.86949157714844
2023-03-29,1866.8626708984375,64.86968994140625,146.2565155029297,509.6925048828125,15.162079811096191,84.89353942871094
2023-03-30,1863.7249755859375,65.62713623046875,146.84422302246094,512.3883056640625,15.37681770324707,85.58573913574219
2023-03-31,1874.7064208984375,65.98643493652344,146.12022399902344,509.9920959472656,15.688394546508789,86.43913269042969
2023-04-03,1886.3155517578125,65.53974914550781,146.5120391845703,531.8574829101562,15.734710693359375,86.94168853759766
2023-04-04,1859.0185546875,64.51038360595703,146.912353515625,526.3661499023438,15.616815567016602,86.63825988769531
2023-04-05,1833.29052734375,64.80170440673828,146.08616638183594,532.8558349609375,15.494710922241211,86.19259643554688
2023-04-06,1842.3895263671875,65.1610107421875,,531.0587768554688,15.625238418579102,86.5339584350586
2023-04-07,1768.3424072265625,,,,,
2023-04-10,1791.246826171875,65.62713623046875,145.0640411376953,,,86.59085083007812
2023-04-11,1802.85595703125,65.96702575683594,145.92434692382812,536.1507568359375,15.907341957092285,86.76152801513672
2023-04-12,1811.6412353515625,65.52030944824219,144.22080993652344,538.7465209960938,15.94944953918457,86.61930084228516
2023-04-13,1812.89599609375,65.76309967041016,144.09304809570312,537.8479614257812,15.696815490722656,87.776123046875
2023-04-14,1843.6444091796875,65.98643493652344,143.34344482421875,540.1444091796875,15.717869758605957,87.52009582519531
2023-04-17,1848.037109375,64.83084106445312,143.496826171875,542.9398803710938,15.873658180236816,87.6812973022461
2023-04-18,1888.82568359375,64.52979278564453,143.15609741210938,543.638916015625,15.915763854980469,87.84249114990234
2023-04-19,1879.4130859375,64.69488525390625,143.93971252441406,534.55322265625,15.873658180236816,87.6623306274414
2023-04-20,1885.37451171875,64.85997009277344,146.90386962890625,529.8606567382812,15.58313274383545,87.3399429321289
2023-04-21,1875.3341064453125,65.74366760253906,145.79656982421875,529.1616821289062,15.47786808013916,87.39683532714844
2023-04-24,1876.275390625,65.50090026855469,146.4353790283203,533.0556030273438,15.524184226989746,87.43475341796875
2023-04-25,1884.1192626953125,64.65603637695312,146.5631561279297,528.4628295898438,15.528396606445312,86.03141784667969
2023-04-26,1877.5302734375,64.73371124267578,146.83570861816406,532.2568359375,15.856817245483398,85.81330871582031
2023-04-27,1884.4332275390625,65.58830261230469,146.5035400390625,522.7718505859375,15.8947114944458,87.28305053710938
2023-04-28,1928.0455322265625,65.66598510742188,148.95660400390625,533.5548095703125,15.882080078125,87.79507446289062
2023-05-01,1971.9718017578125,65.32608032226562,,,,87.6812973022461
2023-05-02,1953.1461181640625,65.29695129394531,150.05538940429688,487.5776062011719,15.633660316467285,86.69515228271484
2023-05-03,,65.38436126708984,148.19854736328125,486.3296203613281,15.25050163269043,86.38224029541016
2023-05-04,,64.61719512939453,149.97735595703125,475.7463073730469,14.762081146240234,86.06932830810547
2023-05-05,,65.26782989501953,151.73492431640625,491.52130126953125,15.002081871032715,87.52957153320312
2023-05-08,1951.2635498046875,65.58830261230469,153.4403076171875,,15.13260555267334,87.56751251220703
2023-05-09,1983.2669677734375,66.02528381347656,154.11026000976562,487.77728271484375,15.288397789001465,87.19770812988281
2023-05-10,1968.2064208984375,65.03477478027344,153.56211853027344,486.3296203613281,15.216816902160645,87.41580200195312
2023-05-11,1967.2652587890625,65.26782989501953,154.07546997070312,476.9964294433594,15.444185256958008,87.19770812988281
2023-05-12,1978.8741455078125,64.75314331054688,154.27557373046875,482.2886657714844,15.410500526428223,86.951171875
2023-05-15,1997.072265625,64.69488525390625,154.27557373046875,480.9905700683594,15.35997486114502,87.54854583740234
2023-05-16,2008.0535888671875,64.10250854492188,154.34519958496094,475.2490234375,15.355765342712402,86.84686279296875
2023-05-17,2008.0535888671875,64.50066375732422,153.53602600097656,477.6454772949219,15.221028327941895,87.6623306274414
2023-05-18,2006.1712646484375,64.15106201171875,155.0847930908203,479.84222412109375,14.821028709411621,88.09851837158203
2023-05-19,2003.347412109375,64.10250854492188,155.0673828125,480.69097900390625,14.981029510498047,88.15541076660156
2023-05-22,2023.7415771484375,,152.8834686279297,480.9405517578125,15.039976119995117,88.28815460205078
2023-05-23,2036.9195556640625,63.58783721923828,151.81324768066406,487.5808410644531,15.061028480529785,87.17874908447266
2023-05-24,2011.191650390625,64.11222839355469,150.9344482421875,485.78350830078125,15.010502815246582,86.37275695800781
2023-05-25,1976.677978515625,64.68517303466797,151.38690185546875,474.2505187988281,14.783134460449219,86.72360229492188
2023-05-26,1935.8896484375,65.44264221191406,151.02146911621094,476.1976013183594,14.821028709411621,87.86146545410156
2023-05-29,1929.6141357421875,64.78227233886719,151.1954803466797,,14.951554298400879,
2023-05-30,1899.1796875,63.51013946533203,150.73434448242188,465.912841796875,14.661028861999512,87.50115203857422
2023-05-31,1833.91796875,63.830589294433594,155.4241180419922,452.6324157714844,14.47155475616455,86.87532043457031
2023-06-01,1866.235107421875,64.70458984375,154.5453338623047,460.8203125,14.429450035095215,87.90886688232422
2023-06-02,1880.981689453125,65.71453857421875,156.34640502929688,473.6513366699219,14.581029891967773,89.21739959716797
2023-06-05,1886.62939453125,65.75337982177734,157.75595092773438,472.25341796875,14.606291770935059,88.9803466796875
2023-06-06,1935.2618408203125,65.32608032226562,156.98158264160156,470.55596923828125,14.588888168334961,89.40704345703125
2023-06-07,1906.396240234375,64.2481689453125,157.4166259765625,473.05224609375,14.423551559448242,88.93096160888672
2023-06-08,1902.9449462890625,63.2964973449707,158.81747436523438,471.9538879394531,14.445305824279785,89.57276153564453
2023-06-09,1922.711669921875,62.713829040527344,161.61045837402344,468.2094421386719,14.314776420593262,89.6972885131836
2023-06-12,1931.496826171875,62.723541259765625,162.27171325683594,461.9186706542969,14.25821304321289,90.3486557006836
2023-06-13,1943.4197998046875,62.966304779052734,163.9770965576172,464.1654052734375,14.136384963989258,91.04792785644531
2023-06-14,1969.4615478515625,63.1605339050293,164.62094116210938,460.4708251953125,14.353935241699219,91.26822662353516
2023-06-15,1932.1243896484375,63.08284378051758,164.0989227294922,459.02301025390625,14.20164966583252,92.30276489257812
2023-06-16,1907.651123046875,62.8594970703125,165.2822265625,458.9230651855469,14.319127082824707,92.03455352783203
2023-06-19,1922.084228515625,63.257652282714844,166.27413940429688,460.72039794921875,14.058067321777344,
2023-06-20,1928.6729736328125,63.41302490234375,165.12562561035156,453.2814636230469,14.17989444732666,91.19160461425781
2023-06-21,1920.2015380859375,62.674991607666016,162.90687561035156,463.3166198730469,14.184245109558105,90.87550354003906
2023-06-22,1878.785400390625,62.869197845458984,163.98580932617188,459.3225402832031,14.145086288452148,90.8946533203125
2023-06-23,1902.9449462890625,61.64561462402344,161.68875122070312,453.9803466796875,14.275617599487305,89.95592498779297
2023-06-26,1909.2200927734375,62.888633728027344,160.86216735839844,458.323974609375,14.454008102416992,89.80265045166016
2023-06-27,1916.1226806640625,63.461570739746094,164.2381134033203,452.0332336425781,14.60194206237793,90.75096893310547
2023-06-28,1948.439697265625,66.0350112915039,163.1940155029297,454.5295715332031,15.04139232635498,90.74140167236328
2023-06-29,1986.404541015625,65.96702575683594,164.47303771972656,454.1301574707031,14.915212631225586,90.8946533203125
2023-06-30,1946.8709716796875,65.96702575683594,164.80368041992188,457.6749572753906,15.10230541229248,91.90044403076172
2023-07-03,1950.635986328125,,168.44065856933594,470.1065979003906,15.137113571166992,92.12075805664062
2023-07-04,1936.203125,65.72425079345703,163.59425354003906,469.55743408203125,14.841246604919434,
2023-07-05,1929.6141357421875,66.0350112915039,165.75209045410156,459.12274169921875,14.680259704589844,91.67054748535156
2023-07-06,1907.965087890625,64.41963958740234,165.49105834960938,449.2873229980469,14.614995002746582,90.54022979736328
2023-07-07,1889.766845703125,63.50493621826172,165.8564910888672,452.88201904296875,14.693312644958496,90.72222137451172
2023-07-10,1884.1192626953125,63.339481353759766,161.96719360351562,453.8805236816406,14.810789108276367,90.9521255493164
2023-07-11,1882.5504150390625,63.64115905761719,162.14990234375,459.5721740722656,14.919565200805664,91.67054748535156
2023-07-12,1937.14453125,63.689815521240234,160.00946044921875,466.0625915527344,15.04139232635498,92.77213287353516
2023-07-13,1934.9483642578125,64.52669525146484,158.417236328125,464.96417236328125,15.037041664123535,93.8258056640625
2023-07-14,1835.48681640625,65.08134460449219,157.77334594726562,455.7777404785156,14.88475513458252,93.56717681884766
2023-07-17,,65.3343734741211,157.83425903320312,451.7337341308594,14.971776008605957,93.8066635131836
2023-07-18,1852.743408203125,65.5192642211914,158.27801513671875,457.8746032714844,15.006585121154785,94.33350372314453
2023-07-19,1852.11572265625,65.2759780883789,157.4427032470703,468.8584289550781,15.184975624084473,94.44844818115234
2023-07-20,1847.0958251953125,65.32463836669922,158.77395629882812,471.5544738769531,15.376418113708496,93.81623840332031
2023-07-21,1839.2518310546875,65.81117248535156,160.6011505126953,475.0992431640625,15.411226272583008,93.8641357421875
2023-07-24,1837.369384765625,65.34410095214844,158.30410766601562,482.9875793457031,15.345961570739746,94.19939422607422
2023-07-25,1846.154541015625,65.28571319580078,159.67015075683594,480.29156494140625,15.198027610778809,94.50592041015625
2023-07-26,1842.07568359375,65.34410095214844,160.3488311767578,477.8951416015625,15.641829490661621,94.63044738769531
2023-07-27,1843.9581298828125,65.14947509765625,162.7328643798828,478.9935302734375,16.133493423461914,94.03654479980469
2023-07-28,1831.4078369140625,64.8964614868164,165.35182189941406,474.6998291015625,15.894186973571777,95.02317810058594
2023-07-31,1848.9783935546875,64.9645767211914,165.0734100341797,482.2886657714844,15.828923225402832,95.20516967773438
2023-08-01,1864.9801025390625,64.97431182861328,165.0124969482422,481.04052734375,16.01166343688965,94.54423522949219
2023-08-02,1824.8187255859375,64.25421142578125,162.95040893554688,472.9024658203125,15.87678337097168,92.98287200927734
2023-08-03,1807.2484130859375,64.0401382446289,164.87327575683594,477.1462707519531,15.872431755065918,92.7625503540039
2023-08-04,1828.583984375,64.21529388427734,164.85589599609375,485.7335510253906,15.802816390991211,92.57096862792969
2023-08-07,1834.5455322265625,,167.30955505371094,482.3885498046875,15.750604629516602,93.19361114501953
2023-08-08,1870.94140625,65.42194366455078,167.97950744628906,479.2930603027344,15.789763450622559,92.65718078613281
2023-08-09,1896.3560791015625,65.7917251586914,167.4835662841797,491.9244384765625,15.72449779510498,92.26444244384766
2023-08-10,1898.2384033203125,67.05675506591797,166.6134796142578,490.2340087890625,15.837624549865723,92.40812683105469
2023-08-11,,67.8547134399414,165.38665771484375,485.7401428222656,15.768010139465332,92.06328582763672
2023-08-14,1934.3206787109375,67.65034484863281,167.15292358398438,481.09649658203125,15.78541088104248,92.24529266357422
2023-08-15,1918.9464111328125,66.64805603027344,167.67498779296875,473.30706787109375,15.663583755493164,91.11497497558594
2023-08-16,1906.7098388671875,66.75509643554688,173.7307891845703,472.3083801269531,15.72449779510498,90.41570281982422
2023-08-17,1894.1595458984375,67.97148895263672,170.3461456298828,473.8563537597656,15.894186973571777,89.82181549072266
2023-08-18,1852.743408203125,67.63088989257812,172.0167236328125,472.8077392578125,15.763657569885254,89.78350067138672
2023-08-21,1869.6865234375,67.30977630615234,169.23243713378906,477.6510925292969,15.911591529846191,90.25287628173828
2023-08-22,1883.8056640625,66.75509643554688,168.78871154785156,477.25164794921875,15.881134986877441,90.05170440673828
2023-08-23,1888.5118408203125,67.77687072753906,169.6500701904297,470.5108337402344,15.74625301361084,91.11497497558594
2023-08-24,1912.985107421875,68.94459533691406,168.4319610595703,472.9574890136719,15.789763450622559,89.95592498779297
2023-08-25,1885.060546875,69.37276458740234,170.1808319091797,474.9548645019531,15.846324920654297,90.50192260742188
2023-08-28,1891.02197265625,68.15637969970703,170.85079956054688,,15.868082046508789,91.20118713378906
2023-08-29,1891.6494140625,69.39221954345703,173.60899353027344,485.0411376953125,15.145816802978516,92.49433135986328
2023-08-30,1877.8720703125,69.34357452392578,171.5990753173828,488.536376953125,15.25459098815918,92.72422790527344
2023-08-31,1894.341796875,68.75970458984375,166.10011291503906,486.8386535644531,15.376418113708496,92.43687438964844
2023-09-01,1898.1424560546875,70.44316101074219,166.00440979003906,500.12054443359375,15.04139232635498,92.69549560546875
2023-09-04,1888.3238525390625,,164.27293395996094,501.0193786621094,14.91086196899414,
2023-09-05,1898.459228515625,69.99555206298828,165.40403747558594,510.80609130859375,14.584537506103516,92.1590805053711
2023-09-06,1897.8258056640625,69.63549041748047,167.4226531982422,515.2001342773438,14.458357810974121,91.6226577758789
2023-09-07,1904.16015625,68.26341247558594,165.05601501464844,514.1016235351562,14.506219863891602,91.2778091430664
2023-09-08,1899.4093017578125,69.57711791992188,164.83848571777344,516.59814453125,14.780332565307617,91.31613159179688
2023-09-11,1891.807861328125,70.16097259521484,165.92608642578125,516.59814453125,14.836894035339355,92.10160064697266
2023-09-12,1905.7440185546875,70.19989776611328,162.5153350830078,522.0907592773438,15.006585121154785,91.66097259521484
2023-09-13,1964.9718017578125,71.0464859008789,162.59364318847656,507.5105895996094,14.858650207519531,91.68971252441406
2023-09-14,1947.868408203125,71.96297454833984,162.49794006347656,523.3890380859375,14.90216064453125,92.53265380859375
2023-09-15,1915.5623779296875,71.55348205566406,159.77456665039062,522.4901733398438,14.758576393127441,91.78549194335938
2023-09-18,,70.91976165771484,163.27230834960938,518.4957275390625,14.641101837158203,91.68971252441406
2023-09-19,1922.8470458984375,69.63277435302734,163.95968627929688,524.0880126953125,14.81949234008789,91.4885482788086
2023-09-20,1942.4842529296875,69.60353088378906,163.2549285888672,522.68994140625,14.728119850158691,90.8946533203125
2023-09-21,1907.6441650390625,68.862548828125,161.8453826904297,519.6940307617188,14.606291770935059,89.39075469970703
2023-09-22,1867.7366943359375,68.96005249023438,163.33323669433594,524.9869384765625,14.306074142456055,89.33329010009766
2023-09-25,1894.341796875,68.6187973022461,167.1094207763672,526.5846557617188,14.11898136138916,89.44822692871094
2023-09-26,1901.6265869140625,68.1995620727539,164.0380096435547,530.1797485351562,14.136384963989258,88.14550018310547
2023-09-27,1901.3095703125,68.51155853271484,164.777587890625,537.76953125,14.088523864746094,88.18380737304688
2023-09-28,1888.957275390625,69.53529357910156,164.5252685546875,540.3659057617188,14.14943790435791,88.72981262207031
2023-09-29,1854.43408203125,67.25384521484375,165.29962158203125,530.6790771484375,14.17119312286377,88.48076629638672
2023-10-02,1829.0960693359375,68.38481140136719,170.32876586914062,518.3956909179688,14.031960487365723,88.08802032470703
2023-10-03,1809.142333984375,69.27204895019531,169.6152801513672,515.1002807617188,13.931888580322266,86.9098129272461
2023-10-04,1797.42333984375,69.86678314208984,169.96331787109375,498.77239990234375,13.831815719604492,87.28339385986328
2023-10-05,1823.7117919921875,70.21776580810547,166.85708618164062,498.37298583984375,13.971047401428223,87.50371551513672
2023-10-06,1833.5301513671875,70.071533203125,165.82167053222656,504.9140930175781,14.071120262145996,88.58613586425781
2023-10-09,,,163.716064453125,519.59423828125,14.092875480651855,88.90222930908203
2023-10-10,1858.5516357421875,70.82225036621094,166.11752319335938,524.3876342773438,13.923186302185059,89.64939880371094
2023-10-11,1837.647705078125,72.47970581054688,167.6923828125,519.59423828125,13.844868659973145,90.06128692626953
2023-10-12,1823.7117919921875,72.81121063232422,168.09262084960938,535.3726806640625,13.862272262573242,89.3716049194336
2023-10-13,1741.996337890625,72.5382080078125,166.35243225097656,546.9569702148438,13.731741905212402,88.8639144897461
2023-10-16,1687.2025146484375,72.1579818725586,165.9174041748047,548.2552490234375,13.853569984436035,89.67813110351562
2023-10-17,1678.334228515625,72.63570404052734,165.68246459960938,554.2471313476562,13.753497123718262,89.71644592285156
2023-10-18,1691.6368408203125,72.0799789428711,164.0467071533203,557.2429809570312,13.792656898498535,88.432861328125
2023-10-19,1697.3377685546875,71.9532241821289,161.52345275878906,552.1499633789062,13.766550064086914,87.63780975341797
2023-10-20,1655.5299072265625,71.65098571777344,159.39170837402344,544.6602172851562,13.55770206451416,86.59371185302734
2023-10-23,1656.163330078125,71.45598602294922,159.35691833496094,531.47802734375,13.670828819274902,86.52665710449219
2023-10-24,1671.0494384765625,71.1050033569336,158.6869354248047,533.675048828125,13.723040580749512,87.15885925292969
2023-10-25,1709.3734130859375,71.96297454833984,159.92247009277344,533.9747314453125,13.58815860748291,86.04771423339844
2023-10-26,1714.7576904296875,71.90447998046875,165.1778106689453,533.0758056640625,14.23210620880127,85.16645812988281
2023-10-27,1728.693603515625,71.0367431640625,167.91859436035156,529.7802734375,14.314776420593262,84.85991668701172
2023-10-30,1693.2203369140625,73.0451889038086,175.89732360839844,525.9854736328125,14.51056957244873,85.84654998779297
2023-10-31,1739.779296875,73.60092163085938,177.35906982421875,501.9181823730469,14.427901268005371,86.2297134399414
2023-11-01,1741.996337890625,74.4784164428711,182.31857299804688,493.729248046875,14.706364631652832,87.09181213378906
2023-11-02,1747.6973876953125,76.04814147949219,,497.9236145019531,14.810789108276367,88.81602478027344
2023-11-03,,74.87815856933594,183.5279998779297,489.18548583984375,14.906510353088379,89.84097290039062
2023-11-06,1780.0035400390625,75.33638000488281,183.78033447265625,490.83319091796875,14.858650207519531,89.91761016845703
2023-11-07,1780.0035400390625,75.49237823486328,184.42420959472656,480.39739990234375,15.032689094543457,89.86970520019531
2023-11-08,1786.021240234375,76.16512298583984,180.34349060058594,476.502685546875,14.945670127868652,89.85054779052734
2023-11-09,1803.441162109375,76.6038589477539,184.7635498046875,474.76220703125,14.79338550567627,89.31413269042969
2023-11-10,1801.857666015625,76.68186950683594,182.47520446777344,477.2591552734375,14.88475513458252,90.33908081054688
2023-11-13,1792.35595703125,76.8281021118164,183.70204162597656,484.1006774902344,15.045743942260742,90.35823059082031
2023-11-14,1823.7117919921875,76.5746078491211,190.58444213867188,480.3553161621094,15.058795928955078,92.33149719238281
2023-11-15,1856.33447265625,75.44364929199219,191.70684814453125,481.50390625,14.941319465637207,92.52307891845703
2023-11-16,1813.576416015625,76.12613677978516,189.4794464111328,467.82080078125,14.802087783813477,92.45601654052734
2023-11-17,1831.313232421875,76.28211975097656,189.84487915039062,477.1092834472656,14.806437492370605,92.86791229248047
2023-11-20,1793.6226806640625,76.87686157226562,,479.8558654785156,14.654153823852539,93.519287109375
2023-11-21,1794.8895263671875,76.33086395263672,185.21597290039062,475.9607238769531,14.715067863464355,93.2702407836914
2023-11-22,1800.27392578125,78.02732849121094,186.6603240966797,465.5736083984375,14.950021743774414,93.52886962890625
2023-11-23,,76.98409271240234,189.0443878173828,472.91455078125,15.010934829711914,
2023-11-24,1819.5943603515625,77.21808624267578,186.82565307617188,475.9107971191406,15.111007690429688,93.75875854492188
2023-11-27,1835.4306640625,76.77936553955078,184.5373077392578,474.4625549316406,15.145816802978516,93.50970458984375
2023-11-28,1811.359375,76.77936553955078,185.76414489746094,474.4126892089844,15.137113571166992,93.66297149658203
2023-11-29,1741.996337890625,74.32241821289062,186.84304809570312,471.3664245605469,15.10230541229248,93.65338897705078
2023-11-30,1740.41259765625,75.46314239501953,192.22019958496094,478.5075988769531,15.137113571166992,93.89286804199219
2023-12-01,1832.8968505859375,75.00489807128906,189.94056701660156,477.8084411621094,15.050094604492188,94.59213256835938
2023-12-04,1827.5125732421875,76.03837585449219,191.55023193359375,471.3664245605469,14.980478286743164,94.00780487060547
2023-12-05,1827.5125732421875,75.58013916015625,191.14126586914062,471.3165283203125,15.07184886932373,93.8258056640625
2023-12-06,1862.669189453125,75.81954193115234,190.3234100341797,465.3738708496094,14.923914909362793,93.64380645751953
2023-12-07,1818.3272705078125,75.2527847290039,193.882080078125,459.6808776855469,14.989180564880371,94.24728393554688
2023-12-08,1814.84326171875,74.81304931640625,193.7254638671875,467.6710205078125,14.958723068237305,94.5538101196289
2023-12-11,1833.846923828125,74.71534729003906,193.82115173339844,466.6722412109375,15.054444313049316,94.88907623291016
2023-12-12,1846.19921875,75.07689666748047,,460.3800354003906,14.82384204864502,95.19560241699219
2023-12-13,1821.177978515625,75.51661682128906,195.36122131347656,459.2813720703125,14.027610778808594,96.50791931152344
2023-12-14,1802.4910888671875,72.780517578125,195.4656219482422,465.32391357421875,14.188596725463867,97.13055419921875
2023-12-15,1737.8787841796875,72.58507537841797,194.0212860107422,457.2839050292969,14.17119312286377,96.7186508178711
2023-12-18,1704.3056640625,73.0345687866211,196.8577880859375,464.624755859375,14.123332023620605,97.14971160888672
2023-12-19,1715.3912353515625,74.3049087524414,197.04049682617188,463.0766906738281,14.393095016479492,97.84896850585938
2023-12-20,1738.828857421875,73.02481079101562,194.40411376953125,466.4225158691406,14.536676406860352,96.48743438720703
2023-12-21,1736.9287109375,73.01502990722656,194.81307983398438,465.6734313964844,14.406147003173828,97.69618225097656
2023-12-22,1757.8326416015625,74.28536224365234,193.76026916503906,466.62225341796875,14.4627103805542,97.84123229980469
2023-12-25,1761.0,,,,,
2023-12-26,1758.78271484375,,194.508544921875,,,98.31507110595703
2023-12-27,1774.935791015625,75.6338882446289,193.69935607910156,466.62225341796875,14.4627103805542,98.59549713134766
2023-12-28,1772.08544921875,75.7218246459961,192.77706909179688,464.624755859375,14.41919994354248,98.59549713134766
2023-12-29,1772.08544921875,76.24951171875,192.69007873535156,465.5736083984375,14.414849281311035,98.4117660522461
2024-01-02,,76.2885971069336,191.68075561523438,470.4176025390625,14.593239784240723,97.57048034667969
2024-01-03,,76.52310180664062,189.00958251953125,471.3664245605469,14.475763320922852,96.796875
2024-01-04,1787.921630859375,77.50028991699219,187.3477020263672,472.8645935058594,14.610644340515137,96.69050598144531
2024-01-05,1787.921630859375,77.36348724365234,185.72064208984375,473.2640686035156,14.541027069091797,96.77753448486328
2024-01-08,,78.19408416748047,188.04376220703125,460.8793640136719,14.545378684997559,97.93793487548828
2024-01-09,1816.1103515625,77.80323028564453,188.60061645507812,458.7819519042969,14.48011302947998,97.49312591552734
2024-01-10,1809.142333984375,78.5263442993164,189.89706420898438,455.8856201171875,14.349583625793457,97.94761657714844
2024-01-11,1855.0677490234375,77.96934509277344,190.21900939941406,453.63836669921875,14.219054222106934,97.89925384521484
2024-01-12,1805.97509765625,76.23973083496094,190.7236328125,453.5884094238281,14.345233917236328,98.10233306884766
2024-01-15,1824.978515625,76.38630676269531,189.42723083496094,452.4398498535156,14.471410751342773,
2024-01-16,1821.177978515625,77.01170349121094,194.51722717285156,451.74072265625,14.314776420593262,97.24169921875
2024-01-17,1833.2135009765625,77.10942840576172,192.96849060058594,447.9454345703125,14.266915321350098,96.49710083007812
2024-01-18,1789.5052490234375,79.44489288330078,198.11941528320312,443.70068359375,14.17119312286377,97.3384017944336
2024-01-19,1806.925048828125,79.83575439453125,198.59796142578125,445.2487487792969,13.583807945251465,98.31507110595703
2024-01-22,1834.1636962890625,79.25923156738281,201.35617065429688,445.4984436035156,13.853569984436035,98.46979522705078
2024-01-23,1811.0426025390625,79.59146118164062,204.94091796875,450.6421203613281,13.683881759643555,98.67285919189453
2024-01-24,1802.8076171875,79.50352478027344,198.81549072265625,452.389892578125,13.805708885192871,99.00163269042969
2024-01-25,1832.263427734375,78.75109100341797,202.82659912109375,455.0865478515625,13.918835639953613,99.39810943603516
2024-01-26,1837.96435546875,77.8325424194336,203.470458984375,461.12908935546875,14.053715705871582,99.48513793945312
2024-01-29,1859.5018310546875,78.19408416748047,204.1752471923828,465.2239990234375,13.831815719604492,100.14269256591797
2024-01-30,1848.0997314453125,78.44816589355469,205.18455505371094,468.1204528808594,13.723040580749512,99.97831726074219
2024-01-31,1854.7509765625,76.9823989868164,202.7917938232422,461.8782043457031,13.766550064086914,98.68253326416016
2024-02-01,1860.13525390625,78.45794677734375,208.79541015625,465.0741882324219,13.675179481506348,99.91062927246094
2024-02-02,1870.9039306640625,78.23318481445312,210.14405822753906,458.1328125,13.857921600341797,100.31675720214844
2024-02-05,1912.7117919921875,76.90421295166016,,453.5884094238281,13.792656898498535,99.9299545288086
2024-02-06,1933.615966796875,77.38304138183594,206.7768096923828,478.3577575683594,13.736092567443848,100.51016235351562
2024-02-07,1923.7972412109375,77.43189239501953,206.61151123046875,474.0131530761719,13.25748348236084,101.02267456054688
2024-02-08,1920.9468994140625,78.26250457763672,208.36036682128906,475.6611022949219,13.22702693939209,101.00332641601562
2024-02-09,1955.1531982421875,79.27877044677734,211.06634521484375,477.8583679199219,13.005125999450684,101.54486083984375
2024-02-12,,78.7413330078125,210.3963623046875,478.857177734375,13.187867164611816,101.67056274414062
2024-02-13,1973.20654296875,78.79995727539062,209.8743133544922,479.15673828125,13.026881217956543,100.05567169189453
2024-02-14,1989.0430908203125,82.3666763305664,211.87551879882812,475.9107971191406,13.026881217956543,101.15805053710938
2024-02-15,1958.0037841796875,81.36994171142578,210.5269012451172,468.2262878417969,13.144357681274414,101.97032165527344
2024-02-16,1955.469970703125,80.12890625,197.95407104492188,471.4726867675781,13.23572826385498,101.71891784667969
2024-02-19,1983.65869140625,,196.72726440429688,474.26953125,13.340152740478516,
2024-02-20,2021.34912109375,83.12887573242188,196.35313415527344,466.0287780761719,13.666478157043457,101.4288101196289
2024-02-21,1996.010986328125,82.72823333740234,196.918701171875,469.87445068359375,14.34088134765625,101.45781707763672
2024-02-22,2009.94677734375,84.22330474853516,198.59796142578125,467.67694091796875,14.175544738769531,103.20809936523438
2024-02-23,,84.30148315429688,176.97622680664062,465.57928466796875,14.284318923950195,103.24677276611328
2024-02-26,2033.068115234375,84.13536071777344,176.4454803466797,465.7790222167969,13.731741905212402,102.96635437011719
2024-02-27,2011.213623046875,84.00833129882812,181.3353729248047,465.72906494140625,13.870973587036133,103.16941833496094
2024-02-28,2013.291015625,82.6207275390625,184.98974609375,461.78350830078125,13.644722938537598,102.73426055908203
2024-02-29,2137.92333984375,82.2494125366211,184.6504364013672,460.185302734375,13.514192581176758,103.1307373046875
2024-03-01,2099.095458984375,82.10282897949219,184.70262145996094,471.1230773925781,13.361907005310059,104.12675476074219
2024-03-04,2084.715087890625,81.64356231689453,182.91024780273438,469.2251892089844,13.427172660827637,103.97203063964844
2024-03-05,2088.070556640625,81.74126434326172,180.5871124267578,470.3739013671875,13.670828819274902,103.1307373046875
2024-03-06,2090.467529296875,81.6630859375,178.87303161621094,478.3649597167969,13.692583084106445,103.93334197998047
2024-03-07,2119.228515625,83.07998657226562,177.8985137939453,475.5180969238281,13.54900074005127,105.01639556884766
2024-03-08,2065.541015625,80.6761474609375,178.5249786376953,471.57257080078125,13.383662223815918,104.5038833618164
2024-03-11,2016.6466064453125,80.64682006835938,178.3770751953125,471.1730651855469,13.4750337600708,104.29114532470703
2024-03-12,2004.183349609375,81.57514953613281,178.33358764648438,476.91656494140625,13.770901679992676,105.34517669677734
2024-03-13,2010.414794921875,81.18428039550781,180.6219024658203,484.4581298828125,13.766550064086914,105.20978546142578
2024-03-14,2041.0933837890625,80.64682006835938,182.07493591308594,489.45257568359375,13.753497123718262,104.79398345947266
2024-03-15,2047.8046875,81.80967712402344,186.0338592529297,490.4514465332031,13.662125587463379,104.26213073730469
2024-03-18,2055.474609375,79.01492309570312,,492.7488708496094,13.657774925231934,104.68761444091797
2024-03-19,2081.838623046875,80.48069763183594,183.70204162597656,497.74322509765625,13.70998764038086,105.05506896972656
2024-03-20,,79.65986633300781,186.1556854248047,493.09844970703125,13.679530143737793,106.11878204345703
2024-03-21,2102.9306640625,76.3081283569336,189.66212463378906,496.0950927734375,13.857921600341797,106.3508529663086
2024-03-22,2098.136962890625,76.12248229980469,188.50489807128906,498.2926940917969,13.97974967956543,106.09942626953125
2024-03-25,2050.20166015625,75.99543762207031,187.42601013183594,505.3348083496094,13.918835639953613,105.88668823242188
2024-03-26,2066.978759765625,75.40912628173828,189.3227996826172,499.24163818359375,13.805708885192871,105.74164581298828
2024-03-27,2088.070556640625,75.49707794189453,188.0698699951172,492.2494201660156,14.001503944396973,106.51524353027344
2024-03-28,2109.161865234375,75.71744537353516,,495.1462097167969,13.814411163330078,106.49590301513672
2024-03-29,2123.063232421875,,,,,
2024-04-01,2054.9951171875,74.08184051513672,187.47821044921875,,,106.2444839477539
2024-04-02,2041.5728759765625,73.14161682128906,185.14639282226562,508.03173828125,13.892729759216309,105.61593627929688
2024-04-03,2043.9697265625,73.05347442626953,179.8649444580078,511.02838134765625,13.884026527404785,105.86735534667969
2024-04-04,2041.0933837890625,72.65192413330078,185.5640411376953,508.3314514160156,13.492438316345215,104.80364990234375
2024-04-05,2051.63916015625,73.89575958251953,183.98916625976562,505.5345764160156,13.605563163757324,105.62560272216797
2024-04-08,2069.855224609375,74.57154083251953,183.09295654296875,509.3303527832031,13.888378143310547,105.84801483154297
2024-04-09,2089.988037109375,74.1797866821289,184.11097717285156,516.0228271484375,13.884026527404785,106.00273895263672
2024-04-10,2056.432861328125,73.89575958251953,179.72572326660156,519.5189208984375,14.01020622253418,104.79398345947266
2024-04-11,1957.68603515625,74.18958282470703,179.49951171875,519.4190673828125,13.744795799255371,105.4128646850586
2024-04-12,1916.9407958984375,73.87617492675781,180.4130859375,538.4976196289062,13.797006607055664,103.7883071899414
2024-04-15,1917.4200439453125,74.51278686523438,178.3770751953125,526.7108764648438,13.670828819274902,102.78262329101562
2024-04-16,1893.4522705078125,73.55297088623047,188.162109375,515.0238647460938,13.583807945251465,102.24110412597656
2024-04-17,1869.9639892578125,73.71946716308594,185.89930725097656,516.2225341796875,13.583807945251465,101.86396026611328
2024-04-18,1889.13818359375,73.85658264160156,187.4878692626953,511.8275451660156,13.675179481506348,101.71891784667969
2024-04-19,1913.1058349609375,74.49319458007812,189.1780548095703,514.3248291015625,13.714338302612305,101.09037017822266
2024-04-22,1947.14013671875,76.15817260742188,187.47865295410156,521.9161987304688,14.014556884765625,102.11538696289062
2024-04-23,1948.098876953125,76.20713806152344,182.40817260742188,522.5155029296875,14.045013427734375,103.25643920898438
2024-04-24,1963.438232421875,75.99166870117188,183.6734619140625,525.0128173828125,13.971047401428223,103.19843292236328
2024-04-25,1965.3555908203125,75.78599548339844,183.1100616455078,525.7119750976562,13.657774925231934,102.87931823730469
2024-04-26,1955.2890625,76.14838409423828,189.08567810058594,524.2136840820312,13.853569984436035,103.8366470336914
2024-04-29,,76.07981872558594,186.1856231689453,522.7153930664062,13.82746410369873,104.29114532470703
2024-04-30,1955.7684326171875,74.72825622558594,186.0840301513672,519.8186645507812,13.740445137023926,102.71492767333984
2024-05-01,1966.3143310546875,74.19937896728516,,508.8309020996094,,102.44417572021484
2024-05-02,1943.7845458984375,73.45503234863281,184.7448272705078,515.2237548828125,13.51854419708252,103.72061157226562
2024-05-03,,73.44522857666016,186.1394500732422,509.8298034667969,13.592511177062988,104.85199737548828
2024-05-06,,73.69987487792969,186.41651916503906,,13.696934700012207,105.79966735839844
2024-05-07,1921.2548828125,73.18080139160156,187.47865295410156,503.13726806640625,13.783954620361328,105.82867431640625
2024-05-08,1899.20458984375,73.47461700439453,186.01014709472656,499.94085693359375,13.975398063659668,105.7706527709961
2024-05-09,1931.3212890625,73.21997833251953,187.77420043945312,503.5367736816406,14.297371864318848,106.40886688232422
2024-05-10,1942.825927734375,74.13082122802734,187.36782836914062,505.634521484375,14.349583625793457,106.54425048828125
2024-05-13,1935.1561279296875,73.81741333007812,189.65830993652344,504.435791015625,14.610644340515137,106.61194610595703
2024-05-14,1940.4290771484375,74.6596908569336,187.69107055664062,501.7388000488281,14.619344711303711,107.20181274414062
2024-05-15,1927.9659423828125,75.12979125976562,187.6541290283203,496.3948059082031,14.023259162902832,108.42990112304688
2024-05-16,1939.470458984375,73.93492889404297,185.7977294921875,488.8091735839844,14.11898136138916,108.20748901367188
2024-05-17,1940.908447265625,73.85658264160156,183.82125854492188,490.8072204589844,14.362635612487793,108.45892333984375
2024-05-20,1952.8924560546875,,181.80783081054688,490.75726318359375,14.210351943969727,108.526611328125
2024-05-21,1955.7684326171875,74.3462905883789,180.5517578125,490.3077087402344,14.136384963989258,108.54594421386719
2024-05-22,1946.181396484375,76.01126861572266,180.0345458984375,481.2168884277344,14.249510765075684,108.03343963623047
2024-05-23,1946.181396484375,77.73501586914062,181.4661102294922,482.0660095214844,14.158140182495117,107.31786346435547
2024-05-24,1941.3878173828125,78.55770111083984,180.0345458984375,482.51556396484375,14.184245109558105,108.01409912109375
2024-05-27,1951.4542236328125,78.89069366455078,178.2520294189453,,14.206001281738281,
2024-05-28,1943.7845458984375,78.69481658935547,181.72471618652344,486.5115661621094,13.9578218460083,108.04310607910156
2024-05-29,1941.3878173828125,76.48137664794922,182.21420288085938,488.6094055175781,13.88888168334961,106.95039367675781
2024-05-30,1946.66064453125,76.55973052978516,182.63906860351562,484.7633056640625,13.769388198852539,106.67962646484375
2024-05-31,1944.2640380859375,77.91129302978516,179.517333984375,487.6603698730469,13.778579711914062,107.41455841064453
2024-06-03,1949.0574951171875,77.94068145751953,173.1353759765625,480.7173156738281,14.146254539489746,107.62730407714844
2024-06-04,1961.04150390625,78.01903533935547,184.0429229736328,462.4356994628906,13.8659029006958,107.48224639892578
2024-06-05,1974.4632568359375,77.93087768554688,184.2553253173828,459.9382019042969,13.73721694946289,108.72000885009766
2024-06-06,1977.3394775390625,78.36182403564453,186.148681640625,462.68548583984375,13.728025436401367,108.82637786865234
2024-06-07,1969.1903076171875,78.4891357421875,183.46104431152344,462.2359313964844,13.659086227416992,108.28485870361328
2024-06-10,1963.438232421875,76.33447265625,184.9665069580078,470.37774658203125,13.410906791687012,108.60397338867188
2024-06-11,1966.3143310546875,75.51176452636719,187.31239318847656,467.8802490234375,13.567168235778809,108.38456726074219
2024-06-12,1950.97509765625,78.43038940429688,187.60794067382812,464.4336853027344,13.626914978027344,109.42794799804688
2024-06-13,1942.825927734375,77.2551040649414,182.4358673095703,459.53863525390625,13.438481330871582,109.0866470336914
2024-06-14,1922.2137451171875,74.33649444580078,180.5886993408203,459.53863525390625,13.240857124328613,108.88187408447266
2024-06-17,1915.0233154296875,75.1591796875,185.1142578125,460.18798828125,13.364947319030762,109.57421112060547
2024-06-18,1871.88134765625,74.72825622558594,183.68272399902344,466.38177490234375,12.795052528381348,110.02276611328125
2024-06-19,1832.57421875,74.87515258789062,188.9563751220703,465.88226318359375,12.804244995117188,
2024-06-20,1859.418212890625,75.43341827392578,183.02694702148438,470.0281066894531,12.7628812789917,109.79847717285156
2024-06-21,1863.7322998046875,76.44220733642578,178.2520294189453,470.527587890625,12.657175064086914,109.35969543457031
2024-06-24,1859.8975830078125,76.8045654296875,180.0160675048828,473.6744384765625,12.689346313476562,109.45719146728516
2024-06-25,1883.3858642578125,77.86233520507812,182.9161376953125,473.4246520996094,12.6847505569458,109.78873443603516
2024-06-26,1900.6427001953125,75.53136444091797,179.49887084960938,470.0780029296875,12.459549903869629,109.66197204589844
2024-06-27,1879.0716552734375,75.90353393554688,180.0160675048828,472.3257751464844,12.29869270324707,109.81800079345703
2024-06-28,1879.0716552734375,75.1885757446289,181.3829803466797,474.723388671875,12.133238792419434,109.60346984863281
2024-07-01,1879.0716552734375,,183.45181274414062,478.02008056640625,12.312480926513672,109.78873443603516
2024-07-02,1892.0142822265625,76.01126861572266,181.0135498046875,484.2138671875,12.418187141418457,110.37380981445312
2024-07-03,1894.4110107421875,76.15817260742188,181.13360595703125,482.1658935546875,12.597427368164062,111.17341613769531
2024-07-04,1912.147216796875,76.37364959716797,177.2545623779297,489.8081970214844,12.863990783691406,
2024-07-05,1911.1883544921875,76.48652648925781,177.97496032714844,481.71636962890625,13.024848937988281,111.80723571777344
2024-07-08,1892.0142822265625,77.90986633300781,183.05467224121094,474.1739196777344,12.909950256347656,111.80723571777344
2024-07-09,1872.840087890625,78.27303314208984,185.6684112548828,453.7944030761719,12.896162986755371,111.7779769897461
2024-07-10,1854.6246337890625,80.15772247314453,188.81787109375,454.1939697265625,12.960506439208984,112.91887664794922
2024-07-11,1859.8975830078125,79.42152404785156,189.32582092285156,451.3467712402344,13.112171173095703,112.48006439208984
2024-07-12,1739.0999755859375,79.9908447265625,191.0159912109375,453.0451354980469,13.075404167175293,113.2991714477539
2024-07-15,,80.05955505371094,190.51724243164062,448.94927978515625,13.001869201660156,113.1821517944336
2024-07-16,1711.77685546875,80.72705078125,192.55838012695312,446.1520690917969,13.001869201660156,113.78672790527344
2024-07-17,1730.4716796875,79.80435180664062,192.46600341796875,452.2459716796875,13.250048637390137,112.35330200195312
2024-07-18,1735.2652587890625,80.72705078125,192.8446807861328,458.53961181640625,13.452269554138184,111.39768981933594
2024-07-19,1726.6368408203125,80.54054260253906,193.95298767089844,456.8412780761719,13.502824783325195,110.66634368896484
2024-07-22,1723.7606201171875,81.46324157714844,196.6313934326172,457.3407897949219,13.502824783325195,111.80723571777344
2024-07-23,1722.802001953125,80.97245025634766,195.87405395507812,450.19793701171875,13.47065258026123,111.42694091796875
2024-07-24,1692.1231689453125,81.32582092285156,188.59617614746094,452.5955810546875,13.341967582702637,109.23291778564453
2024-07-25,1683.4947509765625,80.88411712646484,184.7725372314453,453.0451354980469,12.698537826538086,108.6771011352539
2024-07-26,1658.5684814453125,81.10006713867188,186.46270751953125,454.0441589355469,12.781264305114746,109.9642562866211
2024-07-29,1702.189697265625,81.78717041015625,187.56178283691406,452.5456237792969,12.657175064086914,109.86673736572266
2024-07-30,1721.84326171875,82.45467376708984,187.2754669189453,451.1969909667969,12.657175064086914,109.49620056152344
2024-07-31,1735.74462890625,83.54425811767578,189.82455444335938,458.38983154296875,12.6847505569458,111.29042053222656
2024-08-01,1737.1826171875,81.08042907714844,190.0185089111328,453.4447326660156,12.721517562866211,109.31092834472656
2024-08-02,1717.0498046875,80.2558822631836,191.98574829101562,444.3538818359375,12.749093055725098,107.38993835449219
2024-08-05,1542.564453125,,191.18223571777344,430.56768798828125,12.597427368164062,104.57184600830078
2024-08-06,1633.16259765625,79.2251968383789,192.68768310546875,430.26800537109375,12.399803161621094,105.28369140625
2024-08-07,1636.51806640625,76.9478759765625,195.68931579589844,436.8114318847656,12.698537826538086,105.08865356445312
2024-08-08,1612.0709228515625,78.19451904296875,193.5004119873047,430.8770446777344,12.6709623336792,107.30217742919922
2024-08-09,1603.4425048828125,78.42028045654297,194.22080993652344,433.37493896484375,12.666366577148438,107.77999114990234
2024-08-12,,79.11721801757812,193.95298767089844,439.2198181152344,12.620407104492188,107.85800170898438
2024-08-13,1651.3779296875,80.81539154052734,195.0520477294922,436.6220703125,12.634195327758789,109.51570892333984
2024-08-14,1672.4698486328125,81.0313491821289,195.42147827148438,436.6220703125,12.776668548583984,109.80824279785156
2024-08-15,1684.9329833984375,82.29761505126953,194.22080993652344,443.0665283203125,12.831819534301758,111.55370330810547
2024-08-16,1688.288330078125,82.03257751464844,194.47018432617188,440.868408203125,12.942121505737305,111.94375610351562
2024-08-19,2071.772216796875,80.26569366455078,195.79092407226562,441.667724609375,13.061615943908691,113.06513977050781
2024-08-20,1853.1865234375,79.38224792480469,193.75901794433594,429.478271484375,13.034040451049805,112.78236389160156
2024-08-21,1960.082763671875,78.95034790039062,191.84719848632812,430.02783203125,12.942121505737305,113.367431640625
2024-08-22,1931.8006591796875,77.46812438964844,192.32748413085938,425.8314208984375,12.992677688598633,112.4703140258789
2024-08-23,1960.082763671875,76.83009338378906,190.00926208496094,428.9287109375,13.107575416564941,113.99150085449219
2024-08-26,1953.85107421875,76.9478759765625,188.44839477539062,,13.135150909423828,113.57219696044922
2024-08-27,2034.3826904296875,77.98836517333984,190.57266235351562,431.7762756347656,13.429289817810059,113.79647827148438
2024-08-28,2013.291015625,77.5172119140625,189.15032958984375,431.1767883300781,13.383331298828125,113.17240142822266
2024-08-29,2049.58837890625,76.32947540283203,190.0462188720703,434.3740539550781,13.383331298828125,113.2699203491211
2024-08-30,2031.1978759765625,75.51473999023438,187.03530883789062,429.0286560058594,13.401714324951172,114.06951904296875
2024-09-02,2087.337646484375,,189.33505249023438,429.8778991699219,13.424694061279297,
2024-09-03,2138.15380859375,73.62024688720703,184.5231475830078,415.98992919921875,13.580955505371094,111.88524627685547
2024-09-04,2118.79541015625,73.06072235107422,189.24269104003906,413.49212646484375,13.590147018432617,111.54395294189453
2024-09-05,2095.0810546875,74.022705078125,187.40476989746094,411.34393310546875,13.594742774963379,111.40744018554688
2024-09-06,2065.075439453125,75.44602966308594,187.5802459716797,405.3491516113281,13.649894714355469,109.51570892333984
2024-09-09,2114.923583984375,76.48652648925781,187.88502502441406,406.2983093261719,13.760196685791016,110.6468505859375
2024-09-10,2112.019775390625,75.42638397216797,184.7725372314453,397.1062927246094,13.838327407836914,110.80286407470703
2024-09-11,2052.00830078125,75.25951385498047,185.3174591064453,397.9056091308594,13.842923164367676,111.7779769897461
2024-09-12,2143.961669921875,74.4742431640625,185.41905212402344,402.6514892578125,13.902669906616211,112.75309753417969
2024-09-13,2098.46875,73.79044342041016,185.19740295410156,403.8504333496094,13.98999309539795,113.31867218017578
2024-09-16,,74.52835083007812,,405.79876708984375,14.104890823364258,113.70872497558594
2024-09-17,2089.2734375,74.10528564453125,183.03619384765625,410.0950927734375,14.169233322143555,113.59170532226562
2024-09-18,2082.498046875,74.16431427001953,182.37123107910156,409.9951171875,14.297920227050781,113.2699203491211
2024-09-19,2088.78955078125,74.66608428955078,182.25115966796875,417.0889892578125,14.426605224609375,115.28841400146484
2024-09-20,2082.498046875,74.86286926269531,178.2520294189453,409.1958312988281,14.288727760314941,114.83010864257812
2024-09-23,,75.33512878417969,179.72976684570312,411.3938903808594,14.224385261535645,115.26891326904297
2024-09-24,2070.39892578125,74.13480377197266,180.22850036621094,409.7952880859375,14.504735946655273,116.05874633789062
2024-09-25,2093.629150390625,73.7215805053711,181.87249755859375,399.9038391113281,14.490948677062988,115.57119750976562
2024-09-26,2135.73388671875,73.90851593017578,182.1033935546875,383.51806640625,14.463372230529785,116.85835266113281
2024-09-27,2145.897216796875,74.10528564453125,180.77340698242188,387.8143310546875,14.729936599731445,116.58531951904297
2024-09-30,2078.142333984375,73.56416320800781,179.29568481445312,391.3612976074219,14.07271957397461,116.57557678222656
2024-10-01,2092.17724609375,73.00334930419922,,400.6532287597656,14.206001281738281,115.83448028564453
2024-10-02,2086.36962890625,71.97028350830078,176.6449737548828,406.2484130859375,13.9578218460083,116.10751342773438
2024-10-03,2060.719482421875,72.65898895263672,176.6819305419922,408.64630126953125,13.810750961303711,115.53218841552734
2024-10-04,2124.119140625,72.7672119140625,177.43927001953125,416.4895324707031,13.870498657226562,116.50731658935547
2024-10-07,2150.737060546875,72.62947082519531,176.99594116210938,421.7349853515625,14.141658782958984,115.7759780883789
2024-10-08,2158.48046875,73.20011901855469,175.92459106445312,406.0984802246094,14.251960754394531,116.07826232910156
2024-10-09,2260.112548828125,72.5999526977539,177.03289794921875,406.04852294921875,14.385241508483887,116.55606842041016
2024-10-10,2250.43359375,73.59366607666016,177.33767700195312,410.4947204589844,14.206001281738281,116.43905639648438
2024-10-11,2218.491943359375,71.10448455810547,175.712158203125,409.0959167480469,13.787772178649902,117.17039489746094
2024-10-14,,,176.90359497070312,408.0468444824219,13.60853099822998,117.77497100830078
2024-10-15,2214.13623046875,71.82270050048828,179.41575622558594,392.16058349609375,13.787772178649902,116.54631805419922
2024-10-16,2153.15673828125,72.99351501464844,178.7415313720703,395.1080017089844,13.617722511291504,117.01437377929688
2024-10-17,2143.961669921875,72.56060791015625,176.3032684326172,399.6540832519531,13.925649642944336,116.96561431884766
2024-10-18,2141.057861328125,72.54093170166016,179.86830139160156,399.2544250488281,13.907266616821289,117.64820098876953
2024-10-21,2165.73974609375,72.98367309570312,181.62310791015625,404.4998779296875,13.81994342803955,117.08263397216797
2024-10-22,2148.801025390625,72.8951187133789,180.28390502929688,406.0984802246094,13.893478393554688,116.82909393310547
2024-10-23,2130.89453125,72.28512573242188,178.86158752441406,402.35174560546875,13.764792442321777,115.79547882080078
2024-10-24,2193.325927734375,70.83882904052734,176.96824645996094,401.4525146484375,13.512016296386719,116.0685043334961
2024-10-25,2191.389892578125,70.27802276611328,178.52911376953125,404.54986572265625,13.420098304748535,115.86373901367188
2024-10-28,2205.908935546875,72.99351501464844,182.12185668945312,398.7548828125,13.420098304748535,116.46831512451172
2024-10-29,2173.483154296875,72.12770080566406,179.30491638183594,378.9219970703125,13.328179359436035,116.40005493164062
2024-10-30,2157.028564453125,72.98367309570312,178.70458984375,373.72650146484375,13.273028373718262,115.88323211669922
2024-10-31,2128.474609375,71.4389877319336,179.03709411621094,376.32427978515625,13.360350608825684,114.13777923583984
2024-11-01,2090.241455078125,71.862060546875,180.89346313476562,377.8729553222656,13.576359748840332,114.57657623291016
2024-11-04,,71.4193115234375,181.30908203125,381.6696472167969,13.682065963745117,114.55707550048828
2024-11-05,2134.2822265625,72.45237731933594,178.97242736816406,384.7669677734375,13.741812705993652,115.89299011230469
2024-11-06,2134.2822265625,75.10883331298828,179.1756134033203,386.165771484375,13.751005172729492,117.27765655517578
2024-11-07,2159.932373046875,75.56141662597656,177.5224151611328,381.232177734375,13.824539184570312,118.59407043457031
2024-11-08,2147.34912109375,75.78771209716797,180.56100463867188,373.0379333496094,13.861307144165039,118.28202819824219
2024-11-11,2140.089599609375,75.54174041748047,180.36703491210938,372.7381591796875,13.787772178649902,118.42829895019531
2024-11-12,2156.060546875,76.14189910888672,177.06060791015625,367.0421142578125,13.484440803527832,117.55069732666016
2024-11-13,2410.141845703125,77.46029663085938,176.38636779785156,369.7901916503906,13.466056823730469,117.31666564941406
2024-11-14,2335.611083984375,80.01835632324219,171.99932861328125,378.9837646484375,13.47984504699707,116.77059936523438
2024-11-15,2367.069091796875,78.08998107910156,170.0228729248047,382.43133544921875,13.631510734558105,115.6882095336914
2024-11-18,2361.745361328125,77.09626007080078,,386.8282470703125,13.567168235778809,116.26354217529297
2024-11-19,2359.809326171875,76.33866882324219,165.8297882080078,382.5312805175781,13.484440803527832,116.58531951904297
2024-11-20,2513.7099609375,75.95496368408203,162.80967712402344,381.2821350097656,13.429289817810059,116.58531951904297
2024-11-21,2474.025146484375,77.42092895507812,162.84661865234375,388.32720947265625,13.291412353515625,117.02413177490234
2024-11-22,2474.509033203125,77.32254791259766,164.78616333007812,392.42431640625,13.35115909576416,117.44342803955078
2024-11-25,2466.281494140625,76.5649642944336,165.7281951904297,387.5777282714844,13.305200576782227,117.85298156738281
2024-11-26,2471.121337890625,77.81448364257812,167.16900634765625,383.1808166503906,13.250048637390137,118.02850341796875
2024-11-27,2493.383544921875,81.13998413085938,163.105224609375,383.88031005859375,13.401714324951172,117.94073486328125
2024-11-28,2537.42431640625,81.46466064453125,164.80462646484375,385.1794128417969,13.378735542297363,
2024-11-29,2520.485595703125,80.5890121459961,164.8692626953125,384.3799743652344,13.236260414123535,118.7403335571289
2024-12-02,2522.421630859375,81.69094848632812,165.4788360595703,380.3327941894531,12.60202407836914,118.99386596679688
2024-12-03,2528.712890625,81.69094848632812,167.9540557861328,387.3279113769531,12.739901542663574,119.2083969116211
2024-12-04,2535.97265625,81.56766510009766,169.8843536376953,384.0801696777344,12.896162986755371,119.84222412109375
2024-12-05,2548.555419921875,80.42369842529297,171.9716339111328,378.9338073730469,12.914546966552734,119.91048431396484
2024-12-06,2493.86767578125,80.25603485107422,168.45277404785156,377.48480224609375,13.001869201660156,120.05675506591797
2024-12-09,2469.669189453125,80.39411163330078,169.30247497558594,393.5735168457031,13.250048637390137,119.77396392822266
2024-12-10,2463.86181640625,79.86156463623047,165.8390350341797,395.22235107421875,13.043231964111328,119.06212615966797
2024-12-11,2468.701416015625,80.45327758789062,166.10687255859375,393.77337646484375,12.919142723083496,119.91048431396484
2024-12-12,2429.984375,79.37833404541016,,396.771240234375,12.951313972473145,119.15963745117188
2024-12-13,2424.66064453125,79.78266906738281,164.35206604003906,395.67205810546875,12.896162986755371,119.02311706542969
2024-12-16,2429.500244140625,79.2402572631836,161.63671875,384.8296813964844,12.689346313476562,119.26689147949219
2024-12-17,2432.404296875,79.00358581542969,164.5090789794922,379.83319091796875,12.629598617553711,118.81047058105469
2024-12-18,2419.337158203125,78.84577941894531,163.22528076171875,383.130859375,12.652579307556152,115.27900695800781
2024-12-19,2410.141845703125,78.44145965576172,158.9490966796875,378.7839050292969,12.454954147338867,115.2888412475586
2024-12-20,2338.51513671875,79.67418670654297,161.3411865234375,378.7839050292969,12.386015892028809,116.19384765625
2024-12-23,2341.902587890625,79.31916046142578,163.0036163330078,380.4327392578125,12.303288459777832,116.91193389892578
2024-12-24,2321.092529296875,79.47694396972656,162.33865356445312,380.9823913574219,12.422782897949219,117.89563751220703
2024-12-25,2384.49169921875,,,,,
2024-12-26,2373.844482421875,,163.75173950195312,,,117.99400329589844
2024-12-27,2394.655029296875,79.03317260742188,163.80714416503906,385.1794128417969,12.523893356323242,117.09883880615234
2024-12-30,2407.238037109375,78.03711700439453,162.4956512451172,386.478515625,12.468741416931152,115.89873504638672
2024-12-31,,78.61896514892578,164.31512451171875,392.72412109375,12.620407104492188,115.58395385742188
2025-01-02,,77.95822143554688,162.2462921142578,402.8669738769531,12.560660362243652,115.35770416259766
2025-01-03,,77.47498321533203,154.8852996826172,407.66363525390625,12.441165924072266,116.55780792236328
2025-01-06,2361.745361328125,75.74915313720703,156.77865600585938,413.7593078613281,12.657175064086914,117.36443328857422
2025-01-07,2362.229248046875,74.84185791015625,159.521728515625,421.7037658691406,12.698537826538086,116.23320007324219
2025-01-08,2319.640380859375,76.71562194824219,157.80384826660156,420.1048583984375,12.698537826538086,116.24303436279297
2025-01-09,2298.345947265625,76.89313507080078,158.54269409179688,422.40325927734375,12.620407104492188,
2025-01-10,2410.141845703125,75.4828872680664,157.79461669921875,424.80157470703125,12.588235855102539,114.47238159179688
2025-01-13,,74.21070098876953,159.7710723876953,430.8973083496094,12.75368881225586,114.45270538330078
2025-01-14,2344.322509765625,73.65843963623047,158.7920684814453,419.9549865722656,12.850203514099121,114.7773208618164
2025-01-15,2365.616943359375,74.24028778076172,156.3538055419922,422.70306396484375,13.052424430847168,116.64634704589844
2025-01-16,2364.649169921875,75.22647094726562,156.37228393554688,428.49896240234375,12.905354499816895,116.65617370605469
2025-01-17,2384.0078125,75.71956634521484,157.93313598632812,433.9950866699219,12.266521453857422,117.64971160888672
2025-01-20,2372.87646484375,75.76888275146484,158.83824157714844,429.3983459472656,12.445762634277344,
2025-01-21,2361.745361328125,74.9503402709961,162.02462768554688,426.55035400390625,12.38141918182373,118.98753356933594
2025-01-22,2366.10107421875,75.26593017578125,159.65101623535156,425.95074462890625,12.082684516906738,119.42035675048828
2025-01-23,2344.322509765625,75.68997192382812,158.755126953125,423.4525146484375,12.156219482421875,120.07942962646484
2025-01-24,2349.64599609375,74.74324798583984,159.6787109375,419.5552673339844,12.225157737731934,120.06959533691406
2025-01-27,2356.906005859375,74.64461517333984,161.03639221191406,416.6573181152344,12.42737865447998,118.63340759277344
2025-01-28,2363.197021484375,74.88130950927734,163.98265075683594,418.0562744140625,12.569852828979492,119.42035675048828
2025-01-29,2361.745361328125,74.97993469238281,163.5670166015625,416.107666015625,12.5928316116333,119.06623077392578
2025-01-30,2369.48876953125,76.3507308959961,166.05145263671875,421.2041015625,12.804244995117188,119.98107147216797
2025-01-31,2390.299072265625,75.68997192382812,162.83740234375,422.203369140625,12.583639144897461,119.21378326416016
2025-02-03,2342.38671875,74.17125701904297,,419.70513916015625,12.583639144897461,118.24976348876953
2025-02-04,2349.64599609375,74.66435241699219,162.61572265625,421.9036560058594,12.652579307556152,119.32199096679688
2025-02-05,2339.967041015625,74.55586242675781,161.7660369873047,423.6523742675781,12.64798355102539,119.9023666381836
2025-02-06,2314.316650390625,74.17125701904297,169.6442108154297,428.6988220214844,12.75368881225586,120.31551361083984
2025-02-07,2308.9931640625,73.49078369140625,166.254638671875,432.94586181640625,12.831819534301758,119.35150146484375
2025-02-10,2323.0283203125,71.96218872070312,164.8692626953125,464.8234558105469,12.744497299194336,120.31551361083984
2025-02-11,,71.48881530761719,166.84573364257812,461.9255065917969,12.574448585510254,120.33519744873047
2025-02-12,2319.640380859375,71.57757568359375,168.48049926757812,468.42095947265625,12.51010513305664,120.22698974609375
2025-02-13,2344.322509765625,72.54403686523438,169.3209686279297,463.5743103027344,12.70772933959961,121.62383270263672
2025-02-14,2337.547119140625,71.35074615478516,171.0295867919922,467.4715881347656,12.75368881225586,121.60415649414062
2025-02-17,2337.063232421875,,170.44772338867188,462.4251403808594,12.841012001037598,
2025-02-18,2323.0283203125,71.01546478271484,171.20506286621094,462.0754089355469,12.675558090209961,122.10584259033203
2025-02-19,2313.34912109375,70.60124206542969,171.6022186279297,462.9747314453125,12.597427368164062,121.95829010009766
2025-02-20,2323.0283203125,70.05885314941406,169.93052673339844,451.742919921875,11.485214233398438,121.79105377197266
2025-02-21,2304.153564453125,69.28961944580078,168.6374969482422,447.2454833984375,11.499002456665039,120.1384506225586
2025-02-24,,70.18704986572266,169.1269989013672,446.2460632324219,11.894250869750977,119.49905395507812
2025-02-25,2323.0283203125,70.98587036132812,168.71141052246094,436.6515197753906,11.857483863830566,119.3121566772461
2025-02-26,2321.576171875,69.52630615234375,168.40660095214844,430.6549072265625,11.788544654846191,119.53839874267578
2025-02-27,2067.31103515625,69.65451049804688,177.91030883789062,,11.760969161987305,117.71856689453125
2025-02-28,2092.688720703125,70.93656158447266,178.39056396484375,437.1012878417969,11.770161628723145,118.85965728759766
2025-03-03,2142.468017578125,69.83203125,178.24281311035156,432.5038757324219,11.53576946258545,117.60052490234375
2025-03-04,1995.081787109375,69.66437530517578,178.6861114501953,407.7679748535156,11.646071434020996,116.74471282958984
2025-03-05,1950.1827392578125,70.32511901855469,179.06478881835938,407.9678649902344,11.70122241973877,118.59405517578125
2025-03-06,2069.262939453125,73.03713989257812,182.67601013183594,408.8673095703125,12.00455379486084,116.76438903808594
2025-03-07,2041.9329833984375,71.74522399902344,182.96231079101562,413.2148742675781,11.976977348327637,117.55133819580078
2025-03-10,2069.262939453125,70.46318054199219,181.63235473632812,418.2120361328125,12.243541717529297,114.51173400878906
2025-03-11,2092.200439453125,68.62886810302734,180.5240478515625,411.46588134765625,11.953998565673828,113.91168212890625
2025-03-12,2126.363037109375,68.6584701538086,182.87918090820312,416.7128601074219,11.944806098937988,114.59042358398438
2025-03-13,2154.180908203125,67.20877075195312,180.73646545410156,417.61236572265625,11.82990837097168,113.28211975097656
2025-03-14,2116.1142578125,66.8340072631836,182.26039123535156,428.7560119628906,11.880463600158691,115.5347671508789
2025-03-17,2106.353515625,67.05096435546875,,431.60443115234375,11.935614585876465,116.6856918334961
2025-03-18,2117.090087890625,65.6209945678711,182.96231079101562,437.5509948730469,12.032129287719727,115.84954833984375
2025-03-19,2100.4970703125,69.76300048828125,183.80276489257812,442.0984191894531,12.110260009765625,116.79389953613281
2025-03-20,,69.67424011230469,183.79354858398438,448.2449035644531,12.229754447937012,116.30205535888672
2025-03-21,2154.6689453125,69.39810180664062,181.68777465820312,449.74407958984375,12.174602508544922,116.0561294555664
2025-03-24,2193.2236328125,69.11211395263672,179.09249877929688,440.5492858886719,11.82990837097168,117.75791931152344
2025-03-25,2162.4775390625,69.27975463867188,180.46861267089844,441.648681640625,11.908039093017578,117.81693267822266
2025-03-26,2166.86962890625,68.45136260986328,180.0807342529297,446.74578857421875,11.903443336486816,116.51846313476562
2025-03-27,2189.319091796875,69.6134033203125,186.48118591308594,445.746337890625,12.045916557312012,116.35123443603516
2025-03-28,2176.63037109375,69.01011657714844,188.67930603027344,435.2523193359375,12.183794975280762,114.34449768066406
2025-03-31,2111.233642578125,70.18699645996094,183.95054626464844,435.8519592285156,12.151623725891113,114.49205780029297
2025-04-01,2119.042236328125,70.65181732177734,187.64488220214844,432.7537536621094,12.220561981201172,114.89537048339844
2025-04-02,2092.688720703125,72.15504455566406,188.92868041992188,432.8536682128906,12.234350204467773,115.48558807373047
2025-04-03,2016.0672607421875,72.2143783569336,186.80441284179688,400.2222595214844,12.413590431213379,111.06880187988281
2025-04-04,1981.4168701171875,69.38594055175781,183.14703369140625,370.48919677734375,12.174602508544922,104.27147674560547
2025-04-07,1805.7247314453125,67.97172546386719,176.63575744628906,348.7515563964844,11.926423072814941,103.2582778930664
2025-04-08,1889.66650390625,68.23873901367188,179.82211303710938,354.04852294921875,11.953998565673828,101.9007797241211
2025-04-09,1804.2606201171875,68.58486938476562,183.433349609375,332.7606506347656,11.774757385253906,110.86222839355469
2025-04-10,1981.4168701171875,68.02115631103516,182.4358673095703,341.4057312011719,11.953998565673828,107.4684829711914
2025-04-11,1925.781005859375,70.12767028808594,184.791015625,331.5113830566406,12.036725044250488,109.28831481933594
2025-04-14,1916.9964599609375,69.59362030029297,185.46522521972656,341.0059509277344,12.303288459777832,110.81304168701172
2025-04-15,1913.0921630859375,68.84200286865234,189.5012969970703,346.5527648925781,12.179198265075684,110.88190460205078
2025-04-16,1888.6905517578125,69.60350799560547,191.4131317138672,354.04852294921875,12.179198265075684,109.12108612060547
2025-04-17,1919.924560546875,70.51335906982422,,359.195556640625,12.137835502624512,109.58342742919922
2025-04-18,1994.1058349609375,,,,,
2025-04-21,1967.263916015625,71.15618133544922,191.00674438476562,,,107.81278228759766
2025-04-22,2005.818603515625,72.48140716552734,192.70614624023438,358.745849609375,12.55606460571289,110.24250030517578
2025-04-23,2055.10986328125,72.34294891357422,192.06887817382812,357.5465087890625,12.615811347961426,111.59016418457031
2025-04-24,2049.741455078125,71.43310546875,195.1458740234375,361.9940185546875,12.657175064086914,113.62640380859375
2025-04-25,2046.813232421875,71.6209945678711,194.77919006347656,364.2427062988281,12.63879108428955,114.28547668457031
2025-04-28,2068.286865234375,72.09571075439453,194.8074188232422,361.79412841796875,12.606619834899902,114.50189208984375
2025-04-29,,71.66056823730469,192.94583129882812,352.9991149902344,12.583639144897461,115.082275390625
2025-04-30,2063.89453125,71.16606140136719,193.85780334472656,350.1007385253906,12.496317863464355,115.082275390625
2025-05-01,2104.4013671875,68.91122436523438,,349.8009338378906,,115.50525665283203
2025-05-02,2171.75,70.64192199707031,186.44912719726562,350.1007385253906,12.560660362243652,117.46281433105469
2025-05-05,,70.29579162597656,186.25167846679688,,12.464146614074707,117.22672271728516
2025-05-06,,69.99909973144531,190.18167114257812,354.9480285644531,12.533084869384766,116.54798126220703
2025-05-07,2141.491943359375,69.7815170288086,191.78941345214844,350.6504821777344,12.629598617553711,116.64634704589844
2025-05-08,2150.2763671875,68.85189819335938,186.8345947265625,355.29779052734375,12.634195327758789,117.02998352050781
2025-05-09,2190.29541015625,69.22769165039062,186.9568328857422,372.0882568359375,12.6847505569458,117.1873779296875
2025-05-12,2243.490966796875,68.74310302734375,184.7661895751953,380.383544921875,12.712326049804688,120.04008483886719
2025-05-13,2201.0322265625,68.24861907958984,185.78160095214844,382.5323181152344,12.675558090209961,120.67948913574219
2025-05-14,2178.094482421875,67.59590148925781,187.323486328125,380.7833557128906,12.946718215942383,120.7876968383789
2025-05-15,2182.974853515625,68.83210754394531,187.85940551757812,368.0975646972656,13.070808410644531,121.43692779541016
2025-05-16,2186.390869140625,68.27828979492188,189.46713256835938,372.6456604003906,13.024848937988281,122.0173110961914
2025-05-19,2200.5439453125,,193.8954315185547,365.3487243652344,13.190301895141602,122.40094757080078
2025-05-20,2175.166259765625,68.93101501464844,195.0706787109375,365.54864501953125,13.48903751373291,122.26322937011719
2025-05-21,2148.324462890625,67.75414276123047,195.7100067138672,362.1000671386719,13.576359748840332,120.74834442138672
2025-05-22,2137.587646484375,67.16075897216797,192.2030792236328,356.6523132324219,13.617722511291504,120.67948913574219
2025-05-23,2120.506591796875,68.04094696044922,192.8424072265625,356.05255126953125,13.420098304748535,120.3056869506836
2025-05-26,2111.233642578125,68.61453247070312,190.47312927246094,,13.346563339233398,
2025-05-27,2110.2578125,71.94735717773438,193.9518280029297,359.90093994140625,13.374138832092285,122.32225799560547
2025-05-28,2128.31494140625,72.15504455566406,194.4971466064453,358.1016845703125,13.245452880859375,121.44676971435547
2025-05-29,2139.0517578125,70.81004333496094,194.8356170654297,357.8517761230469,13.079998970031738,121.88943481445312
2025-05-30,2123.9228515625,70.3650131225586,193.72618103027344,359.6011047363281,13.164999961853027,121.63367462158203
2025-06-02,2141.491943359375,72.37261199951172,192.28770446777344,362.9496765136719,13.180000305175781,122.53866577148438
2025-06-03,2172.72607421875,71.86824035644531,190.86801147460938,365.24871826171875,13.270000457763672,122.81410217285156
2025-06-04,2179.070556640625,72.17481994628906,188.9876251220703,358.40155029296875,12.9350004196167,123.1288833618164
2025-06-05,2159.061279296875,71.5913314819336,190.06884765625,357.7518615722656,12.859999656677246,122.7649154663086
2025-06-06,2186.390869140625,71.3440933227539,191.93043518066406,361.30035400390625,12.9399995803833,123.70925903320312
2025-06-09,2153.20458984375,70.9781723022461,187.49273681640625,362.0500793457031,12.975000381469727,123.86664581298828
2025-06-10,2166.381591796875,73.50004577636719,188.8466033935547,373.6452331542969,12.9399995803833,124.45687103271484
2025-06-11,2147.34814453125,71.86824035644531,189.26028442382812,373.4453430175781,12.65999984741211,124.28964233398438
2025-06-12,2132.707275390625,72.87699127197266,187.96282958984375,380.54241943359375,12.755000114440918,124.78148651123047
2025-06-13,2114.650146484375,72.31328582763672,188.52694702148438,386.1900634765625,12.8149995803833,123.34529113769531
2025-06-16,2167.845947265625,71.87813568115234,185.98841857910156,382.54156494140625,12.885000228881836,124.42678833007812
2025-06-17,2167.845947265625,71.21553039550781,183.47811889648438,388.8889465332031,12.819999694824219,123.16785430908203
2025-06-18,2180.046630859375,70.58258819580078,181.87979125976562,386.34002685546875,12.805000305175781,123.20750427246094
2025-06-19,2202.984130859375,70.08810424804688,180.21563720703125,392.7873840332031,12.630000114440918,
2025-06-20,2189.319091796875,69.25736236572266,180.30967712402344,384.540771484375,12.744999885559082,122.66229248046875
2025-06-23,2210.3046875,69.5145034790039,181.1182403564453,386.2400207519531,12.744999885559082,123.76262664794922
2025-06-24,2221.529541015625,70.03865814208984,180.8831787109375,367.7976989746094,12.904999732971191,125.39825439453125
2025-06-25,2216.1611328125,68.05082702636719,178.72076416015625,364.2491455078125,12.744999885559082,125.30904388427734
2025-06-26,2234.21826171875,68.13983917236328,180.53533935546875,368.9971923828125,11.75,126.35980987548828
2025-06-27,2241.538818359375,66.89373779296875,180.77976989746094,370.2466735839844,11.835000038146973,126.92483520507812
2025-06-30,2267.404541015625,66.94318389892578,181.4943084716797,365.54864501953125,11.970000267028809,127.47997283935547
2025-07-01,2230.31396484375,,182.17123413085938,368.0975646972656,12.234999656677246,127.41057586669922
2025-07-02,2243.490966796875,67.7244644165039,186.84400939941406,379.242919921875,12.3149995803833,127.9260482788086
2025-07-03,2219.08935546875,68.19918060302734,187.4645233154297,378.59320068359375,12.335000038146973,128.6595916748047
2025-07-04,2195.175537109375,68.36729431152344,185.443115234375,379.0929870605469,12.279999732971191,
2025-07-07,2191.271240234375,68.53093719482422,185.34909057617188,371.5960998535156,12.34000015258789,127.5394515991211
2025-07-08,2147.34814453125,68.53093719482422,182.95159912109375,383.5411682128906,12.305000305175781,127.75753021240234
2025-07-09,2147.34814453125,68.83839416503906,179.4447021484375,384.3408508300781,12.470000267028809,128.45143127441406
2025-07-10,2112.697998046875,69.08633422851562,177.554931640625,388.5890808105469,12.40999984741211,128.71908569335938
2025-07-11,2181.998779296875,68.06480407714844,176.34207153320312,401.883544921875,12.28499984741211,128.07473754882812
2025-07-14,2147.34814453125,68.33258819580078,173.76596069335938,397.03558349609375,12.260000228881836,128.253173828125
2025-07-15,2145.88427734375,67.53917694091797,173.7189483642578,397.63531494140625,12.194999694824219,127.7178726196289
2025-07-16,2157.109130859375,67.75736999511719,175.0446014404297,395.8360595703125,12.050000190734863,128.21351623535156
2025-07-17,1959.4554443359375,73.39058685302734,180.64846801757812,397.0855712890625,12.085000038146973,128.72898864746094
2025-07-18,1886.73828125,74.80880737304688,178.58636474609375,399.73443603515625,12.15999984741211,128.62985229492188
2025-07-21,,76.0385971069336,178.864501953125,400.7840576171875,12.125,128.99664306640625
2025-07-22,1895.52294921875,76.17744445800781,175.88168334960938,402.5332946777344,12.154999732971191,129.21473693847656
2025-07-23,1923.3409423828125,75.64189147949219,173.32086181640625,404.38250732421875,12.295000076293945,130.751220703125
2025-07-24,1973.6083984375,74.26333618164062,174.13609313964844,397.5853576660156,12.28499984741211,130.48358154296875
2025-07-25,1950.1827392578125,73.71786499023438,175.15274047851562,397.63531494140625,12.96500015258789,130.7313995361328
2025-07-28,1955.06298828125,72.8847885131836,165.71510314941406,406.4316711425781,12.6899995803833,130.1465301513672
2025-07-29,1935.5416259765625,72.08145904541016,165.74386596679688,405.4820556640625,12.654999732971191,129.90863037109375
2025-07-30,1939.93408203125,72.52775573730469,162.3198699951172,405.1322326660156,12.579999923706055,129.4724578857422
2025-07-31,1949.2066650390625,71.40706634521484,163.5762939453125,404.5824279785156,12.569999694824219,128.828125
2025-08-01,1968.7279052734375,69.60204315185547,161.1977081298828,398.5350036621094,12.350000381469727,127.2024154663086
2025-08-04,1942.3741455078125,,160.0371551513672,405.88189697265625,12.300000190734863,129.03628540039062
2025-08-05,1942.8623046875,70.44505310058594,160.37286376953125,417.2772216796875,12.354999542236328,128.67942810058594
2025-08-06,1972.6322021484375,70.20702362060547,157.39002990722656,430.1718444824219,12.430000305175781,129.64097595214844
2025-08-07,2001.42626953125,69.68138885498047,158.11895751953125,425.57373046875,12.489999771118164,129.94827270507812
2025-08-08,1996.057861328125,69.41360473632812,154.98265075683594,423.0248107910156,12.649999618530273,130.71157836914062
2025-08-11,,69.36402130126953,154.59902954101562,423.3246765136719,12.704999923706055,130.3646240234375
2025-08-12,1970.68017578125,69.08633422851562,153.5823516845703,423.87445068359375,12.760000228881836,131.79208374023438
2025-08-13,1973.1202392578125,69.51278686523438,153.26585388183594,418.17681884765625,12.725000381469727,132.39675903320312
2025-08-14,1961.407470703125,68.71937561035156,152.67120361328125,413.93988037109375,12.765000343322754,132.1885986328125
2025-08-15,1957.503173828125,69.44336700439453,153.16033935546875,421.2879333496094,12.805000305175781,132.2183380126953
2025-08-18,1953.1109619140625,70.11775970458984,153.69744873046875,419.3384704589844,12.78499984741211,132.24807739257812
2025-08-19,1967.751953125,69.75081634521484,152.69998168945312,420.38818359375,13.0,131.54425048828125
2025-08-20,1962.383544921875,69.65164184570312,155.27996826171875,418.7886047363281,13.135000228881836,131.39556884765625
2025-08-21,1939.93408203125,69.73097229003906,156.9584197998047,419.388427734375,13.15999984741211,130.88999938964844
2025-08-22,1967.263916015625,69.1259994506836,158.77114868164062,423.33740234375,13.0649995803833,133.051025390625
2025-08-25,1948.2305908203125,69.02681732177734,158.09976196289062,,12.925000190734863,132.1885986328125
2025-08-26,1919.4366455078125,68.27307891845703,155.82667541503906,424.2371520996094,12.664999961853027,132.46615600585938
2025-08-27,1908.2117919921875,69.22517395019531,155.72117614746094,428.9358825683594,12.359999656677246,132.51571655273438
2025-08-28,1895.3585205078125,68.25324249267578,156.9584197998047,428.9858703613281,12.40999984741211,133.051025390625
2025-08-29,1891.8980712890625,69.0367431640625,155.27996826171875,431.9850769042969,12.364999771118164,132.27781677246094
2025-09-01,1907.7174072265625,,157.1981964111328,430.93536376953125,12.234999656677246,
2025-09-02,1913.1552734375,68.66978454589844,155.51016235351562,434.08453369140625,12.180000305175781,131.3459930419922
2025-09-03,1908.7061767578125,72.97405242919922,150.0815887451172,427.2363586425781,12.220000267028809,131.901123046875
2025-09-04,1918.098876953125,73.49968719482422,153.46725463867188,426.7864685058594,12.364999771118164,132.7833709716797
2025-09-05,1917.6044921875,75.61212921142578,153.17953491210938,415.5394592285156,12.300000190734863,132.90232849121094
2025-09-08,1941.827880859375,73.71786499023438,155.65402221679688,417.4389343261719,12.21500015258789,133.54666137695312
2025-09-09,1921.559326171875,73.36083984375,155.6156768798828,422.78753662109375,12.274999618530273,133.7449188232422
2025-09-10,1942.816650390625,73.39058685302734,155.04019165039062,423.6373291015625,12.130000114440918,134.0423126220703
2025-09-11,1951.715087890625,73.4949951171875,160.45916748046875,424.8370056152344,12.260000228881836,135.36073303222656
2025-09-12,1952.7037353515625,73.22651672363281,163.43240356445312,420.4381408691406,12.15999984741211,135.1624755859375
2025-09-15,,72.7989273071289,166.06039428710938,418.93853759765625,12.135000228881836,136.0447235107422
2025-09-16,1954.68115234375,72.41111755371094,,421.68780517578125,12.039999961853027,135.90594482421875
2025-09-17,1954.68115234375,71.79460144042969,163.1159210205078,418.93853759765625,12.135000228881836,135.77706909179688
2025-09-18,1973.4666748046875,71.3968505859375,163.45159912109375,425.48681640625,12.130000114440918,136.34210205078125
2025-09-19,1963.57958984375,73.20662689208984,169.78173828125,420.4381408691406,12.170000076293945,136.5601806640625
2025-09-22,1971.4892578125,72.15258026123047,170.8079833984375,424.3871154785156,11.949999809265137,137.20452880859375
2025-09-23,,73.19668579101562,173.0522918701172,431.6851806640625,12.229999542236328,136.68905639648438
2025-09-24,1988.29736328125,73.8828125,172.9851531982422,438.2334289550781,12.5,136.1042022705078
2025-09-25,1990.2747802734375,72.97791290283203,171.9109649658203,440.0329284667969,12.5600004196167,135.43011474609375
2025-09-26,1998.6788330078125,72.23212432861328,173.7236785888672,445.38153076171875,12.739999771118164,136.1438446044922
2025-09-29,1971.4892578125,73.33589935302734,175.13357543945312,434.4844055175781,12.800000190734863,136.4808807373047
2025-09-30,1968.5230712890625,73.83309173583984,173.07147216796875,425.63677978515625,12.895000457763672,137.0360107421875
2025-10-01,1944.2996826171875,74.23084259033203,168.2183837890625,427.63623046875,12.84000015258789,137.72991943359375
2025-10-02,1919.5819091796875,73.8629150390625,170.43392944335938,422.38763427734375,13.050000190734863,138.047119140625
2025-10-03,1956.6585693359375,74.37005615234375,168.73629760742188,423.6373291015625,13.109999656677246,138.2850341796875
2025-10-06,1952.2093505859375,72.85858917236328,167.67169189453125,432.68487548828125,12.885000228881836,138.8302459716797
2025-10-07,1945.2884521484375,72.68954467773438,166.41525268554688,431.4852294921875,12.800000190734863,137.99757385253906
2025-10-08,1959.624755859375,72.31168365478516,168.7458953857422,432.13507080078125,12.8100004196167,138.8104248046875
2025-10-09,1957.6473388671875,72.261962890625,167.94984436035156,432.4849548339844,12.895000457763672,138.1363525390625
2025-10-10,1889.42626953125,72.71937561035156,166.82766723632812,420.38818359375,12.925000190734863,134.52804565429688
2025-10-13,,,164.35316467285156,421.88775634765625,12.960000038146973,136.6196746826172
2025-10-14,1939.356201171875,72.67959594726562,163.45159912109375,416.2392883300781,13.0,136.4808807373047
2025-10-15,1955.175537109375,72.98786926269531,164.535400390625,415.7893981933594,13.164999961853027,137.3532257080078
2025-10-16,1961.6021728515625,72.93814086914062,172.71206665039062,412.9401550292969,13.319999694824219,136.87741088867188
2025-10-17,1968.5230712890625,74.52915954589844,173.26092529296875,410.940673828125,13.354999542236328,137.42262268066406
2025-10-20,1992.74658203125,74.04190826416016,172.9864959716797,410.3408508300781,13.399999618530273,138.80050659179688
2025-10-21,1993.7352294921875,73.39555358886719,168.1056365966797,413.68994140625,13.399999618530273,138.39407348632812
2025-10-22,2018.9473876953125,73.48505401611328,173.78036499023438,421.2879333496094,13.475000381469727,137.84886169433594
2025-10-23,2017.46435546875,72.3912353515625,174.43702697753906,436.83380126953125,12.944999694824219,138.73110961914062
2025-10-24,1991.263427734375,74.05184936523438,172.44744873046875,434.8343505859375,12.970000267028809,139.63319396972656
2025-10-27,1994.2296142578125,73.65409851074219,172.7904815673828,435.884033203125,12.930000305175781,141.1002960205078
2025-10-28,1958.1416015625,73.09724426269531,171.2811279296875,433.58465576171875,13.039999961853027,141.3084716796875
2025-10-29,1913.649658203125,69.54728698730469,171.22232055664062,441.43255615234375,13.029999732971191,141.31837463378906
2025-10-30,1945.2884521484375,70.30302429199219,173.41773986816406,447.7309265136719,13.095000267028809,139.94049072265625
2025-10-31,1943.8052978515625,70.8797607421875,171.54576110839844,442.182373046875,13.050000190734863,140.17840576171875
2025-11-03,,69.2191390991211,170.65386962890625,447.2810363769531,12.869999885559082,140.48570251464844
2025-11-04,1925.51416015625,68.4136962890625,168.30165100097656,453.02947998046875,12.699999809265137,138.69146728515625
2025-11-05,1905.24560546875,69.8456039428711,171.32034301757812,461.17730712890625,12.859999656677246,139.33580017089844
2025-11-06,1927.9859619140625,69.35835266113281,169.86000061035156,458.5780334472656,13.015000343322754,138.1264190673828
2025-11-07,1966.545654296875,68.12532043457031,173.28053283691406,458.5780334472656,13.03499984741211,138.32467651367188
2025-11-10,1984.8367919921875,69.37824249267578,170.4774627685547,464.02655029296875,13.15999984741211,140.346923828125
2025-11-11,1998.1844482421875,70.00470733642578,175.1525115966797,476.02337646484375,13.239999771118164,140.81283569335938
2025-11-12,1992.252197265625,70.82010650634766,172.15341186523438,467.7255859375,13.25,141.09039306640625
2025-11-13,1996.20703125,69.80582427978516,168.6544952392578,459.9889831542969,13.524999618530273,138.9293670654297
2025-11-14,2015.981201171875,69.9052734375,168.5466766357422,460.7388916015625,13.270000457763672,138.8599853515625
2025-11-17,2013.01513671875,69.65667724609375,,463.53851318359375,13.244999885559082,137.373046875
2025-11-18,2006.5885009765625,69.11970520019531,169.5169677734375,458.4891662597656,12.970000267028809,136.1934051513672
2025-11-19,2051.574951171875,68.80149841308594,169.48756408691406,455.5395812988281,12.90999984741211,136.3817596435547
2025-11-20,2099.52734375,69.61689758300781,169.55616760253906,458.1892395019531,12.845000267028809,134.3198699951172
2025-11-21,2119.7958984375,71.61560821533203,171.66336059570312,453.2898864746094,12.984999656677246,135.648193359375
2025-11-24,,70.53173065185547,169.91880798339844,453.7898254394531,12.9350004196167,137.15496826171875
2025-11-25,2103.9765625,73.99219512939453,169.19354248046875,449.4403991699219,13.03499984741211,138.40399169921875
2025-11-26,2136.60400390625,75.30477905273438,169.91880798339844,452.6399841308594,13.194999694824219,139.54397583007812
2025-11-27,2116.33544921875,75.97101593017578,169.61497497558594,446.9407043457031,13.225000381469727,
2025-11-28,2123.750732421875,75.90140533447266,173.4667510986328,454.1397705078125,13.265000343322754,140.23788452148438
2025-12-01,2119.7958984375,74.95674133300781,172.22203063964844,457.48931884765625,13.470000267028809,139.6133575439453
2025-12-02,2123.750732421875,74.02202606201172,182.1895751953125,457.8892822265625,13.515000343322754,139.920654296875
2025-12-03,2088.6513671875,73.00979614257812,183.0030517578125,463.9384765625,13.524999618530273,140.446044921875
2025-12-04,2123.25634765625,74.28629302978516,181.43490600585938,464.9383239746094,13.430000305175781,140.7335205078125
2025-12-05,2072.337646484375,73.96717071533203,179.77853393554688,452.7899475097656,13.5,140.86239624023438
2025-12-08,2044.65380859375,72.70064544677734,180.98406982421875,450.34027099609375,13.460000038146973,140.5253448486328
2025-12-09,2047.6199951171875,71.91280364990234,184.38499450683594,446.1408386230469,13.460000038146973,140.4163055419922
2025-12-10,2068.3828125,71.5138931274414,184.0223388671875,443.19122314453125,13.595000267028809,141.55628967285156
2025-12-11,2096.561279296875,72.15214538574219,181.65052795410156,441.9913635253906,14.114999771118164,141.9329833984375
2025-12-12,2145.50244140625,72.04244232177734,,439.1917419433594,14.170000076293945,140.53526306152344
2025-12-15,2187.5224609375,72.8801498413086,181.18008422851562,437.3919982910156,14.295000076293945,140.56500244140625
2025-12-16,2175.657958984375,72.57099914550781,179.43551635742188,422.4439697265625,14.350000381469727,139.99000549316406
2025-12-17,2165.276611328125,72.29176330566406,176.56382751464844,425.4935607910156,14.350000381469727,138.55999755859375
2025-12-18,2218.172607421875,74.04695129394531,180.17059326171875,420.3942565917969,14.324999809265137,139.7100067138672
2025-12-19,2196.4208984375,73.94722747802734,177.99478149414062,424.7936706542969,14.364999771118164,140.91000366210938
2025-12-22,2191.9716796875,74.22645568847656,177.4459228515625,427.5932922363281,14.28499984741211,141.74000549316406
2025-12-23,2207.791015625,74.18656921386719,179.67074584960938,427.44329833984375,14.119999885559082,142.4600067138672
2025-12-24,2211.74609375,73.8375244140625,180.94485473632812,425.79351806640625,14.125,142.7100067138672
2025-12-25,2239.92431640625,,,,,
2025-12-26,2236.9580078125,,181.06246948242188,,,142.89999389648438
2025-12-29,2246.84521484375,74.19654083251953,180.60183715820312,426.99334716796875,14.194999694824219,142.41000366210938
2025-12-30,2225.093505859375,74.49571990966797,176.81866455078125,430.8928527832031,14.21500015258789,142.41000366210938
2025-12-31,,74.75501251220703,178.4064178466797,432.7425842285156,14.229999542236328,141.49000549316406
2026-01-02,,75.34339904785156,177.5341339111328,437.8419189453125,14.40999984741211,142.49000549316406
2026-01-05,2246.84521484375,74.49571990966797,180.31759643554688,435.1922912597656,14.225000381469727,143.67999267578125
2026-01-06,2234.980712890625,73.608154296875,178.05357360839844,431.792724609375,14.125,144.35000610351562
2026-01-07,2216.689453125,74.0070571899414,177.19110107421875,418.1445617675781,14.329999923706055,143.80999755859375
2026-01-08,2215.20654296875,75.28356170654297,180.28819274902344,415.5948791503906,14.369999885559082,143.77000427246094
2026-01-09,2244.37353515625,74.59545135498047,179.48452758789062,425.5435485839844,14.244999885559082,144.75
2026-01-12,,75.00432586669922,179.42572021484375,426.5434265136719,14.239999771118164,145.3800048828125
2026-01-13,2173.186279296875,73.71784973144531,179.82754516601562,436.842041015625,13.90999984741211,144.88999938964844
2026-01-14,2224.104736328125,73.69790649414062,180.82723999023438,443.4411926269531,13.800000190734863,144.7100067138672
2026-01-15,2226.082275390625,73.12947082519531,178.55999755859375,437.8419189453125,13.96500015258789,145.0
2026-01-16,2175.16357421875,73.59818267822266,179.5,440.1916198730469,13.789999961853027,145.0
2026-01-19,2283.921875,73.61812591552734,181.19000244140625,437.6419677734375,13.914999961853027,
2026-01-20,2318.52685546875,73.19927978515625,181.55999755859375,437.5919494628906,13.699999809265137,142.36000061035156
2026-01-21,2235.969482421875,75.48301696777344,181.27000427246094,445.1409606933594,13.720000267028809,144.00999450683594
2026-01-22,2205.3193359375,77.347900390625,185.60000610351562,436.7420654296875,13.824999809265137,144.80999755859375
2026-01-23,2194.443603515625,76.6597900390625,185.91000366210938,443.5911560058594,13.850000381469727,145.16000366210938
2026-01-26,2170.71435546875,75.26361846923828,186.4499969482422,444.791015625,13.920000076293945,145.72000122070312
2026-01-27,2149.457275390625,73.47850799560547,184.47000122070312,451.99005126953125,13.819999694824219,147.05999755859375
2026-01-28,2144.513671875,71.37428283691406,185.22000122070312,455.989501953125,13.920000076293945,146.83999633789062
2026-01-29,2151.928955078125,71.31444549560547,182.61000061035156,462.588623046875,13.90999984741211,146.6999969482422
2026-01-30,2186.03955078125,70.64627075195312,182.3699951171875,463.73846435546875,13.84000015258789,145.5
2026-02-02,2204.33056640625,73.73780059814453,,461.78875732421875,14.225000381469727,146.30999755859375
2026-02-03,2228.553955078125,75.53287506103516,186.97000122070312,466.4381408691406,14.3100004196167,145.5399932861328
2026-02-04,2263.158935546875,79.12303161621094,184.6199951171875,477.6866455078125,14.845000267028809,144.99000549316406
2026-02-05,2283.427490234375,77.85650634765625,187.27000427246094,469.03778076171875,14.854999542236328,143.2100067138672
2026-02-06,2292.8203125,78.52467346191406,190.9499969482422,477.9866027832031,14.850000381469727,146.27999877929688
2026-02-09,2307.65087890625,79.25267791748047,192.16000366210938,477.5866394042969,14.869999885559082,147.41000366210938
2026-02-10,2301.224365234375,79.7812271118164,194.11000061035156,448.2905578613281,14.880000114440918,147.30999755859375
2026-02-11,,82.28436279296875,194.5800018310547,472.68731689453125,15.289999961853027,147.7100067138672
2026-02-12,2328.908203125,82.72315979003906,194.25999450683594,457.93927001953125,15.5,145.64999389648438
2026-02-13,2348.18798828125,83.63066864013672,196.66000366210938,460.9388732910156,15.680000305175781,145.94000244140625
2026-02-16,2270.57421875,,197.5,465.688232421875,15.515000343322754,
2026-02-17,2300.72998046875,83.3115463256836,196.47000122070312,460.3889465332031,15.395000457763672,146.0
2026-02-18,2286.887939453125,83.24173736572266,193.72000122070312,469.437744140625,14.649999618530273,146.6300048828125
2026-02-19,2262.66455078125,83.90990447998047,193.60000610351562,479.0,15.164999961853027,146.33999633789062
2026-02-20,2166.265380859375,83.57083892822266,194.38999938964844,467.6000061035156,15.3100004196167,147.6300048828125
2026-02-23,,85.02684783935547,192.5399932861328,474.1000061035156,15.864999771118164,146.25999450683594
2026-02-24,2205.813720703125,84.12930297851562,191.63999938964844,471.20001220703125,16.1299991607666,147.3300018310547
2026-02-25,2189.5,83.47110748291016,193.4600067138672,470.25,16.145000457763672,148.64999389648438
2026-02-26,2168.0,82.57357025146484,194.4499969482422,474.29998779296875,16.0049991607666,147.9499969482422
2026-02-27,2195.5,82.55362701416016,193.6300048828125,477.6499938964844,16.045000076293945,147.3800048828125
2026-03-02,2146.5,82.03504943847656,194.75999450683594,487.8500061035156,15.895000457763672,146.5500030517578
2026-03-03,2073.0,81.42671966552734,193.75999450683594,493.0,15.279999732971191,143.67999267578125
2026-03-04,2025.0,82.54364776611328,196.52000427246094,481.25,15.220000267028809,145.0
2026-03-05,2006.0,83.36140441894531,192.5,491.95001220703125,15.229999542236328,143.32000732421875
2026-03-06,2072.5,80.53915405273438,195.05999755859375,498.8999938964844,15.220000267028809,141.67999267578125
2026-03-09,2065.0,80.65882110595703,192.77000427246094,510.0,15.140000343322754,143.0500030517578
2026-03-10,2055.0,82.07494354248047,191.42999267578125,499.54998779296875,15.1899995803833,143.0500030517578
2026-03-11,2045.0,80.57904052734375,192.89999389648438,514.0,15.175000190734863,142.94000244140625
2026-03-12,2028.5,81.3768539428711,191.6699981689453,529.2000122070312,15.430000305175781,140.4499969482422
2026-03-13,2041.0,82.3940658569336,190.35000610351562,534.2999877929688,15.5,139.5399932861328
2026-03-16,2045.0,84.01960754394531,,540.2999877929688,15.694999694824219,141.47999572753906
2026-03-17,2052.0,82.7331314086914,188.64999389648438,551.9000244140625,15.880000114440918,141.8800048828125
2026-03-18,2109.0,78.47481536865234,188.1300048828125,555.7999877929688,15.6899995803833,139.7100067138672
2026-03-19,2064.5,76.32071685791016,187.77999877929688,583.2000122070312,15.295000076293945,139.3800048828125
2026-03-20,,75.96170043945312,182.00999450683594,562.2999877929688,15.244999885559082,136.5399932861328
2026-03-23,2032.0,78.74407196044922,183.13999938964844,538.5999755859375,15.005000114440918,138.80999755859375
2026-03-24,2047.0,77.75678253173828,188.8800048828125,557.5,15.329999923706055,138.0399932861328
2026-03-25,2080.0,78.4050064086914,193.6199951171875,565.4000244140625,15.40999984741211,139.33999633789062
2026-03-26,2100.5,78.19999694824219,191.6999969482422,583.0999755859375,15.550000190734863,136.3800048828125
2026-03-27,2126.5,77.62000274658203,194.8699951171875,584.0999755859375,15.335000038146973,134.5500030517578
2026-03-30,2136.0,77.47000122070312,195.8300018310547,602.0,15.625,134.19000244140625
2026-03-31,2123.5,78.8499984741211,198.63999938964844,606.2999877929688,15.904999732971191,138.3699951171875
2026-04-01,2195.0,78.63999938964844,201.75,576.0,15.96500015258789,139.6699981689453
2026-04-02,2180.0,78.30000305175781,,591.2000122070312,16.19499969482422,139.44000244140625
2026-04-03,2180.0,,,,,
2026-04-06,2194.5,79.36000061035156,202.14999389648438,,,140.14999389648438
2026-04-07,2231.0,78.68000030517578,203.3800048828125,597.5,16.040000915527344,140.1999969482422
2026-04-08,2198.5,80.62000274658203,201.3300018310547,562.7000122070312,16.19499969482422,144.6199951171875
2026-04-09,2096.5,78.31999969482422,199.8300018310547,580.5,16.329999923706055,145.07000732421875
2026-04-10,2027.0,77.83000183105469,201.7899932861328,574.0999755859375,16.360000610351562,145.0399932861328
2026-04-13,2000.0,76.43000030517578,202.82000732421875,579.2000122070312,16.459999084472656,146.41000366210938
2026-04-14,1968.5,77.37000274658203,198.5399932861328,565.0999755859375,16.625,148.11000061035156
