Date,3382.T,ATD.TO,FEMSAUBD.MX,BP.L,CA.PA,ACWI
2021-01-05,-0.008779208728140975,-0.0054496692950487535,-0.006535468592791083,0.07072700988209446,0.03588680669355915,0.010308350475608075
2021-01-06,0.028508111125661317,-0.013698507447682085,-0.004967495785643816,0.06348624434202166,0.02198537753435792,0.005595028825796877
2021-01-07,0.0484394864927169,-0.0023150254454505914,0.0014841739864055459,0.017943355255079618,0.005215068002913492,0.010473595128083657
2021-01-08,0.024640293608113373,-0.00301621919023487,0.011990430576314326,0.012542724754977641,-0.01167316322950862,0.008853307091188034
2021-01-11,,-0.011635688778186104,0.0005327709925497803,0.00033445004478971363,0.005577461735315037,-0.008775613886536804
2021-01-12,,-0.026371708791006254,-0.003859032347960256,0.020749757310384753,0.0091353997756769,0.0035628855641405277
2021-01-13,0.0,-0.0981863986871565,-0.004608173944363414,-0.003606772059890906,0.13417396475692156,0.0006455708508408264
2021-01-14,0.011000284372773672,-0.008312862480092664,0.01623731136724227,0.01760489073965199,-0.025085557568496397,0.001505031845822069
2021-01-15,0.008603128489444778,0.039751169161585276,-0.011818213204130457,-0.021988808654830216,-0.02865497161993502,-0.010520642614834319
2021-01-18,-0.012292974919234312,0.022106559019725802,0.009153363682160354,-0.006943249434260723,-0.06923546427344451,
2021-01-19,-0.01600206918289726,-0.022900707377066176,-0.028071961001660206,0.0029964691092905227,-0.029754140991747446,
2021-01-20,0.014455389184611533,0.006510174519211098,-0.010013745869544621,0.005311186664058498,-0.005666621257722437,0.012469259919411169
2021-01-21,0.0015267409298727053,-0.008796599138557792,0.0054359493540023784,-0.03136849073230086,0.010727340802026308,0.00021229836187197648
2021-01-22,0.0035568956160425547,0.008352645279489535,0.005338200263911075,-0.01142014612238107,-0.023880463325393397,-0.004670633443057959
2021-01-25,0.01392433275698668,0.01812052092961558,0.023076825698275183,-0.03224135000458428,0.007475295283925876,0.0033061192515722038
2021-01-26,0.008489175152009532,0.007373608835384404,-0.008117623457310041,0.006057430516057449,-0.010792626615734768,-0.0030824126668924645
2021-01-27,0.008665474384942806,-0.009843541351128082,-0.003957892734610002,0.0,-0.016365485753858877,-0.024629521789498177
2021-01-28,0.0004907580760595831,0.008156766149711281,-0.011920797685221363,-0.02071883494590121,-0.006239050003352675,0.008417029613552618
2021-01-29,-0.02821373462639798,-0.0007581777378733445,-0.04778137743076982,-0.018083401757713502,-0.02406703938605681,-0.019620436353564363
2021-02-01,0.0042917386175673755,0.004301727436796465,,-0.01620587547508967,0.00786285709591783,0.017027823007884635
2021-02-02,0.002011023073264173,0.005542675281546172,,-0.0453017775881277,0.0120567245828882,0.012719984324798261
2021-02-03,0.018565091590215355,0.012528528751414747,-0.004690832633090114,0.01294122841898715,-0.01016135644474081,0.001717707027417248
2021-02-04,-0.0012314786756402185,0.01756978150921884,0.015443847151910495,-0.012969391423628407,0.003185950056018738,0.006858778513534114
2021-02-05,0.015289628148830836,-0.02821021123805867,-0.0010711462645458525,-0.011374775073077381,0.021877024600300832,0.005747852422736566
2021-02-08,0.03181950898141572,-0.0025027304745400825,-0.009864125535160362,0.0392780755771458,-0.007596532986953841,0.007513942660464457
2021-02-09,-0.0007064180663434172,-0.0170594392507597,0.01812018371604629,-0.008589558856647361,0.01322210973463056,0.0019959189297360513
2021-02-10,-0.004004612125331097,0.001531185634419785,0.001843447204494586,-0.00231052782323915,0.0010301727146628803,0.00020954037319143026
2021-02-11,,0.0030583014471232683,-0.027319671662225264,-0.0050172058299067235,-0.005831938939212411,0.0049263096148406404
2021-02-12,,0.01346563600811046,0.010477971013153065,0.015515738156237191,-0.0031056136660219114,0.0047974910001984394
2021-02-15,0.020284966232410717,,-0.01224164120288529,0.0653173455872238,0.019383953181171032,
2021-02-16,0.026272102863848623,,0.04512659802073027,-0.0025099893825440978,-0.005093552516107658,
2021-02-17,-0.017758415696538465,-0.012658367671516069,-0.006277847271201065,0.008626971022400287,0.004778239265773809,-0.001968450262828214
2021-02-18,-0.004461081432178049,-0.00410228155540604,0.0035798348206983466,-0.039785783870393,-0.006114095795226482,-0.006955168055489902
2021-02-19,-0.011556555167562377,-0.01390357092099137,0.007134516984803385,0.010950305551760797,0.028708133971291794,0.0017770236269007977
2021-02-22,0.0026244514814370845,-0.004699624728182417,0.0016665546721807978,0.02790537276883498,-0.00996672059457504,-0.010330882509502648
2021-02-23,,-0.005770956140859318,-0.012133301444074096,0.01268096659476714,-0.011744965768956228,0.0007382592239153496
2021-02-24,,0.005013162654499359,0.00470244551978638,0.053968149824070055,-0.010866001482012,0.005689537193995786
2021-02-25,-0.013257615467399897,0.013126843037809754,-0.0019560232718857096,0.019243725114857613,0.009955467099042714,-0.02210578906754157
2021-02-26,-0.03143001183511873,0.001036362517969902,0.0018898780210645505,-0.042029275658643006,-0.01801500189529659,-0.00889217597548353
2021-03-01,0.04359692294962558,0.004400939231786305,0.004261617975446885,0.019879978134373033,-0.0065766466063476026,0.02302456086398119
2021-03-02,-0.027771359865446876,0.019329384124129545,0.01245214328837907,-0.003192675148593782,-0.008013961116422164,-0.006445411998869721
2021-03-03,0.023437459890693457,-0.008343497530279742,0.0039850677613331165,0.027983815509933452,0.0017562106484019235,-0.010954139218433023
2021-03-04,-0.0007155150125989218,0.017083267289818016,0.03757203873786419,0.026893932058586145,0.0049088361401015135,-0.014301043068532193
2021-03-05,0.015516757520821267,0.017297374105036623,0.03700259163632569,0.018204869021266168,-0.0034892194987967695,0.014072261283824439
2021-03-08,0.007992471723809125,0.0064072465392148725,-0.003943380772107208,-0.00047031800156782655,0.00210082853673077,-0.00882101612759012
2021-03-09,0.03614735306741301,0.001958434264101694,-0.004980721192250237,-0.010669749958428176,0.005940022238276166,0.01703923574356425
2021-03-10,-0.013279319813387813,0.00855356688503095,-0.0039792825853095515,-0.0007928517187754114,0.013546334306070662,0.004481991027486032
2021-03-11,-0.012317520478543065,-0.00411941542341876,0.004059599798603708,0.014761462860095387,-0.019876651502383158,0.01296075594898416
2021-03-12,0.0011546429572757422,0.014112119158271152,-0.015144785620393786,0.01188814167151997,0.020979069566729347,-0.0018877899999799608
2021-03-15,0.0232988844980615,-0.001679250561566925,,-0.02256936250444186,-0.003082133179539648,0.005358956821009286
2021-03-16,0.004733838177615857,0.006728877955320067,,-0.01549895055056183,0.0013740629034104668,-0.00010462671156508119
2021-03-17,-0.00560907338096861,-0.007877422730811823,-0.021575931642007995,0.008192887944591831,-0.009948553406957994,0.0029266335052919867
2021-03-18,-0.0031588318773119184,-0.02069327269743204,0.00045949135123080076,-0.0058954817685217265,0.021483009122802432,-0.013444460270783165
2021-03-19,0.018560502459904926,-0.014004930582178887,0.01692464571853214,-0.016829552602575792,0.0016960419056513132,0.000739662996271262
2021-03-22,-0.0082222714692195,0.009967515749863987,-0.0005806840194071405,0.0017931990703334844,-0.011175053158848036,0.005066819383960253
2021-03-23,0.01232356972869364,-0.0017273917116011894,0.004841052793204792,-0.0374287680956743,0.010273913917219879,-0.011343221227803402
2021-03-24,-0.044709889607067343,-0.015076474123140171,0.014003172238900241,0.019611309485695783,0.023050825338783554,-0.008286595265586394
2021-03-25,0.027571660447151203,0.006740386822384092,-0.008361921973045972,-0.026032278548241417,0.01225971885537347,0.004499186881038453
2021-03-26,0.021646051509777164,0.003996880162541183,-0.017950737096907976,0.030473005214804116,0.0,0.01663664360329342
2021-03-29,0.011917900001954695,0.02761902632330826,0.02810145354369631,-0.007103712176081078,0.004255465213701459,-0.0023077925740379035
2021-03-30,-0.00021820869536071097,-0.003148074792500899,-0.0025942611248648273,0.00332768639971337,0.00032587834593011955,-0.001577142596948189
2021-03-31,-0.02639613469290969,-0.010687118878481172,-0.022519884536652768,-0.022719851577747474,0.006516691845881661,0.00200087545975447
2021-04-01,0.007170203789603757,0.013994698347921108,,-0.01646001404391284,-0.01262525857772756,0.013032061853387233
2021-04-02,0.008231326796170224,,,,,
2021-04-05,0.004633651690165719,,,,,
2021-04-06,-0.021963576417755593,-0.010439603488808236,0.021044730214439644,,,-0.0011285923623856053
2021-04-07,0.019088377820723368,0.03876331480564543,-0.0077903751510355335,0.01867609572386697,0.00724161814872093,-0.0016435992153636114
2021-04-08,-0.02512139812426961,-0.01511545968320871,0.00519311605062267,-0.022916917061288622,-0.009477057755691187,0.006173472671138658
2021-04-09,-0.025316353871715047,-0.0035972635625561855,0.001968174014667312,-0.011559611096669031,-0.018145815175827806,0.004499475890092697
2021-04-12,0.012523005438774604,0.004091559653822685,-0.008839385616926099,0.011525343154686674,0.005712319555229772,-0.0027486204755311494
2021-04-13,0.020156026759353463,0.0,-0.002786643541561884,-0.0005028810315735877,-0.004343376822295686,0.004695625189961916
2021-04-14,-0.004265907766541566,0.0011983216030186927,-0.0032296382082528385,0.03386415257609254,0.0036912405243498814,-0.0006096066699973202
2021-04-15,0.05411517436638591,0.003591331387765795,0.0009970164074646348,-0.015728496122295876,0.002674622067753152,0.009455344390619347
2021-04-16,-0.02737977130915803,-0.006679708424110142,-0.006224372396985034,-0.0018123072993375677,0.009669981640366698,0.00392755463422767
2021-04-19,-0.002419199053985688,0.011527794923384738,-0.017036259597224768,-0.006931970071468618,0.015191511002469626,-0.004113045761017897
2021-04-20,0.004409088919345772,0.0035610135911749996,0.014336800662720028,-0.030247572677315593,-0.017892063955904147,-0.010677864658621306
2021-04-21,-0.022168623665882015,0.001419332209911861,0.00885741743939672,0.013539030175760747,0.05034777747792596,0.008858365622214537
2021-04-22,0.014590554636967568,-0.010866973505890165,0.002179206485890761,-0.0023671717150293148,-0.002207505685433264,-0.006055627344819792
2021-04-23,-0.001991314515409681,-0.0009553565645397111,-0.0023608214153053586,-0.009830583107591773,-0.0037925705086612194,0.010865174062918204
2021-04-26,0.0019952877608904185,-0.005020346640526974,-0.00211757804204471,0.015234497327676122,0.002538005905455387,0.0021094879018379586
2021-04-27,-0.011725914171007212,0.0004804996044298626,-0.0035574319335764937,-0.004215167815962428,0.01044309254399689,-0.0004008063545964946
2021-04-28,0.012088743975408933,0.0014411901842525943,-0.0028811999741218397,0.031154726438875624,-0.0006263916012237969,0.0016042023285989249
2021-04-29,,0.005755219418039692,0.011180950043619298,-0.008210334216534387,0.002506986798291866,0.0024030331633417834
2021-04-30,,-0.004291786228171723,-0.025406956222968624,0.0033115638614678033,0.006877160315272635,-0.009288879605582556
2021-05-03,,0.0016761582014062082,0.014787682537015012,,0.004346476526529308,0.003931851049780999
2021-05-04,,-0.007171691882980391,0.010897833547744318,,-0.00834612924148459,-0.009439613138698344
2021-05-05,,0.014447185496495374,-0.006745655993166122,0.026922823114566397,0.013403851139733636,0.003649735183752778
2021-05-06,,-0.005696669530691478,0.003236961623622303,-0.012443799985918491,0.018455977596518514,0.0071716398448737895
2021-05-07,0.01823124268496512,0.00262604781615261,0.0051248404191808206,-0.0030206423202921995,-0.0021141649048626032,0.009026214569403557
2021-05-10,-0.03210527564196197,0.01666656205964001,0.015484252981653013,0.006856743589711112,0.01755435519830817,-0.009839976523985272
2021-05-11,-0.01169468148408026,-0.016158934351429455,-0.014938378765793625,-0.03515997893122069,-0.01487204071726933,-0.008231211622847345
2021-05-12,-0.012048229460055682,0.004522415367408383,0.0016360435652549299,0.03512808688344671,0.019625698021144,-0.020647831432731745
2021-05-13,0.04965152598233802,0.006161210242390913,0.014197950055180986,-0.021884163312444804,0.0032573694030313405,0.008061187768540146
2021-05-14,0.02531136325270933,0.023316115302111307,0.015485490726442785,0.017023580717763886,0.006493374798859808,0.01578818618324518
2021-05-17,-0.030756776347137693,0.0057537824549391825,-0.00805171017208317,0.005579478084878131,0.013783042181460425,-0.0015137807508517342
2021-05-18,0.02421691940712023,0.004576656110824029,0.034067085252073026,0.004438796792877842,0.002892572715130992,-0.002729087894679294
2021-05-19,-0.0012230108372097703,0.0027335380416240174,-0.005887184808568313,-0.02667305495979122,0.0,-0.004662646725435038
2021-05-20,-0.016734508301312068,0.021353661253056044,0.012203072570392548,0.006324176311476082,-0.0014421494628676923,0.011507211280157525
2021-05-21,0.010377514325245363,-0.019127821445831028,-0.023816670672127005,0.006122956972896665,-0.010109694986500273,-0.0011075967807754328
2021-05-24,0.00369767350866268,,-0.0010894586498974013,0.013452881844973286,0.004085205841601214,0.007861241264436547
2021-05-25,-0.005935236316925607,,-0.01642447971569494,-0.020069383596269974,-0.01046201565273841,0.0
2021-05-26,0.006382484469670713,0.004970498718436245,-0.0049293195839401616,0.0020964341971838607,-0.01057719695807946,0.0024002329275312206
2021-05-27,-0.028436854524843458,0.007194205197826209,0.0001239417754574923,-0.013356954409216582,0.013744541552987544,0.0010973756371308596
2021-05-28,0.02105701212494715,-0.010044415495238712,0.01027791538016709,-0.0013047126119757335,0.006327225639946477,0.00298941107771844
2021-05-31,-0.023303777929822966,-0.015332787519935498,0.025862660492679934,,0.0011976646896920684,
2021-06-01,-0.01119086218771459,0.013052441802898107,-0.008662389061449116,,0.009270328395011962,
2021-06-02,0.03608793150735079,0.01311024708988695,0.010726693546005972,0.02223951936700863,-0.0002962938656070335,0.001089168921885264
2021-06-03,0.017724695253527933,0.00044646087523436684,0.003338865289985282,0.007303772495515615,0.023117909087229327,-0.005242853318989438
2021-06-04,0.0016200589206143423,0.004237080547464078,-0.004456775371512123,-0.014347311574441246,0.0037660368797431953,0.009248237325735875
2021-06-07,0.007682955875127684,-0.0006663020572874601,0.026860904415864084,-0.0007824323774366926,0.002885911903240057,0.0002955832541993164
2021-06-08,-0.004815400974407358,0.005333437948835673,-0.0194154623289694,0.012531308385779205,0.002302273376115993,-0.0004923838020988169
2021-06-09,-0.02076613028154428,-0.004863092164879901,0.0048610634508139405,0.004795437902784583,-0.015216908311243671,-0.0025623629518710667
2021-06-10,0.0,0.0019993504062976175,0.0031857440016664906,-0.00431071592133403,0.0020407997145621692,0.005015446670578738
2021-06-11,0.008647360572571872,0.008867119990912053,0.011996505838932636,0.002937684533568241,-0.0034913208775370075,0.0018816207467744483
2021-06-14,0.0022452111682229603,0.0004392530188661592,-0.004358314804625563,0.01881004446206025,0.004087557642191486,0.0025696308420426472
2021-06-15,0.019551985116741166,-0.003952945032211885,-0.001342279036024685,0.00696118151585412,-0.005524884305419531,-0.0019716606790556312
2021-06-16,-0.0011984991133239253,-0.01102561428774751,0.006019528550685216,-0.011271278976498156,-0.013157855350738212,-0.006420393015379444
2021-06-17,0.0,0.011817242699771136,-0.006738815401723608,-0.014896073784883446,0.007703571568170142,-0.001888691803080822
2021-06-18,0.0,-0.009034838415085233,-0.0017546650710212885,-0.026693376247893474,-0.008820863812539659,-0.013247260060856192
2021-06-21,-0.005599976706529786,-0.03090954064451612,0.004980236616258571,0.004597564253055353,0.012459247484035041,0.011809993465601076
2021-06-22,0.036001568800711814,0.016521386877436095,-0.012942230519979558,0.018462879369257612,0.0002929949661856224,0.004090093079045731
2021-06-23,-0.016889826253013607,-0.009932292568735956,-0.0014768040797905613,0.004648450833944606,-0.007029819486731537,-0.0018877302463217172
2021-06-24,-0.002567272309107582,-0.002280162684813014,-0.005560025520302436,0.0003079722058858536,0.007374639164219987,0.007067478388899762
2021-06-25,-0.003563624671459542,0.007770033300794621,-0.0022601909354038607,0.003700471144842732,-0.006735073418064119,0.0040526589848270955
2021-06-28,0.04470502062498971,0.006802444452998158,-0.0025636742781404154,-0.03179744783642369,-0.013856087567438946,-0.0002952438150612968
2021-06-29,0.004184060836356807,0.004729754589444246,-0.003167764742681878,0.002697597146790187,-0.013153992285417249,0.0003936932539214677
2021-06-30,0.0032197327846965607,0.033849013131064254,0.008094564392729708,-0.0031644791522874582,0.004846976426389649,-0.003937092472145021
2021-07-01,-0.015102759489498019,,0.003390192714609608,0.030158471815385335,0.010250212849054474,0.004150487362758026
2021-07-02,-0.003833703898096341,,-0.006105414564748224,-0.00955320826487982,0.008057300307615645,0.004625422482080754
2021-07-05,0.0,-0.00952409934412457,0.013955986132326403,0.008867667121418732,0.008585029494939,
2021-07-06,0.00673450925141017,-0.012179320868594523,-0.007882070578932865,-0.04148049909089557,0.0023481558866838004,
2021-07-07,-0.010894467225469051,-0.010229458251339918,0.006996225502452269,-0.00997411493755107,0.0014640486432870858,0.002164281017158487
2021-07-08,-0.00985502612036726,0.0072260378629613875,-0.0161909529893135,0.0,-0.047368374505417976,-0.010994385151618102
2021-07-09,-0.02068701207448076,0.018478217161429722,-0.007360812745276224,0.010399584052426913,0.003683211003585818,0.01320091247937416
2021-07-12,0.013949964903062329,0.013873813712686589,0.009103557797248252,-0.005629124965846111,-0.004281310534114291,0.0029389488895710247
2021-07-13,0.01257845988916495,-0.00042080491739160397,-0.0064524592296663075,-0.010512294390550458,0.0012284196760661281,-0.003418726242804593
2021-07-14,-0.013004710810845865,-0.004844484320475018,0.006374116036736988,-0.003759556389145935,-0.005828173439795692,0.00137221402746035
2021-07-15,-0.0033431240415369157,0.04761938509925345,0.014399929392551414,-0.02854809827232463,-0.003702530636904733,-0.004208604403568628
2021-07-16,-0.005130332992077213,0.0012119715634053563,0.004889247983380196,-0.012835565294831874,0.005884126333119077,-0.0075683635220190615
2021-07-19,-0.007338322384092932,-0.01916858637547425,-0.026143202700286472,-0.047219638921757956,-0.028325178377277216,-0.015152987992538836
2021-07-20,-0.0009989218947794587,0.01542911123880919,-0.007824726989224429,0.006104855739263115,-0.00665386471460494,0.011061821436595842
2021-07-21,0.002399955354182026,-0.001620841359536107,0.015530136611260792,0.033196681707626574,0.002232836470444033,0.010543230287194172
2021-07-22,,-0.0008117768229344291,-0.0132617512405927,-0.018828935853256734,0.00350092602966412,0.0016731257012390088
2021-07-23,,0.008935828215901997,0.007749361012782341,0.0003521041426899352,0.01141767770180957,0.006288725631188097
2021-07-26,,0.011674748497646048,0.002583060746568222,0.028687194574530395,-0.0015678768088037698,-0.0005857826395180288
2021-07-27,-0.0019960112063340807,-0.005769931506403814,-0.008029100173851611,-0.0029084503319853905,-0.0031407508865216593,-0.006741701025659852
2021-07-28,0.0033999569717841904,-0.009005527546106062,0.04699466561614396,0.001372755140667259,-0.0028355156805512927,0.004623147851341214
2021-07-29,-0.02351995809775209,0.008885463775725189,0.013269730754807307,0.013193908278231525,0.028752034159994277,0.005483320103931044
2021-07-30,-0.006328013638178143,0.020216082396045554,-0.011103196713892705,-0.021816270899822965,-0.038083582415055495,-0.0056480383850490146
2021-08-02,0.02054260291259813,,-0.010478731757192827,0.0019018044824410385,0.025862154778914626,0.0004896808684915488
2021-08-03,-0.012077475577239372,,0.03188619175892904,0.05642800126138092,0.01711788939684511,0.007145582491683955
2021-08-04,0.003667619661117616,-0.0007698301463460178,-0.014830249193782397,-0.010127461187325992,-0.004589925700444253,-0.002040955899649144
2021-08-05,-0.00852623357338489,-0.018297436810936096,-0.01053172443355288,0.009075837288113675,0.0006147405119147908,0.004285141490118161
2021-08-06,-0.011466046254674955,0.010202097592748816,0.009949650788618758,0.0055601627619465965,0.006451631810599823,-0.0016485439625756326
2021-08-09,,-0.004855396095352016,-0.006185994543328577,-0.006505162879798632,0.005189283827412794,0.00048552477557839424
2021-08-10,,0.006830704826539691,0.006224499261797023,0.011294785869454982,0.0060734394418879845,0.0012622334813230385
2021-08-11,0.014664009428216218,-0.0017445018750149588,-0.0022909705079900977,0.009064498409466992,0.024751130490842765,0.003102897368502555
2021-08-12,-0.0030108440550481452,0.0,-0.004248267148706408,-0.015114053160625973,-0.0017674272680378023,0.00048333798793587235
2021-08-13,-0.00785181891094855,-0.0033009630879501373,0.00564988301423619,-0.005212783066556148,0.002950836126302203,0.0025120314747326677
2021-08-16,-0.02008922087081022,0.00896147176027351,-0.0005157903847849976,-0.024070657291103248,0.010591262673759871,-0.0013492552519029921
2021-08-17,-0.00393446785447138,0.004055067822569924,0.0009177230143948556,0.014932937620527609,0.0034934888836855027,-0.009264673035643933
2021-08-18,-0.0047816783881151625,-0.003461723897869695,0.005100303225016756,0.0006612674451129674,-0.009573598370552494,-0.006818562760861124
2021-08-19,0.012324879473960104,0.009648798623639987,-0.011061073193826543,-0.04923191975846697,0.004100728033926693,-0.005296366359201499
2021-08-20,0.012174993109084875,-0.0003822666085965265,0.005188928556034478,0.0003477902616388917,0.008751590914520602,0.0059161495620612126
2021-08-23,0.02018358547699961,-0.003824204145775445,0.006194196393723317,0.024839338403936262,0.0,0.01009622811654487
2021-08-24,0.005795275722910276,-0.009596791224531609,-0.006498343942719642,0.013050478952328692,-0.013013396640306762,0.004560707162367672
2021-08-25,-0.02483612256943868,0.0029069655149076556,0.001836077002581149,-0.0016727251439532242,-0.011426871851309639,0.0012558130878537188
2021-08-26,-0.026487247292914073,-0.010435035144609195,-0.0018327120022214594,-0.006033191935896909,-0.001185595684770946,-0.006367559383845367
2021-08-27,-0.0029301685481700757,0.0033197352245508682,-0.0039587840016525044,0.020063869636055776,0.0029673348762369045,0.009612708117511248
2021-08-30,0.006149196971240389,0.01751671192777393,-0.0009217395267372419,,0.0005917800056969291,0.002692641565670062
2021-08-31,0.014752582503433809,-0.016449888267125568,0.00824503268299348,,-0.0035482360808078983,0.0006713526792880842
2021-09-01,0.025337180009478155,-0.015947020545276858,-0.031737794371319294,-0.009092199396792289,-0.05489604040988161,0.0041216304201117104
2021-09-02,-0.00891209920366176,0.020157897834307326,0.011398445197931872,0.019201208919963353,-0.0025118262565724248,0.002768257638656957
2021-09-03,0.014306273491434762,-0.01724119689363135,-0.0071240478231286986,-0.011003636534973826,-0.02234823679601794,0.0022846392037161323
2021-09-06,-0.002216593980721271,,0.017879265226319108,0.006237393424162629,0.018673533839272505,
2021-09-07,0.023626832156297795,,-0.022129831251163856,-0.00016755815805313823,-0.011693963562860787,
2021-09-08,0.0019728038953163995,0.010874699226955276,-0.003958966056125446,-0.0005027587154837754,0.005756417654938728,-0.005326846880405411
2021-09-09,0.005906679989321484,-0.007263315133770987,0.005517087998904602,-0.011902557062847041,-0.012718791488432357,-0.0026775289209656217
2021-09-10,0.01428855752579894,-0.010085054381591574,0.010737571157271697,0.0032237002632327094,-0.017713297123098215,-0.005849117474797438
2021-09-13,0.003473534453215965,0.0019974782502862887,0.00029159892173002966,0.022492665727454897,-0.004917992644294156,0.0036651242721650323
2021-09-14,-0.01615392225130996,0.004585430205495067,0.01890647231840825,-0.007608197026168995,-0.008896291221374919,-0.0059580355010872
2021-09-15,0.008209578010553553,0.0011907803370403425,0.016035892264178342,0.030833100116888668,0.006316515410269563,0.005993746455252191
2021-09-16,0.020938491986495444,-0.005946504805455222,,-0.010670947454685331,-0.01717873857276997,-0.002594661686009636
2021-09-17,-0.01405261039713157,-0.021934336175982505,,-0.00424901764647434,-0.011092346754670968,-0.009923891207415658
2021-09-20,,-0.014882649154874139,-0.0034428805746505864,-0.0031181118646977923,-0.004078903456118832,-0.017613726111684658
2021-09-21,,0.024006508251768865,0.00368526045227191,0.016792761175157933,0.009214941695320222,0.0023775096401521534
2021-09-22,0.004098419251460816,-0.007477713237679762,0.011759693278618366,0.025744735643113303,0.021643618301543155,0.009190364874678503
2021-09-23,,-0.011402894128902052,0.010489600066506677,0.003156972627983201,0.01688184342336685,0.010967551835953548
2021-09-24,,0.01565395510790224,-0.0022445109824134057,0.007710501810696879,0.011718729882325807,-0.00280893454391995
2021-09-27,0.0005767433941405997,-0.002433318588638045,0.0031492209249912584,0.03466613225947546,0.0009652430890683128,-0.0010684757799037659
2021-09-28,-0.014027487102102998,-0.009148476960856522,0.0042044294727556775,0.0159975620019428,0.02732240600628799,-0.01973934045785275
2021-09-29,-0.008380551011047177,0.004924122673515496,0.0010607369401764988,0.005050285226305018,-0.00031281576410913114,-0.0016864012247078675
2021-09-30,-0.0005896310384170267,-0.00469581790600293,-0.0005019272590015555,0.005911922391891977,-0.026917127693018128,-0.0071543351692150425
2021-10-01,-0.023598920151227998,0.0,-0.017965667539068253,-0.006905840236776761,-0.012222554742564506,0.008406732005925788
2021-10-04,0.00020149338933972416,-0.018051331013421268,0.001022629610751169,0.019233785445263107,0.016281284125950535,-0.012306499979114705
2021-10-05,-0.0010069415362053968,0.013160728885792672,0.008910725179034795,0.017999739650254032,0.014418487558713222,0.008641424782797058
2021-10-06,-0.009272053839449956,-0.010309208986756468,-0.022895911684237324,-0.025951889849721077,0.009475675283604712,0.0007970584949994475
2021-10-07,-0.023194548530535153,0.012083191493348355,-0.015544857764394737,0.009515393538688022,-0.0028159970647587684,0.010949755838026043
2021-10-08,-0.006873416435929536,-0.011733319090673877,0.0058482219418638515,0.02537714171359795,0.005961743743793768,-0.0010832622828346183
2021-10-11,-0.0004195530001566139,,0.0033142114488426966,0.01909190333184596,-0.029008234768443386,-0.005914073628749517
2021-10-12,-0.002307964067762125,,0.006084621893975628,-0.005828189793418259,-0.013170468696724669,-0.0012891425467956852
2021-10-13,-0.004836998301287698,0.012282957554411666,-0.006393481759219277,-0.00907334956206085,-0.008463472438199227,0.0075457549597086615
2021-10-14,0.005705913724513456,0.003556688178076639,0.0004058456927968912,0.00774764822616314,0.007222527417128477,0.01290892796016907
2021-10-15,0.011346829618969378,-0.0037523925318495577,-0.006026645400483366,0.01649442470283402,0.010104295556048415,0.008171845829201274
2021-10-18,-0.0029088300692448055,0.032224232205596115,0.0014573735686642664,-0.00591333159038232,-0.017102226183632552,0.0005792854697250771
2021-10-19,-0.007501502995020504,-0.017636443853354056,-0.0071019628692944314,0.0013833619333625258,-0.015101877386605511,0.008486563054802332
2021-10-20,0.00041990938664726585,-0.011555678626047117,-0.01207798520868919,0.0031772187357796966,0.0013333224756584272,0.0029645679919647616
2021-10-21,0.001678764519376541,0.013778823995441947,-0.008842682316918427,-0.01900293593060509,0.016977302899933377,0.000190714919196866
2021-10-22,-0.005866331711312678,0.0018531545668423188,0.013292502640833481,-0.0033690711097601467,-0.000981988799204525,9.553634038428349e-05
2021-10-25,-0.0037933524792370665,0.016855147165463213,-0.00419531814290397,0.015915543292910783,0.005897876761316478,0.003431334376461148
2021-10-26,0.015020056948420457,-0.02951306657880104,0.027889959745861503,-0.0040205467852035826,0.009446252541120304,-0.0005700250702633802
2021-10-27,0.01709044788699554,-0.016663069253356033,-0.019224149291926063,-0.004454095500323829,0.001613485559000205,-0.004942406184585968
2021-10-28,0.002254130535470411,0.015674611152457496,-0.003649445191831635,-0.015520136739574752,0.0006441746716274732,0.008692289538259512
2021-10-29,-0.02228590296052957,-0.01772689654073467,-5.9176177557684895e-05,-0.005254965201906492,0.008049022239907222,-0.0027462373916758986
2021-11-01,0.03868679347004855,0.025902463036373335,0.009098446897923385,0.01941724424008129,0.005748989310365049,0.005032720219198428
2021-11-02,0.0050332104522554655,0.0006208963110572174,,-0.03375341219835959,-0.01524288313883182,0.0005669552510823017
2021-11-03,,0.00206820551318998,,-0.029279611382073356,0.0003224739589897663,0.006421149213696742
2021-11-04,,0.029927741675401354,0.0038387684596048466,0.013886587585457022,-0.009671250101068729,0.002157967068561417
2021-11-05,-0.0013870614539532866,-0.004208417552857391,-0.009739060781878695,0.017378666588107716,0.004557330126926384,0.001966051471747665
2021-11-08,-0.01051578424051769,0.0014086543062703516,0.007662630958158889,-0.0004342577278880766,-0.004860696499033423,0.0018688589213173845
2021-11-09,-0.001002701216550883,0.01688119313107972,-0.00820304461308019,-0.002317076941217522,0.028655154006290928,-0.00251811446809147
2021-11-10,0.00802885753868332,-0.004545477424558686,0.004105373367789822,0.00972564357977701,0.03513770914851522,-0.009069680651896839
2021-11-11,-0.0119473626354617,0.0009927109026757197,0.006733830770591975,-0.007502219182992431,0.003363957999441558,0.0033025967934172673
2021-11-12,0.009673414065462405,0.0,-0.017439036417213005,-0.012313494462870445,-0.017372751129035913,0.006959368353257611
2021-11-15,-0.0019960365330619068,0.013486610904254848,,0.0019066975915180695,0.008064521948902392,-0.0005602104612005832
2021-11-16,0.0070001803868926515,0.004696629419989495,,0.00878354009159521,-0.01999997852328239,0.002055797298154527
2021-11-17,-0.019464029185389586,0.017919920353498098,-0.02876588277462999,-0.007400962137504186,0.0075351865694837095,-0.002797720799478376
2021-11-18,-0.034028685951078,-0.00038272364451596985,-0.004649611311079882,-0.01622812716204458,-0.014957954362382675,0.0002804719383069365
2021-11-19,0.010903742036605824,-0.0220138925655311,-0.006207268780834552,-0.029424864509532855,0.004112662894572683,-0.003552730715288166
2021-11-22,-0.0091266191883288,-0.0013699755845549833,0.006246039627618938,0.02403914141816177,0.012602365216794587,-0.006004912856611533
2021-11-23,,-0.005292109252010624,0.009598826152115825,0.014952427088661402,-0.0018667450805290864,-0.00028317100953278995
2021-11-24,,-0.0443349900480281,0.004690292765178183,0.01502634354228194,-0.015586124756737596,0.0003777203398578344
2021-11-25,0.007740529128782647,-0.005154768597881332,-0.0026497635578862644,0.0007256271739297659,-0.006649650774902316,
2021-11-26,-0.007058104116842379,-0.0271501591030352,-0.021063885299001717,-0.07860772797658666,-0.013388625935135678,
2021-11-29,-0.032824716589253344,0.011290974833302991,0.0002584286855840112,0.03163888999606623,-0.019709197252018584,0.008996787518678051
2021-11-30,-0.015564078419929128,-0.010322394266318313,-0.015180872684193991,-0.006866192582638098,-0.03625585389961028,-0.013614708629363759
2021-12-01,0.00878352345005351,-0.013014467955342446,-0.011282421987614533,0.022891278244917768,0.012311960720126747,-0.011080713124495656
2021-12-02,0.013713384427025854,0.0313444519406898,0.003383543530181443,0.011114764312042391,-0.010472887359591732,0.014448583168896523
2021-12-03,0.014816530875043643,0.0029344318458792706,0.0009919028595106738,0.012625812934632608,-0.0003414106311997456,-0.00852651321234199
2021-12-06,0.013330446514178584,0.020689763894512492,-0.008653199288843783,0.016576457430586666,0.03893434285964936,0.010065643604606933
2021-12-07,0.015452046485624704,0.016175053029695796,-6.662184100936219e-05,0.012698435393891039,-0.004931002599463108,0.021671787987708857
2021-12-08,0.03454649193696757,0.03767914073086387,-0.0015992120928511877,-0.006269734271651006,-0.013214372898948445,0.00284090553168892
2021-12-09,-0.0043728711545509835,0.018446392222756458,-0.00640727634347249,-0.014769070042707999,0.01406097148431118,-0.007932017038216554
2021-12-10,-0.007586293266715116,-0.04671124158618811,-0.0035601442780557324,-0.0027652573859630047,0.0287222681687771,0.005425393577740634
2021-12-13,-0.006437106182052399,-0.008999925439330259,-0.012134306517911253,-0.022183312638751174,0.02471126571633131,-0.009969975470769832
2021-12-14,0.005061419098875364,-0.025226939332529286,0.044083571502870456,0.007910554761281663,0.006263723139662725,-0.005407049611720116
2021-12-15,0.004431973370095044,-0.006004396829252356,0.0054902605427566975,-0.019991210743615984,-0.053532589096792704,0.01242605718872114
2021-12-16,0.01083039940264241,-0.012288983503711104,-0.00045519061800114446,0.024327742408203124,0.00295952855036119,-0.004794381895599886
2021-12-17,0.010912774138880144,0.009067951067709412,0.03485735271140533,-0.015341784335855646,0.022295052554323957,-0.009827555612224259
2021-12-20,-0.041609538049819594,0.008986296323339138,-0.0043991038723106834,-0.03131063744316065,0.0022450852243662833,-0.009438382495177922
2021-12-21,0.008601228442409736,0.0550952280510455,-0.010099065264917217,0.02613653433506835,0.008640078145474517,0.016306419688433493
2021-12-22,-0.0026396316708330314,0.012564014293092951,-0.007523948118474899,0.008892380013066248,-0.0088833229205173,0.009375592905390473
2021-12-23,0.0032573757131213465,0.021326018324264062,0.002955402796918527,0.009709994892313611,0.0060818963969928586,0.006415672263866412
2021-12-24,0.004870118265132728,-0.004365956886222877,0.01614253676771016,-0.0002955506594733981,-0.0044543067132025715,
2021-12-27,0.00989513350895832,,0.005799650938778322,,0.006391840549079264,
2021-12-28,0.015396818573586213,,-0.004387295801662194,,0.0107970637731849,-0.0010353421396119833
2021-12-29,0.00019693073438364905,,0.003021525254524926,,0.002513331607294056,9.412837969113852e-05
2021-12-30,-0.0045284362671838,0.0090565888481704,-0.0025105044732490756,-0.008928715270025367,0.0037606188247492067,-0.001215993344361288
2021-12-31,,-0.008975303217145125,0.002454025135574911,-0.007507598932140702,0.005619685373454697,-0.0016045287985614332
2022-01-03,,,-0.0013181458211201091,,0.0009314523990262558,0.005294101127311546
2022-01-04,,,0.014329649104078968,,0.01830024191617352,-0.0008463817181548761
2022-01-05,0.01040454054460982,-0.025719689433027937,0.005081051142314497,0.01082625848633123,0.05086811547470127,-0.01628242599882812
2022-01-06,-0.018497288982447624,-0.0025610868569330147,-0.002527682288179456,0.0009863349128942378,0.06289850529618457,-0.0021048029313464056
2022-01-07,-0.005828643224796259,-0.008492797424934584,0.0032137323213881075,0.02083625571009806,0.0010908009982935063,-0.00019184204455757747
2022-01-10,,0.01195208946050852,0.00856325584156381,0.0013794237850011104,-0.03731954323740261,-0.0028767702197738387
2022-01-11,,-0.0025590700565748525,0.010689807372863402,0.0180414904749715,0.010469768894539655,0.011925380603030611
2022-01-12,0.01374771441725331,0.017761996858146167,0.007131625188443458,0.032061699830019164,0.0,0.006082313372837378
2022-01-13,-0.03282224370896969,-0.0011636575168464391,0.004560637994935224,0.006422533223869875,-0.010361288597474427,-0.013413803475881614
2022-01-14,0.04877053327870917,-0.002523797022714991,0.005913912871356786,0.012503636561197684,-0.00028296316817622014,0.00028725979310251226
2022-01-17,0.006200359215156492,0.0075907026140533684,0.01912241305696738,0.012991868545991325,0.011038818810035655,
2022-01-18,-0.000577708945392108,-0.005988070792399047,-0.012703354012834844,0.005079395555191102,-0.013157982155705183,
2022-01-19,-0.01830438285167202,-0.019044000274659356,-0.018237542377582905,-0.004169528471428374,-0.008794386852563285,-0.006039318867506527
2022-01-20,0.027673953200760826,-0.006933250573294414,0.007574881537475431,-0.01256002748902818,0.00171728228973822,-0.007840111010762096
2022-01-21,0.0007639529211718177,-0.03111919146032116,0.0004177111249312748,-0.017730971320435662,0.003428610098355822,-0.016989324582721843
2022-01-24,0.004007767546884811,0.02429466738708741,-0.011331825237183124,-0.04748199032923761,-0.00939634503477016,-0.0016077105637463118
2022-01-25,0.0041816218200396715,0.0032161551364513485,-0.002171599727252893,0.04270801179441497,0.004886488635220676,-0.010064392210996864
2022-01-26,0.009464455060698596,-0.019234511023775047,-0.003990186677151564,0.038061153199897335,0.0011440888421490047,-0.004981601670551394
2022-01-27,-0.003187669390679604,-0.0008170778185919714,-0.022154554399271942,-0.0040597998105939,0.018571543859047246,-0.005108974281788581
2022-01-28,0.021444622333608,0.016969893164580307,-0.027312468672032075,-0.01796174136466877,0.0025245234196831223,0.01602136080583949
2022-01-31,0.03001840098608466,0.030760155919186127,-0.009572486379860301,-0.00687509506097117,-0.053161743194434674,0.02062078593222294
2022-02-01,0.04380473569933385,0.03608319471393728,-0.003930215351575006,0.02742959412087509,0.01654853422426039,0.007724943698120379
2022-02-02,-0.0013702832782788166,0.007341836163843984,0.025939483264542762,-0.009534821514660452,-0.011627946299424763,0.006388185757175258
2022-02-03,0.0180103415933921,-0.01083904010237835,-0.04085746822196912,0.007316323722006413,-0.005000027372287774,-0.01914064841373042
2022-02-04,-0.02510539330420314,0.008501648731184641,0.014922196834145529,0.03440359965371398,-0.00857227174795372,0.0044803351435394045
2022-02-07,0.0013825982884647647,0.010116243758232057,,0.006774938604002578,0.0086463909609098,-0.001982369331653855
2022-02-08,-0.007594033249719079,0.0063055904876201385,,-0.023614232959509818,0.0065031193061082515,0.007746670158288449
2022-02-09,-0.013912963564418845,0.015481138177593001,-0.000826604002914122,0.028320687726046456,0.0026431501331414253,0.015768222906737073
2022-02-10,0.0037036150561808867,-0.021778473890639805,0.005154497505780231,0.0009747085601281569,0.004686546324487617,-0.01445623912923688
2022-02-11,,-0.004638228626685392,0.007660618515673567,0.015826922955203937,-0.0005830856327320166,-0.01899973027172952
2022-02-14,,-0.018639294155553543,-0.02839901501983022,-0.03966920836265164,0.003792267829645146,-0.0037130877782721727
2022-02-15,0.02244043168669796,-0.0075974018727051895,0.015261236641988196,-0.008236763990163598,0.005231130276009965,0.01752610674161237
2022-02-16,0.0020575737625607715,-0.014353945555079184,0.015732487153697683,0.016106605562374643,-0.006360302050783417,0.0022768032111308845
2022-02-17,-0.023100602653604918,-0.013592399018531931,-0.010660191792874474,-0.014387441307806226,0.04829801576540382,-0.019358047785808297
2022-02-18,-0.0019267395789558384,-0.022441021774213032,-0.0063383764610079885,-0.01633583083682888,0.009158894449315946,-0.007452854961968014
2022-02-21,0.004913934138865761,,0.016712365173200627,-0.007664675280822597,-0.01870178338988049,
2022-02-22,-0.011700970066859884,,-0.003074360963494116,-0.004891932653121045,0.0067264025712030495,
2022-02-23,,0.0014225800222444906,-0.015984724682268636,-0.00931437429451698,0.006403195742395562,-0.014167084560515852
2022-02-24,,0.004059258485683559,-0.0034534350868633545,-0.045834494321480235,-0.02406638640951253,0.004165390849894646
2022-02-25,-0.02185889690778331,0.0351728938289253,0.04716963004378427,0.03599325964406486,0.017006795543077713,0.022192290696128048
2022-02-28,0.015806670163869496,-0.02851020127005066,0.011399232711230445,-0.039498294321879346,-0.00222970103136233,-0.007000181905930769
2022-03-01,-0.007512141382778892,-0.012261147551541174,-0.04017462572112884,-0.01774162969512505,-0.015083806325678961,-0.01695950594178841
2022-03-02,-0.01261478686169859,0.004883996400143253,0.0306817792574845,0.04844567700518576,0.0008509475270359612,0.014342127980961905
2022-03-03,0.009673328953345939,-0.02247883817540819,-0.018559211637812267,-0.04260128399178942,0.005100487105320184,-0.010143417519707487
2022-03-04,-0.011026827561239405,0.005179376981098827,0.004743086137393382,-0.02873522181828414,-0.017479614801579224,-0.01480171511063022
2022-03-07,0.0062145390996484196,-0.04101400237640185,-0.007143319282047589,0.03834590309679409,-0.025250938819523894,-0.031099057310685074
2022-03-08,-0.0089009725997381,-0.0034386355016504666,0.010635628760325977,0.05117555344195268,0.007948124253360778,-0.0011926785510339988
2022-03-09,-0.004215607015421452,0.051326152353725174,0.0029095398330392097,-0.02223689478205415,0.026285036250536242,0.030289695186619836
2022-03-10,-0.002576649895176697,0.008820477554757122,-0.011172272030587793,-0.02166595572146013,0.010244784333484747,-0.007902911229879517
2022-03-11,-0.008857771252088753,-0.006913166160675277,0.029213604055163822,-0.008528136769185846,0.009859008620054066,-0.013807707515670509
2022-03-14,-0.022900838902284004,0.0077804525883546916,-0.0006066372409451182,-0.010821524058102439,0.017573275034601155,-0.006462250975851069
2022-03-15,0.027629496233767092,-0.026615370592491416,6.067852243507588e-05,0.012622742792659292,0.004934234338406007,0.015609694388550865
2022-03-16,0.02595966920596493,0.06073901388962666,-0.004247679324987486,-0.0009693801574556238,-0.01282047213750992,0.03383501434308123
2022-03-17,0.00415701212441566,0.0365997386000807,0.009567912839420378,0.02051858744223134,-0.0011052686766587216,0.010221082209272536
2022-03-18,-0.006119677614258134,0.007782845137894068,0.004406658722142298,-0.02078525029214351,0.008298880436665268,0.011037236255768468
2022-03-21,,-0.007722740246515314,,0.040510567618170956,0.007407345940404708,-0.0035378564203392138
2022-03-22,,0.0020882826010313327,,-0.009866663296180467,0.010348498636391312,0.012071402172422419
2022-03-23,0.0005359911349915869,-0.005884703403683411,-0.010632590113384022,0.04470752987259341,0.012129406592745084,-0.011225774668023991
2022-03-24,-0.011785771381534804,0.01966756443983053,-0.01026108292700667,0.003351630289542884,0.0005325568516056922,0.011555969897287799
2022-03-25,-0.014636725663748518,0.016854065132578144,-0.008833695884373105,0.006423398565929439,0.011445456964597645,0.001904088180162189
2022-03-28,0.012653560410545328,0.020441950049597146,0.009655258700576486,-0.027572085308016137,0.002894529232602361,0.0039007181888881526
2022-03-29,0.04092727732587398,-0.0048728116714668035,0.02691108073813675,-0.025072377274138025,0.010495970343978422,0.01604059019770343
2022-03-30,0.005045066978529578,0.0029016891144479917,-0.014326706847320736,0.030698825341013425,0.014541801425977718,-0.005589193738600784
2022-03-31,0.006231695137940196,0.018444890471596587,0.001453505463723248,-0.019333685128453793,0.005630991690062093,-0.016073314767709013
2022-04-01,-0.003956573023518373,-0.0134942450868768,-0.0038702426210194263,0.00959114475557965,-0.015016656025333641,0.00651439162445433
2022-04-04,0.0005181932484024099,0.016198686468872348,-0.006678058404561038,-0.003562561161038702,-0.0025840183207326284,0.009658270025105997
2022-04-05,-0.003970369274812757,0.005844813917073699,-0.013568237674010053,0.014035975685800617,-0.01735737171131646,-0.014299831096350024
2022-04-06,-0.005026106025868837,-0.0015847076652132364,-0.003593280655119324,-0.005353682710305008,0.02267328056048501,-0.011505640483819524
2022-04-07,0.011496311355404076,0.01252211648266921,-0.011254940665748281,-0.0090588844753563,0.01959257750638055,0.0021255232426766746
2022-04-08,-0.033924605703056776,0.00017397767413029896,-0.00622606823283256,0.03736092282818726,0.019974671045974723,-0.0009090418419611668
2022-04-11,-0.0017824970386579597,-0.0013932352741889975,-0.0005060796158434799,-0.01238828702872008,0.01189899431731134,-0.014254034451420927
2022-04-12,0.009821381708332577,-0.011684832139752244,-0.009687364317901737,0.024052825725184857,-0.016168526120317495,-0.005537735120636267
2022-04-13,-0.0017683127336473037,0.0012355645435133678,0.0,0.0035357195952403497,0.002987907358302566,0.012065479315567673
2022-04-14,0.010983241327331639,-0.005639938284742629,,0.005285047406124788,0.002482717095940723,-0.010495121680920594
2022-04-15,-0.023480040901819543,,,,,
2022-04-18,-0.004126962073913942,,,,,
2022-04-19,0.000540530148367413,0.02827860125318704,0.009709997952395577,,,0.010624196666574104
2022-04-20,0.046281328704367075,-0.007906454004681929,-0.013827905433541732,0.00024940515612192904,-0.011164957749940418,0.0009185144771897136
2022-04-21,-0.001893319256556114,-0.006930106157019278,-0.001402202883398207,0.0049856397202205915,-0.029455181426866983,-0.015499111701919088
2022-04-22,-0.016899551012479197,-0.011165465342461434,-0.01053094117615716,-0.024804759691019695,-0.006575683915259312,-0.022475356749171782
2022-04-25,-0.012629191199635792,0.005116625709801648,-0.007030853492496658,-0.06180833606469016,0.008146692349792817,0.0015893077541118128
2022-04-26,0.007994160799149608,-0.015095720537853463,-0.006495956692207483,0.028737882493545808,0.012626395267087753,-0.027610454935463324
2022-04-27,-0.02238278944114369,0.008911160317071287,-0.0009808772248305342,-0.0027673015984814864,-0.011221968721776387,0.003807660441588201
2022-04-28,0.030827455592021158,0.03144310405269479,0.007984890087213703,0.025502121297830138,0.003783071065051491,0.02091688572330197
2022-04-29,,-0.020551488439592647,-0.003701013357275462,0.009019488929774777,0.01306533662103404,-0.026220740585908953
2022-05-02,,0.01608671079972246,-0.015054772364850089,,0.011408752084141494,0.003270443303959647
2022-05-03,,-0.002753452076195595,-0.02324503132344946,,0.022069574770638978,0.0060849033785495
2022-05-04,,-0.007937766781721423,0.004048762909073522,0.0039831329353177125,-0.017754397207579875,0.023544798268758882
2022-05-05,,-0.03878941915040468,-0.019067942258143677,0.007213381709782141,0.0043968699069125705,-0.03408265156775503
2022-05-06,,-0.0009048804394187204,-0.03818011528672405,0.018500700163611272,0.0014591319149630522,-0.00994094224212072
2022-05-09,-0.038544763887102707,-0.00525257196263984,0.02245545231299162,-0.05121297934739599,0.0004855556516045745,-0.03166726624421734
2022-05-10,-0.009892483155703569,0.0,0.0038258478670687435,0.0003707554058298701,0.003398030619547132,0.0035324344078377923
2022-05-11,-0.012094630303142395,0.0,0.007975218580931198,0.036917947380399774,-0.009191991299451918,-0.012490188537126357
2022-05-12,-0.006387526903545715,0.05152943507025709,0.029267441269034578,-0.04693612365776234,0.005371163422239533,-0.001379663114534413
2022-05-13,0.015178634228914634,0.011947988011672184,0.010272160052197776,0.0363614454535528,0.02136964661334262,0.02636731724737751
2022-05-16,-0.008267420384127644,0.008898171390559595,0.030435475165390358,0.008801372675864227,0.0066569905702866805,-0.003253279007968457
2022-05-17,-0.014898895577363458,-0.017978192511080016,0.001568425641546689,0.006932131865156954,-0.006612968103976935,0.02025880359316079
2022-05-18,-0.005581455606427199,-0.05595864963017416,-0.032100037846017004,0.0026110494432876052,-0.04422272546184114,-0.033425212162094375
2022-05-19,-0.04001457365801975,0.015916633632349075,0.0017524881709312101,-0.022848086090456188,-0.03184071165232283,0.000913076533671564
2022-05-20,0.0,0.0014405120945581995,-0.006257959419549763,0.010903726717968132,-0.01824257875425639,0.002850574575353315
2022-05-23,-0.008864633404503275,,-0.003791994887721306,0.027804444504377912,0.013347365052178706,0.016145553022131498
2022-05-24,-0.014843099494425971,,0.0006117561908045577,-0.012126870327790362,-0.010847258498426271,-0.008280390092028744
2022-05-25,0.00888551523637271,0.006695656394649863,0.0008831819521539774,0.01003293110035397,0.0005221889924431622,0.006882686120150305
2022-05-26,0.005169495805371405,0.011324763437135399,0.007329869094977015,0.017295842214512636,0.006263240305793394,0.0164724766965616
2022-05-27,0.0022857459753704568,0.013686523334342615,-0.0011453846742955909,-0.010568667749061844,-0.00907686946867614,0.02039445194257783
2022-05-30,0.028316212938319207,0.018236125729013564,0.010387831550963789,0.006617984827453904,-0.002878864933563041,
2022-05-31,-0.00018465856089622257,-0.010332436852990345,-0.015755373953928786,0.0017300210708779407,-0.0010497381059145772,
2022-06-01,0.01349348927191496,-0.0006960804610276483,-0.00942807759164288,-0.006793293241489584,0.013925266055695218,-0.0073801540974541835
2022-06-02,-0.014955389277655717,0.00992521080811093,0.0214323583414211,,0.016584653297694762,0.020118047016585594
2022-06-03,0.009072439757896955,-0.005172385527157042,-0.008379693871233829,,0.004333382835566946,-0.016613069188682106
2022-06-06,-0.0027524588392117133,-0.0064125117759669115,-0.022647233967363012,,-0.00406088061254295,0.0035967212430434436
2022-06-07,0.0101197666279349,0.002441989109873033,-0.005602919128796624,0.01373583615766738,0.0023560536930737896,0.007602087730097518
2022-06-08,0.01730407237223175,-0.005568161112879388,-0.00403458601100104,0.01097436402424079,-0.012797107829259469,-0.009377021556150389
2022-06-09,-0.007341022460494617,-0.00874885907806433,0.002863627161811655,-0.006867573980112285,-0.013492091264558748,-0.023313503767694588
2022-06-10,0.0001803717088155743,-0.03442191082752655,-0.014973226138494944,-0.024202381900740866,-0.016358271399173452,-0.025972641913487027
2022-06-13,-0.026871110206911464,-0.018464467993181355,0.016119916039267324,-0.025488830647210192,0.007633563746287209,-0.03705424494814602
2022-06-14,-0.02057091307675918,0.012292948019942962,-0.01405511658894898,0.020290867105123622,0.015422088815538526,-0.0029968155918389527
2022-06-15,-0.01494775603154641,-0.005519749030745369,0.0019759487860169234,-0.017358388064519503,-0.0029309556412100424,0.015270016189252944
2022-06-16,-0.00883601675908996,-0.0253467616702322,-0.014086492077061918,-0.053813695973975784,-0.0037413937411976406,-0.029251531560286814
2022-06-17,0.004650996532296725,0.0068335992302339665,-7.12836091979474e-05,-0.061696283167962496,-0.019044972983061736,-0.00048786152646052017
2022-06-20,-0.009837775524628167,0.00886118782105827,-0.019575784933922313,0.031756567177480655,0.018594576422392928,
2022-06-21,0.0033117623666767404,-0.00018702801525660728,0.01224226127019401,0.009833860359729663,-0.017986615884094337,
2022-06-22,0.01262150324591449,-0.004112127606885063,-0.019796935297508256,-0.03047932026124378,-0.07162395536466204,-0.005730776632525969
2022-06-23,0.013231037809528168,0.0015014934624950627,-0.009033537586367157,-0.019958293056133614,-0.028268501274018032,0.005763807727163117
2022-06-24,0.007570027369865562,0.03392043264190381,0.00674425956268232,0.02888340434731229,0.03484850439927789,0.030444170038338214
2022-06-27,0.007513227103257414,0.0030815122835714526,0.016858178985919237,0.013195312506798507,0.000878467401033145,-0.0028965637489217766
2022-06-28,0.0024235177278846276,-0.0354173726012037,-0.014117207632619588,0.013917159001925361,0.00965472637343412,-0.014757134758559332
2022-06-29,-0.008182991658550742,-0.013862943320380405,-0.0037450646154866263,0.001637103090674108,-0.009272701783420878,-0.002712767132446947
2022-06-30,-0.012375758214060006,-0.04616274362210937,0.0006633198952790131,-0.023635807851801638,-0.012284222368465825,-0.007923212250323663
2022-07-01,-0.002848016732183045,,0.02261347130636615,-0.009786393571877383,0.003257426428555643,0.007033002677982569
2022-07-04,0.02989340469796331,,0.02362605656193617,0.0440832846134418,0.012396553326304849,
2022-07-05,-0.01756327627530263,-0.011403334801003084,-0.07008659535561279,-0.07012092022573646,-0.032653024838182665,
2022-07-06,-0.007151082955906385,-0.0027371877607166306,-0.03859245865878025,-0.012456399938242213,0.011452689868719279,0.0014275576705129467
2022-07-07,0.01592122426424991,0.045186665344206345,-0.02676108171216096,0.045029134757220035,-0.0014899195898306905,0.015920134510460482
2022-07-08,-0.006529799592520313,-0.006578918523619026,0.0016983474199461224,0.0033744934549446715,0.02476878580093267,-0.000701591890094666
2022-07-11,0.029483597367605308,-0.024219343758041467,0.0010494617422669439,-0.005044558619906825,-0.012230694754618687,-0.014160490493155709
2022-07-12,-0.000364895688890976,0.008144140773829855,0.007500639513534857,-0.019630943446626636,0.0017689148554391743,-0.006172742065796766
2022-07-13,0.012773767140813241,0.017118624657870063,-0.00016004151901483077,0.00039791978855019394,-0.016480296839046282,-0.0040612072050520975
2022-07-14,-0.01639636704848746,-0.0024583151039322404,-0.005444434077690907,-0.03512719694941968,-0.019150265101629982,-0.00683611774482995
2022-07-15,-0.0027477757519689394,-0.006066351463912101,0.004427673579997293,0.025140823594347328,0.00122031169114023,0.017026886454002188
2022-07-18,,-0.018882291008379348,-0.022120680118323244,0.024792324424135925,0.025898757870236766,-0.0027309346755342023
2022-07-19,,0.0161350046028208,0.015900302330829508,0.00850005833679135,0.009207108203971526,0.025360296427474394
2022-07-20,0.0016789070789191562,0.006504997001859358,-0.008551831727042103,0.007520577236258541,0.0067686112145579624,0.003134941744145081
2022-07-21,-0.00409690301344412,0.0007602460380713438,-0.0050452096529185475,-0.0118404452660964,-0.005553869455035554,0.010186449034388811
2022-07-22,0.0016829139436131957,0.020133054995959965,-0.005479641520093614,-0.001562800661119912,-0.008818309508542566,-0.008479357997836834
2022-07-25,0.0,0.02271449198043607,-0.004194176548027451,0.00887042337605437,0.006524244287910985,0.003120181524885801
2022-07-26,-0.009706960778310236,-0.00964872822589291,0.010735872865535567,0.004784046988268287,-0.006776588726164157,-0.012096742930224114
2022-07-27,0.004712519558234707,0.011580918943160157,0.015197317022744183,0.011838998683244117,0.019875385108767185,0.024489826408220505
2022-07-28,0.010506588134362671,0.03016538330235563,0.020684233519181028,-0.009538509062781309,-0.024432798045660786,0.009561672311077851
2022-07-29,0.007983581530827566,0.00917266894456148,0.0016558247718703178,0.027221290708698387,-0.00775198562244106,0.012741026683712686
2022-08-01,0.00036860410684158573,,-0.018499646064112363,-0.01912488274165003,-0.02524037340866936,-0.0032286858528204343
2022-08-02,-0.019149541594774555,,-0.005052880164683082,0.028036254284981244,0.014796520783741718,-0.007818557942423587
2022-08-03,-0.0015016801661759116,0.0013920480048814632,-0.015719477124107484,0.018222242773725084,0.00030376330048076383,0.012833491929834073
2022-08-04,-0.004700190320905628,0.016159890736411553,0.010237501255359938,-0.006573842774818095,-0.014272677212180063,0.0015561362615528207
2022-08-05,0.016811536867911592,-0.020177819156573795,-0.0034859229130682623,0.007720247337485997,0.01540354013756362,-0.0031072569639061243
2022-08-08,0.010031682721230117,-0.0031415382588000362,0.0,0.012525943729297717,0.004551057335543396,0.0004451742863649244
2022-08-09,-0.01876034785877112,-0.0243346597618741,-0.0023593070864397214,0.015013301921672717,0.005134342529841129,-0.004784666979256724
2022-08-10,0.0029989304669699735,0.02530069568631066,0.0121504201386049,-0.0030766142655247464,0.015925506107041354,0.020907816697515402
2022-08-11,,0.022225936846346883,0.029487551046152083,0.01508003901222743,0.012422354423105686,0.0008761838627480145
2022-08-12,,0.018490149055569782,0.02465161314789155,0.007016670742467923,-0.006719242703908557,0.013787083223244512
2022-08-15,0.02018353364680414,0.0,-0.01046352379442761,-0.011729087073677258,0.009705906315490731,-0.00021589976160008018
2022-08-16,-0.004676453950911541,0.010421782998441875,0.015359639479046505,0.0023500627895276516,0.007573531361958263,0.0007555935102989686
2022-08-17,0.022949176506780855,-0.008484321293100505,0.0012164855374672268,0.010316448700467662,0.0,-0.0072274736013093754
2022-08-18,-0.012188704660482275,0.002013315129122617,0.01693108120569864,0.02576016057264674,0.0046256277233047705,-0.00032589923607950766
2022-08-19,0.007153080186183436,-0.011051447489190513,-0.01276706471666178,0.013122065001926586,0.001726664414939627,-0.01336975005805785
2022-08-22,0.020063886827840438,0.005756794846684343,0.005596414750441481,0.002679939240874063,-0.008905581305072241,-0.018838675606106303
2022-08-23,-0.009573496541528836,-0.005050567908524428,-0.009250187806026822,0.023162336881079604,-0.009855093129750303,-0.00011225580265994406
2022-08-24,0.006678463768596821,-0.01827413958699209,-0.010247566866633306,-0.014039870292877787,-0.007318485468155722,0.002582719643392517
2022-08-25,0.0010473272967743696,0.004998441330133163,0.003374512650730077,0.014350352795592602,0.005898032606497905,0.014784886423308219
2022-08-26,-0.005057523711595624,-0.02298076956976769,-0.013452517522025587,-0.003591263616289586,-0.009088340531888561,-0.02980122196895052
2022-08-29,-0.014723921944190699,-0.002281827246621737,-0.0020144072415674286,,0.0008876980542680268,-0.006143378270452526
2022-08-30,0.005474280127752751,-0.004750200295614682,0.004580245247248982,,-0.026899299242092,-0.010302130677427912
2022-08-31,-0.012316831911090564,-0.0022981713237277823,-0.024188494156869966,-0.017250825548536852,0.010935616422427907,-0.0064771472530432694
2022-09-01,-0.01933880972448243,0.04128291342347512,0.027164030497624392,-0.000679441251667634,-0.0063100933521673674,-0.0024446591338681545
2022-09-02,0.023037460310099345,0.011740729623913815,7.720977412195573e-05,0.028331771699424024,0.001209610392581384,-0.00863570540193348
2022-09-05,0.0005403481941717025,,0.004162998104432214,0.021269465952082678,-0.011778922619222754,
2022-09-06,0.0010803251211586318,,-0.009289798427734253,-0.0229846553647699,0.002139340163946679,
2022-09-07,0.018165529640144396,0.003748971302448334,0.021543766678411513,-0.025292778194154875,-0.015553554519916801,0.01491479113226557
2022-09-08,0.04027550737568819,-0.006621379860350385,0.0026550762177564025,0.0040793731076484985,0.006195787473564751,0.004665331301126452
2022-09-09,-0.003226455129460737,0.01555282282533832,-0.003480193434590273,0.017492367156505484,0.01693351662379028,0.01845832475190412
2022-09-12,0.02606484876019355,0.0129588557094924,0.02930659836256222,0.015638897269989904,0.02179839427099206,0.012310380254296538
2022-09-13,-0.00664115181099767,-0.020103174293069626,-0.019694658334485693,0.008081220185789606,0.0023704107559912035,-0.03952247638274342
2022-09-14,-0.008022767031228617,0.001356413459228989,0.006320629910306463,0.0016248810616339426,-0.015370932492882683,0.003985981906286629
2022-09-15,-0.001684888936379525,-0.00660350834807466,-0.013832768024363729,-0.012437741524792711,-0.021315086384743887,-0.010392489110306324
2022-09-16,0.004388078160717956,0.006988400553153307,,-0.009856593442540196,0.006441854168477423,-0.008967512845277414
2022-09-19,,-0.007109082925764509,,,-0.00579098990810234,0.006548404342922698
2022-09-20,,-0.01824067738325519,-0.008759009756163283,,-0.021459194389181646,-0.012301865670425016
2022-09-21,-0.012187003741193303,-0.02257327341310944,-0.007819796562853365,0.0067404531641672705,-0.02349633029938114,-0.01640726338258569
2022-09-22,-0.000506991094897491,-0.026470252161398422,-0.0013399034252957742,0.00592684389505882,-0.00032081771239311774,-0.007427172130200721
2022-09-23,,-0.004926959338166004,-0.020124527965774575,-0.05488265088584332,-0.049422291912930016,-0.0209763806719504
2022-09-26,,0.005317949928095533,-0.015302851762294178,-0.00692442560691342,-0.012491495809901276,-0.011903344416639094
2022-09-27,0.007685731574137655,0.015687992458684352,0.014967969684850146,0.0023225773066390953,0.014017012981471844,-0.003296878314293261
2022-09-28,-0.018135606186613473,0.006465548093963047,0.008703440383544647,0.011134381166629792,0.0006743776287154724,0.020483397535868697
2022-09-29,0.013809720210555154,0.008922162493907315,-0.011504267980087968,-0.008832309763464385,-0.05559297453240519,-0.01882573265601628
2022-09-30,-0.011408077114075765,-0.016448633848356264,0.02093259593059793,0.0024302702776139995,0.014270343912532901,-0.01105445392104143
2022-10-03,-0.04254224144072305,0.01852187590760379,0.01646608896563717,0.02216578555153781,0.013014354859860466,0.02376975460672992
2022-10-04,0.04623128052722181,0.02030380182481739,0.01721198275788094,0.026654549246470927,0.009722349583676237,0.03413646424508632
2022-10-05,-0.008596884203239674,-0.008305997302461066,-0.020442709110209845,0.012541147877288106,-0.03370014639030483,-0.0044903506612278266
2022-10-06,-0.014047922220796316,-0.003838935335267024,0.022432392639892385,0.00032618201953171777,0.0053380986580193746,-0.011581202600618234
2022-10-07,-0.03500426778419774,-0.022946123886259717,-0.024539379914550574,0.019007089655199927,0.01946888663041202,-0.025406963836770435
2022-10-10,,,-0.017554844894729804,-0.01417603853373628,0.00937505259394511,-0.00797262436100643
2022-10-11,,,0.01308227270700657,-0.02129957915698255,0.017199903167614217,-0.008419304252288096
2022-10-12,0.03676204181592668,0.01386171107994394,-0.008897636345824633,-0.007180657798374734,-0.02164362034673728,-0.002701819140742079
2022-10-13,0.010288442320167901,0.017879024473379745,0.003018977272347234,0.019806302183371427,0.015209190073420364,0.022574831315556043
2022-10-14,0.020731046571337064,-0.007232594759623678,-0.003960378478261362,-0.006983111732122738,0.010555023478443504,-0.0211933146980412
2022-10-17,-0.00801702562003348,0.005550687792053033,0.0030218581835059766,-0.0123063655783483,0.018867864053575545,0.025905409177346073
2022-10-18,-0.0016165188982589784,-0.002587535136750363,0.01371611255303784,-0.009344604340916884,0.002976231938767615,0.009422100059365501
2022-10-19,0.02032743429176853,-0.012971307467336324,0.019630727590405073,0.022459032377227572,0.0059347258567532535,-0.010205325526785547
2022-10-20,0.0037024405899450663,0.000700835581870507,-0.007440415664021427,0.01252089176895188,-0.004916513842992742,-0.004778101114146005
2022-10-21,-0.014930686748468203,0.018911035764014317,0.020479300992390037,0.007592846576958134,0.0019763370732366337,0.021225444554205275
2022-10-24,-0.003031412228385544,0.015982090478130928,0.033926445998285315,0.011949542791115375,0.012163062789316337,0.0029693560767625193
2022-10-25,-0.0025039362437510038,0.007780807288624958,0.014429016142312179,-0.009361564338736472,0.009418683533792827,0.017639071098069614
2022-10-26,0.0026895685474095377,0.007217052135980895,0.008519911256179125,0.0008590519803599594,-0.009652473495979974,0.00012128012051748627
2022-10-27,-0.019492223626681238,0.007665543580189338,-0.016394659971538217,0.03412028686327884,0.028914772879462092,-0.006059929485243032
2022-10-28,0.004924379291505687,0.016206213776240874,0.019215425800671593,-0.01857233504872824,0.017998189446179147,0.015973526748108702
2022-10-31,0.00798550575619017,-0.007322805991683223,0.015068348657567343,0.014483585805942445,0.010235686488824891,-0.006601062172328698
2022-11-01,0.006841917520812091,0.01377038393244745,0.025397339331157065,0.013860024457667208,-0.005833593014431315,0.000966488344048777
2022-11-02,-0.00965664376050146,-0.006953489937660984,,-0.004317234194777475,0.010191431394009909,-0.020518976593753235
2022-11-03,,0.008630443930805143,,0.018891386049583625,-0.0039742059533873775,-0.008749143460413888
2022-11-04,,-0.004681881352968209,0.0009700850405833794,0.013069799263742299,0.00798026561444054,0.02349575081672417
2022-11-07,0.016806716049836634,0.008759166696322929,0.004015870483990769,0.003700387772362701,0.00883073293972969,0.006315944976400534
2022-11-08,0.006467834875958145,-0.0011256165193297418,0.018550487551081574,-0.032084426731289195,-0.017506867408761617,0.007000617344603999
2022-11-09,-0.004462610086137464,-0.012878376716498607,-0.008463093427935164,-0.007411952924399223,0.014746587325323413,-0.018458547208568543
2022-11-10,0.013985953840881749,0.02446200311536062,0.006964813061053565,-0.023442784699143293,-0.009082618563964195,0.05360847934053359
2022-11-11,0.002475667603941245,0.0012734998217327487,0.019868355766327506,0.016250670227968778,-0.01527654002385248,0.015183092611479987
2022-11-14,-0.04321746908324331,-0.00953903788551469,-0.015292450790690082,0.004389622530290183,0.01923673048738528,-0.009019264351063927
2022-11-15,0.020833226113584402,-0.0035313242963320723,0.0182311218879303,-0.007180109732684237,0.004261817094677767,0.009677525122808062
2022-11-16,-0.0007221440392619627,0.008698495935928197,-0.0032494060832188865,0.009013821295179136,-0.017278043101082607,-0.0075307770250516715
2022-11-17,0.007590621203472425,-0.008942781886674633,0.02288590193687079,-0.005609230014184896,-0.004935239866448615,-0.00241439749036898
2022-11-18,0.008071741921470199,-0.00547855996716029,0.006504152569694943,-0.00543203259819891,0.007439681206469206,0.0019590869019738832
2022-11-21,-0.007473186620839178,0.002592329397879789,,-0.03760100502228603,0.0012307553353174683,-0.005520883005534549
2022-11-22,0.020437436259224562,-0.006787405338658625,,0.06515327379721181,0.0033804863122532947,0.012491299501405928
2022-11-23,,-0.022128242659798625,0.009515116553435288,-0.010040837118329704,0.004900473377362102,0.007767789552404647
2022-11-24,,0.0008320748472105954,0.0005812614089610868,0.000931305789048098,0.010057864337154498,
2022-11-25,-0.0036675928001089764,0.012136369129099212,-0.0041940706017681295,0.009926708468369183,-0.001508802085914085,
2022-11-28,-0.0005257622104810622,0.01839681073810473,-0.006608823309560585,-0.009829137486049633,-0.0012088108484133997,-0.014497820620269608
2022-11-29,-0.006138153408740243,-0.012096662044539852,-0.01682745392482854,0.017578335520141763,-0.0009077053804210644,0.0020687702083670434
2022-11-30,-0.015528545628735624,0.0027815933203105825,0.02149386011948895,0.011076144689540657,-0.005148405589768035,0.028443684692193827
2022-12-01,-0.005018714381768596,0.007017056943961153,-0.009416712931960003,-0.01618077798268369,0.013394203498508395,0.0014497597176761357
2022-12-02,-0.022878848254446527,-0.005347624287877162,-0.009309740092567687,-0.017468739663578536,0.006007878783755194,-0.0008910071929778551
2022-12-05,-0.002396841614261902,0.0019549580337301364,-0.0007279065254212069,0.005406554406322206,-0.007464898219275207,-0.0170530433188113
2022-12-06,0.0016634224854059632,-0.017398204159183472,-0.002119347600649135,-0.018304071013548917,0.015042084065102213,-0.010658809513280132
2022-12-07,0.013284047666958676,0.007612065579990723,0.00716763294414724,-0.02243754343187665,-0.012448126651995572,-0.0018338176304469878
2022-12-08,0.0014567663823934485,0.024306039587341566,-6.586843099631867e-05,-0.00010771603917514305,-0.0069028191660821525,0.00769331820980379
2022-12-09,0.01327268264012238,-0.009459555082329207,0.015815603464813366,-0.0043108847154108565,-0.0012088108484133997,-0.004785877264237293
2022-12-12,0.0026914284670167543,0.008740574468185436,,0.00032471451327631407,-0.019062087116552773,0.008930706650901898
2022-12-13,0.0012527458563873495,0.011553328978139765,,0.019368189088013743,0.000616966114021622,0.009217134737301347
2022-12-14,0.008221728637419323,-0.011262558268636536,-0.0038482147718634785,-0.003184284942494564,-0.037916145601361695,-0.0038525423132321768
2022-12-15,0.00833185573264461,-0.017969014497294045,-0.009624800849303061,-0.007879960081656923,0.013457146444285861,-0.024570588569634122
2022-12-16,-0.00158234607205332,0.0006536769149587673,-0.005090648191595881,-0.022432040593942548,-0.015175368413771206,-0.009679214568168004
2022-12-19,-0.0017609102704927437,0.00097952132588075,-0.0013953866531659642,0.02459370783050474,0.009951733745950042,-0.006123428566664035
2022-12-20,-0.014817322857472393,-0.004077869428809278,0.009382729412263924,0.0018214929087694287,0.0,0.0022510889367457487
2022-12-21,-0.00877350758186235,0.007042468748174491,0.0075151812329621315,0.02684797513101267,0.011761051048813309,0.013122071361125531
2022-12-22,0.016799093101804052,-0.021141644446305508,-0.006608595640312576,-0.004375117738233736,-0.0006283309814210103,-0.012018599292208387
2022-12-23,0.0007105508099356506,-0.007642548355101142,0.018245186926910018,0.0020924927465091336,0.008802235615898324,0.004606037015926656
2022-12-26,-0.0007100462859721546,,-0.009897087945904048,,,
2022-12-27,0.01563323536630623,,0.013720152888558879,,,
2022-12-28,0.004023207942515761,,-0.015210202343178714,,-0.011945936966619719,-0.012936548911192114
2022-12-29,-0.013937367909675702,0.01694904616193682,0.01119105990782332,0.0007286534787873666,0.006999747270583612,0.017395449947350095
2022-12-30,0.0,-0.0181519630183411,-0.013979573889259078,-0.012168446861841709,-0.011690374292784078,-0.005972600008423923
2023-01-02,,,-6.573092791850588e-05,,0.0070331686347180344,
2023-01-03,,,-0.009386852409314472,,0.00793656272061094,
2023-01-04,,-0.000997600495533657,0.004174627566407185,-0.036205571373214895,0.012283397453078049,0.01272084999884382
2023-01-05,0.00018047372258589434,0.012316899638705747,0.008974540237602913,0.012664936842974317,-0.02146847537158114,-0.010235019617799379
2023-01-06,0.0021657196284998737,0.017264015324329307,0.0037280307868630125,0.011234731154862398,0.01844183488014539,0.023149337007360105
2023-01-09,,0.003394192723331857,0.004561166201775935,0.004716609654382031,0.04402130396821313,0.0021820593195223115
2023-01-10,,0.007892992682778432,-0.006681065210250137,-0.008762695953335231,0.006280036895335295,0.00561537705432591
2023-01-11,0.021136754740318953,-0.007351595309017966,0.040681801857783695,0.007261396504960604,-0.0026746955772783965,0.0104842855834264
2023-01-12,0.007305634225478919,0.0027369354246651323,0.0012550255821761613,0.01347838390471412,-0.0014899195898306905,0.006992289308023203
2023-01-13,0.06061123486083764,0.011239557558379687,-0.000438848696330818,-0.001340180694653914,-0.011339838893732579,0.004479812683022555
2023-01-16,-0.023119604912350322,0.005398568658233627,0.028275769195649003,-0.006916529058523024,0.0458798965752516,
2023-01-17,0.007333487585971854,-0.003948113142145049,-0.018169372256899408,0.007588345386461803,0.009235235533085362,
2023-01-18,-0.0039708980781576475,-0.0017440829769012067,0.0006829536482617637,0.0031980555963260215,-0.005147405053165799,-0.010933789699375085
2023-01-19,-0.009468603766437766,-0.0004766776263542827,-0.014707667651357892,-0.023652715016336923,-0.020120694348297996,-0.003948066573738251
2023-01-20,-0.0003352109056160568,-0.012076712442577353,0.0015114964446660828,0.0024225268270423594,0.017600471041473664,0.015515250677970327
2023-01-23,0.01442701497550991,-0.0073991473394903196,0.013961480536125226,0.010402502921990076,-0.00028819898292009594,0.008809942206822186
2023-01-24,0.017529460888145776,0.010533137490041922,0.0032252007208841693,-0.011543340520343559,-0.007785509783466482,-0.0013265436546624487
2023-01-25,-0.003900681598501765,-0.0016035821246807025,0.0024110964929233702,-0.0011572142929826557,0.0037779948191787316,0.002324579524978887
2023-01-26,-0.003263051178334364,-0.021522703292458978,0.004995770013823009,0.020012586913358055,0.004342741984665555,0.008503601895052393
2023-01-27,0.004583432901591689,-0.02051865171879519,-0.005154971821356269,0.010532779270485237,0.009801115932056348,0.0005475065455844419
2023-01-30,0.001303403507202816,0.007541431357073636,-0.0037628811352361513,0.005620302435882962,0.0014273319289981323,-0.01203899311808454
2023-01-31,-0.0029290803615399374,0.010645441356690322,0.020866915758970483,-0.006503443783530405,-0.003990962289887268,0.010856360876955184
2023-02-01,-0.0060388101695239005,-0.01250834567906356,-0.008734305815880306,0.007364376786902049,-0.002003412121029058,0.010191839544813508
2023-02-02,-0.01625620610278178,-0.01283325502016297,-0.02533173237445341,-0.02771858213690548,0.006595983950142603,0.00813615232756959
2023-02-03,-0.006843577710415993,0.018571687897109168,-0.006654694544437012,0.015141975170705368,-0.0051282120775199,-0.011513945820219362
2023-02-06,0.00806726318397133,-0.011105647610287539,,-0.015842020795065803,0.0008592266130249548,-0.008273545448573394
2023-02-07,-0.007502558897243938,0.0011733742438249095,,0.0795442142075129,-0.04978549116690212,0.010647754831993872
2023-02-08,0.0016796622763981528,0.01891841512982828,-0.012479346516128254,0.03253320881593602,-0.002408885869824684,-0.008580554669509799
2023-02-09,-0.008217216666839167,0.011994862385083627,-0.008446297914176615,0.02344303603558573,0.006036824898510096,-0.004382060147396172
2023-02-10,0.014203682715478783,0.015749339137832052,0.001495675645263539,0.02620527798258543,-0.022202309545786836,-0.0008802163019565601
2023-02-13,0.007502427797801303,0.012787769172969199,0.018244417126708434,-0.004643095533855002,-0.012273705253433853,0.010572698701436511
2023-02-14,0.007612207352104106,0.009942994525381721,0.007842871171645616,0.004843649176332843,0.020192661942223022,0.0005447057703211744
2023-02-15,-0.0037774788470030796,0.00906392199616568,0.02233340250775595,-0.0007139853031020715,0.08495744851222042,0.0006536942092281173
2023-02-16,0.006759094035232227,0.0041813607451941515,0.08880477357544891,0.014215193225084466,0.02104969333136597,-0.010122882366454422
2023-02-17,-0.003929998590083028,0.01156704661640684,-0.01244737144887742,-0.013565542483840343,-0.0021990477869688885,-0.002529283577573316
2023-02-20,0.008384035301419068,,-0.00892097302984185,-0.0030363928221027736,0.003305685393268254,
2023-02-21,-0.01059660794197892,,-0.011265843828264677,-0.014152536544401517,-0.0024710798334038886,
2023-02-22,-0.010051127289985473,0.030317183188030006,0.003289097808678143,-0.01980735972670522,-0.012111190884518064,-0.0026918608502233266
2023-02-23,,-0.019210187874378115,0.0035124954563978683,0.014089675666933754,-0.009473473227354923,0.004836059439961682
2023-02-24,,-0.0006216064324913173,-0.008225414910147832,0.005849992970397233,0.027285589673117228,-0.01331865739475857
2023-02-27,0.005737937867672072,-0.0026443125571196102,0.003529125028411073,0.014540201743979742,0.004654869006377016,0.005898476548606757
2023-02-28,0.007111010227465631,-0.0017157067262052461,-0.012367405272530108,-0.013794309635088209,0.019896515893507383,-0.005187303464148196
2023-03-01,-0.004597787210293691,-0.013122991836955644,0.00433218369785715,-0.0003632375201371163,-0.03393905109073747,0.0021537976610386256
2023-03-02,-0.002144441651907414,0.0063322056495376255,0.0007093536444962023,0.01980735972670522,0.0030427799294567848,0.005429210803197471
2023-03-03,0.021325848115221868,0.027214235815216314,-0.0016532800244231094,-0.010513216601150344,-0.0011030691607935017,0.015074914291533181
2023-03-06,0.014891523712308619,-0.0033692253940826866,-0.02318573381226363,0.007383488964673335,-0.003865224299947956,-0.0006650516262153294
2023-03-07,-0.001435420325981207,0.001536560893605765,-0.013987382415217464,-0.001609163874079833,0.0024943657993032886,-0.015747977394612422
2023-03-08,0.011020708514864808,-0.0010740028492696174,0.004605865038374235,-0.00017885308543463818,0.0035942237429797963,0.0021408446209534304
2023-03-09,0.040916205763753544,-0.007986496103135843,0.0030563528610298984,-0.0025074564643637887,0.0005509579649023433,-0.016078213543890607
2023-03-10,-0.059037778391600404,-0.026164881543048968,0.0014017912577790614,-0.01400325656108381,0.01431726845894854,-0.013141458428994057
2023-03-13,-0.009677448098998509,-0.006041360230836124,0.013266541285306799,-0.04861606289143805,-0.017644033570149986,-0.0025474262721245644
2023-03-14,-0.03322475396657276,0.006557734645182611,-0.0057655082391379064,0.015884916314325093,0.012158043677882313,0.0138146044347367
2023-03-15,-0.004043230562782996,-0.0316223082913083,-0.009061374571986303,-0.08289377063257408,-0.03412489953516895,-0.013855314955460996
2023-03-16,-0.0035519998631188265,0.027403963186943603,0.013899108848632213,-0.008936011983248782,0.001978496518057371,0.01625629860682043
2023-03-17,0.004243779921528024,-0.01629122687124307,-0.005351139372294256,-0.005181794250665894,-0.023695397049405043,-0.010854659900806807
2023-03-20,-0.024509751052680162,0.01834708326371115,,0.014689030007783765,0.014446725421774831,0.009703153164624556
2023-03-21,,0.0017537528610136466,,0.03367567796570281,0.011677581922478364,0.013270727197999488
2023-03-22,,0.012601731520896386,0.0005487566576611869,0.001986481289272257,0.008445850619588802,-0.010725796326877202
2023-03-23,-0.0017319628474293802,0.0077190460313558695,0.0007314198081147527,-0.011300664802735283,-0.011725225133794814,0.0026248449694052933
2023-03-24,0.00919497807024805,0.010786275862204375,0.008159733547610015,-0.024864494334669862,-0.011864401140526226,0.002390375120095767
2023-03-27,0.005673081212591136,0.010980521760684203,0.015583493457852038,0.020768923654716165,0.009433985476672735,0.0035203169747202168
2023-03-28,0.013675165472800899,0.004742276441719984,0.009337418234063533,0.022965390986759093,0.014726732493278716,0.0009054905505301303
2023-03-29,0.003372735162445295,0.01705248915959201,0.011784862579781175,0.005316953818609527,0.005023603076883321,0.012210016208581864
2023-03-30,-0.0016807317224838414,0.011676428386611093,0.004018333935485341,0.005289072833962516,0.014162825603498463,0.00815373833732691
2023-03-31,0.005892202688890569,0.005474849684022454,-0.004930388193253976,-0.004676550362895826,0.020262764980033765,0.009971212065295054
2023-04-03,0.006192506053193769,-0.006769357845219592,0.0026814576026759074,0.04287397223730993,0.002952255357505207,0.005813985304176983
2023-04-04,-0.014471066118749376,-0.015705973138002705,0.002732296494422526,-0.01032482043453753,-0.007492678361892602,-0.0034900248086523478
2023-04-05,-0.01383957533875979,0.00451587456928948,-0.005623673666770301,0.012329221892019016,-0.007818792778297334,-0.0051439566390890645
2023-04-06,0.0049632062609417105,0.005544705015688711,,-0.003372503381895986,0.008424003325582019,0.003960456160141179
2023-04-07,-0.04019080551691512,,,,,
2023-04-10,0.012952479594285915,,,,,
2023-04-11,0.006481033596126506,0.00517910038270708,0.005930524059482245,,,0.00197107642923533
2023-04-12,0.004872978501720748,-0.006771812181443626,-0.011674110751332845,0.00484148185386335,0.002647053304434044,-0.0016392884738815061
2023-04-13,0.0006926099482076342,0.0037055719701653,-0.0008858766004472551,-0.001667870761654533,-0.01583967194863012,0.013355247541147586
2023-04-14,0.0169609360670393,0.003396057473455283,-0.005202216771668988,0.004269696863438144,0.0013413082351476646,-0.002916820802656761
2023-04-17,0.0023826179134331937,-0.01751259744797473,0.0010700269401529017,0.005175414470459216,0.009911548067482956,0.0018418795766945717
2023-04-18,0.02207129608590197,-0.004643596687405327,-0.002374468961128917,0.0012875010103392537,0.002652550172465906,0.0018384062806529045
2023-04-19,-0.00498330668521052,0.002558391421000339,0.005473850757812038,-0.01671273540526641,-0.0026455327640763082,-0.002050949604258112
2023-04-20,0.0031719614095782056,0.002551744828347413,0.020593045883632977,-0.008778482140002652,-0.018302361881716744,-0.0036776080786925514
2023-04-21,-0.0053254168925219725,0.013624698076511788,-0.007537580919309006,-0.001319166842236874,-0.0067550386322629,0.0006513903388252196
2023-04-24,0.0005019287904233227,-0.0036926344823360324,0.004381510517509124,0.007358659989838312,0.002992411268191164,0.00043386114243593177
2023-04-25,0.004180554789294355,-0.012898508083669213,0.0008725835276779392,-0.008615936895544518,0.0002713430473366696,-0.016050088968406317
2023-04-26,-0.003497118992556114,0.001201355203245047,0.001859624870499399,0.007179324893296535,0.021149681281438237,-0.002535226505833932
2023-04-27,0.0036766140068271724,0.013201643366702598,-0.0022621784729853767,-0.01782031664253958,0.0023897764838776148,0.01712720140131485
2023-04-28,0.02314345982131427,0.0011843955709049947,0.01674405931890588,0.020626510345362226,-0.000794693022595272,0.0058662469131227635
2023-05-01,0.022782796773747727,-0.005176268727259736,,,,-0.001295940134917517
2023-05-02,-0.009546629204823742,-0.0004459019763104477,,,,-0.011246925511741779
2023-05-03,,0.0013386532052781508,-0.012374377544099424,-0.0025595634909632015,-0.024508571634581644,-0.003609336613012437
2023-05-04,,-0.011733174765774623,0.012002874693431309,-0.021761604774182097,-0.032026519403350995,-0.003622411114073798
2023-05-05,,0.010069065429443524,0.01171889148304861,0.03315841584475976,0.016257919355334716,0.016965895445011148
2023-05-08,,0.0049101175540939845,0.011239227280497976,,0.008700371239317883,0.0004334646947232734
2023-05-09,0.01640138154169568,0.00666248681193804,0.004366208612208711,,0.010295136272854277,-0.004223077391545926
2023-05-10,-0.007593807147359577,-0.015001965550066276,-0.0035568136700142583,-0.002967875718726143,-0.004682039794406401,0.0025011422518750326
2023-05-11,-0.0004781826232156394,0.003583546118726355,0.0033429562273750157,-0.019191080549513906,0.014941913033406973,-0.002494902146701561
2023-05-12,0.005901027666139758,-0.00788576217871051,0.0012987385974139176,0.011094918119829211,-0.0021810623201770074,-0.0028273249397288147
2023-05-15,0.009196198837858605,-0.0008996946505164249,0.0,-0.0026915326758685243,-0.0032786517995671005,0.006870223247377627
2023-05-16,0.005498711003705692,-0.009156468964424125,0.00045130834913531537,-0.011936921403767564,-0.0002740576381583537,-0.00801478811237799
2023-05-17,0.0,0.0062112266967417895,-0.005242622291851462,0.005042522423482687,-0.008774360102764334,0.009389721266231721
2023-05-18,-0.0009373874428381113,-0.00542012632491351,0.010087320417124124,0.0045991157261926485,-0.026279408323285014,0.004975771702835363
2023-05-19,-0.0014075829859707678,-0.0007568614653332695,-0.00011226296255961721,0.0017688207501269648,0.010795526020729085,0.0006457815190441529
2023-05-22,0.010180044118053955,,-0.014083646379786985,0.0005191958343453429,0.003934750242349017,0.001505793397079902
2023-05-23,0.006511690358308231,,-0.007000239835414868,0.013806881707875807,0.0013997602367652462,-0.012565734583293131
2023-05-24,-0.012630791040272538,0.00824672134245441,-0.005788687429473249,-0.0036862251596023743,-0.003354728752323899,-0.009245282077675498
2023-05-25,-0.017160807060976335,0.00893658909492645,0.0029976828918156784,-0.02374100665190193,-0.015147284377870385,0.004061990716408781
2023-05-26,-0.02063478751797232,0.011710089680677438,-0.002413899318758128,0.004105599134530902,0.0025633433196312616,0.013120570745091431
2023-05-29,-0.003241668604601289,-0.010090819238448345,0.0011522284314082754,,0.008806783358187076,
2023-05-30,-0.01577229751713105,-0.019637052354088524,-0.003049931540284545,,-0.01943111937415365,
2023-05-31,-0.034363109072584774,0.00504564832953136,0.03111284011400084,-0.028504099552552176,-0.012923656833257247,-0.0071522670207588845
2023-06-01,0.017621910697511955,0.01369250321793003,-0.005654104335660937,0.018089505840097386,-0.002909481515895873,0.01189689364693991
2023-06-02,0.007901781491840953,0.015608610345998475,0.011653999004569648,0.027843877150970586,0.01050489495468554,0.014885105009889044
2023-06-05,0.0030025305986720596,0.0005910601885261713,0.009015531237660301,-0.002951366528383792,0.0017325167806701014,-0.0026570256312199447
2023-06-06,0.025777424241365532,-0.006498517652931302,-0.004908647068962435,-0.0035943598624861295,-0.0011915141004322782,0.004795404752464982
2023-06-07,-0.014915604688253481,-0.016500475332908215,0.0027713017517103644,0.005304952053864387,-0.011333050673839606,-0.005324880789435049
2023-06-08,-0.0018103759714130918,-0.014812431481928345,0.008898986241011375,-0.00232185379810923,0.0015082460614419535,0.007216833318191451
2023-06-09,0.010387438518050462,-0.00920537990068826,0.017586125330050217,-0.007933922987962805,-0.009036112165041743,0.0013902326489008132
2023-06-12,0.004569149075980272,0.0001548656713656893,0.004091658977181556,-0.013435806539142447,-0.003951397892530073,0.007261838103436835
2023-06-13,0.006172919091171014,0.003870373298626717,0.01050943055048692,0.004863918178406035,-0.0085444142863067,0.007739707362977688
2023-06-14,0.013399960239929731,0.003084651809537098,0.003926430080837262,-0.007959619644528515,0.015389385494533725,0.0024195912227369387
2023-06-15,-0.01895805391268246,-0.0012300422385367327,-0.00317103297388599,-0.0031442055873835972,-0.010609325826153815,0.01133514156367088
2023-06-16,-0.012666506738738259,-0.0035405301476604256,0.0072109177398953506,-0.00021773433167127099,0.008272096535012041,-0.002905778229484679
2023-06-19,0.007565904108135735,0.006334050238375077,0.006001327925128086,0.00391641410079302,-0.01823154159728735,
2023-06-20,0.003427916955687227,0.002456186943747163,-0.00690735070444537,-0.01614630990788435,0.008665993892388979,
2023-06-21,-0.004392364938322513,-0.011638512684331137,-0.013436739402493458,0.022138907180959233,0.00030681908441598793,-0.0034663396433900484
2023-06-22,-0.02156864103785494,0.003098624073357037,0.006623009076676123,-0.008620626626642869,-0.002760726482339937,0.00021072543785138897
2023-06-23,0.012859130102572891,-0.019462364136461185,-0.014007663924747615,-0.011630593177991644,0.009228032150056187,-0.010327651828006323
2023-06-26,0.003297597493091997,0.02016395021097739,-0.0051121915165045495,0.009567876586411339,0.012496167096553101,-0.0017038848319731459
2023-06-27,0.0036153966306722296,0.009110342803701377,0.020986575652684802,-0.01372553328059789,0.010234805384964574,0.010560027757262835
2023-06-28,0.01686583898185612,0.04055116382655277,-0.006357220493799942,0.005522465395982001,0.03009532992938646,-0.0001054232351970219
2023-06-29,0.019484741459167898,-0.0010295377154984076,0.007837433332682053,-0.0008787416430414696,-0.00838883079382935,0.0016888834107120498
2023-06-30,-0.019902073580502666,0.0,0.0020103155190625,0.007805691267962489,0.012543755539576207,0.011065455158344895
2023-07-03,0.0019338799043211452,,0.022068549319693487,0.02716259744471805,0.002304824192350008,0.0023973118759379464
2023-07-04,-0.007399054169657471,,-0.028772180484570642,-0.0011681687106968042,-0.019545798137573733,
2023-07-05,-0.003403046494831252,0.00472824709745967,0.01319017549436352,-0.02222239842334084,-0.010847262673758684,
2023-07-06,-0.011219366323327429,-0.02446235220541859,-0.0015748344637890321,-0.021422198919554436,-0.004445745726341377,-0.012330216399862759
2023-07-07,-0.009538037306342617,-0.014199138259685329,0.002208172108524531,0.008000884647567652,0.005358718370905846,0.0020100631239368116
2023-07-10,-0.002988507826059972,-0.002605385885804168,-0.023449775524719385,0.0022047787209169556,0.007995233352512843,0.002534155042959174
2023-07-11,-0.000832668975532691,0.004762869815313264,0.001128060171750711,0.012539974935380283,0.007344381972768321,0.007898902105873296
2023-07-12,0.029000081896773278,0.0007645439577710356,-0.013200389661620737,0.01412273816092302,0.008165594902372675,0.012016786398702628
2023-07-13,-0.0011337135442187618,0.013139930197246574,-0.009950812387115482,-0.0023568061658706396,-0.0002892459778356393,0.011357643269489959
2023-07-14,-0.05140268840699169,0.008595657206150742,-0.004064522243815039,-0.01975728976723856,-0.010127426188114685,-0.002756478810753249
2023-07-17,,0.003887886323901135,0.0003860796991519422,-0.008872759655639384,0.0058463087391513735,0.00255951608756555
2023-07-18,,0.002829915360611057,0.0028115322125488174,0.013594001679861467,0.002324982188407043,0.005616234393486241
2023-07-19,-0.00033878708951051717,-0.003713200013833684,-0.005277497881982618,0.023988720066837166,0.011887481494921248,0.0012184902868142
2023-07-20,-0.002710358429298454,0.0007454546028315967,0.008455476337120071,0.0057502323843969805,0.0126073623272982,-0.006693702120117995
2023-07-21,-0.004246663347742485,0.007447942014178421,0.011508148165233267,0.007517199991690315,0.002263736496829427,0.0005105442264832227
2023-07-24,-0.001023484798154617,-0.007097146511211072,-0.014302779521483622,0.016603554510223884,-0.004234880514302097,0.003571742084831575
2023-07-25,0.00478137729018524,-0.0008935428829361935,0.00862923338478594,-0.005581953904382209,-0.00963992769557065,0.0032540143872517024
2023-07-26,-0.002209380271941397,0.0008943420158793458,0.004250515307369085,-0.004989517857004411,0.029201281327325468,0.0013176632426690205
2023-07-27,0.0010219158234530124,-0.0029784762764539785,0.014867792834093008,0.0022983884460385795,0.03143263600295754,-0.006276020079007405
2023-07-28,-0.006806170251570487,-0.0038835863291390993,0.016093599344614073,-0.00896400661074459,-0.01483289722870118,0.010492019915041562
2023-07-31,0.009594016300722874,0.0010495985884968473,-0.0016837544457402043,0.015986600804733353,-0.004106139450697488,0.0019152335333996184
2023-08-01,0.008654351527392024,0.00014985254908461698,-0.0003690060435832532,-0.0025879489117535126,0.011544702623457637,-0.006942211756771455
2023-08-02,-0.021534480125792066,-0.011082847706513355,-0.012496556629538857,-0.01691762140785713,-0.008423863419912747,-0.01651463165813194
2023-08-03,-0.009628524879564893,-0.0033316599239509026,0.011800319090022215,0.008973953908823828,-0.00027408674692364077,-0.0023694864496275336
2023-08-04,0.011805555414837077,0.0027350915293054,-0.00010541284306031518,0.017997165229656886,-0.0043859293364099106,-0.002065291708163497
2023-08-07,0.0032601990953124993,,0.014883659712572994,-0.006886494074048954,-0.0033039529273005686,0.006726109992350127
2023-08-08,0.01983917726984097,,0.004004268568899461,-0.006417004514734925,0.0024861789135748324,-0.0057560851253202205
2023-08-09,0.013583895661650969,0.0056522547852853045,-0.0029523908579619507,0.026354185403497876,-0.004133415660194983,-0.004238617438530268
2023-08-10,0.0009926006194163062,0.019227796568265676,-0.005195056979175772,-0.0034363604555510685,0.007194300017387967,0.0015573105239807816
2023-08-11,,0.011899746315475968,-0.007363281183817683,-0.009166777266018888,-0.004395508315101493,-0.0037317172768627227
2023-08-14,,-0.003011855491652504,0.010679615233448736,-0.0095599392161696,0.001103547081923617,0.001976975232865996
2023-08-15,-0.007948148281375245,-0.014815723712894413,0.0031232729753725152,-0.0161909903029388,-0.007717703800515285,-0.0122533915319738
2023-08-16,-0.006376713906461551,0.0016060544245253272,0.03611630733546711,-0.002110020770728527,0.003888895450918417,-0.007674612827903271
2023-08-17,-0.006582172448539092,0.018221717622178613,-0.01948211696138491,0.003277463830720917,0.010791389377129867,-0.006568409143321352
2023-08-18,-0.021865179089582965,-0.005010910681917391,0.00980696097791034,-0.0022129375149937403,-0.008212398904301477,-0.00042656473960822616
2023-08-21,0.009144879511840953,-0.004748031364600114,-0.016186138418534113,0.010243811319770701,0.009384494639337326,0.00522786042916179
2023-08-22,0.007551608490519168,-0.008240702926757049,-0.0026219889842200583,-0.0008362685364393663,-0.001914110408856362,-0.0022289802085865285
2023-08-23,0.0024982283722745358,0.015306311376221737,0.005103176833801015,-0.014124234537376879,-0.008493219998322199,0.011807334195976571
2023-08-24,0.012959022057776437,0.017228954314949307,-0.00718012747941732,0.005199997742853846,0.002763224811268339,-0.012720740889228477
2023-08-25,-0.014597374772304827,0.006210338147550676,0.010383248159123726,0.004223160716720464,0.0035821606959860475,0.0060696126431138975
2023-08-28,0.0031624585168539276,-0.017534040843403265,0.003936798544531328,,0.001373007682439642,0.007726515705091197
2023-08-29,0.00033180016695877335,0.01813241620513062,0.016143875105185668,,-0.04551685839620312,0.014179028439369024
2023-08-30,-0.007283243738284373,-0.0007010154719260253,-0.011577270117288818,0.0072060676634979615,0.007181797231250897,0.002485520377629502
2023-08-31,0.008770419893278092,-0.008419957264830358,-0.032045408124566466,-0.0034751217488862007,0.007986259719705346,-0.0030990122227662065
2023-09-01,0.0020063217661971944,0.024483182860373987,-0.0005761773626785649,0.027281915213378305,-0.02178828546908662,0.0027978143736249184
2023-09-04,-0.005172743217615516,,-0.010430300208699728,0.0017972351636414974,-0.008678076771664878,
2023-09-05,0.005367392866924892,,0.006885513567930213,0.019533601020819136,-0.02188501667906184,
2023-09-06,-0.00033365101659721397,-0.005144064656905534,0.012204150233963817,0.008602174178254707,-0.008651607572512265,-0.005820617203976197
2023-09-07,0.003337688088671076,-0.01970371621810396,-0.01413571066032182,-0.002132201971818848,0.003310338113305722,-0.003763792070472838
2023-09-08,-0.0024949868195665026,0.019244649464393193,-0.0013179119637396486,0.004856084637365532,0.018896218586782032,0.00041984409014905744
2023-09-11,-0.0040020023186433384,0.008391475426805517,0.006597978034510232,0.0,0.0038268063172339772,0.008601646187630818
2023-09-12,0.007366581729277177,0.0005547980516606987,-0.020555847583972664,0.010632277340209217,0.011437103035935259,-0.004784151943751258
2023-09-13,0.031078561772447832,0.012059677602184404,0.00048185056154093076,-0.02792650400079033,-0.00985799983413349,0.0003135459769354476
2023-09-14,-0.008704141982794456,0.012899844880992273,-0.0005886031158613969,0.031286930384753386,0.002928290013160195,0.009193411790392902
2023-09-15,-0.016585324828610637,-0.005690321936327347,-0.016759433455107886,-0.001717393144841095,-0.009635129752577187,-0.008074575130849526
2023-09-18,,-0.008856597607035055,0.021891730157981293,-0.0076450161258500016,-0.007959748477091688,-0.0010435137069856326
2023-09-19,,-0.018147090100203322,0.004210009257758829,0.010785595443173035,0.012184226632243167,-0.0021939674590200076
2023-09-20,0.010212568427185875,-0.000419967027164847,-0.004298359593279399,-0.0026676269160830213,-0.006165696356684847,-0.0064914677264985565
2023-09-21,-0.017935840580472484,-0.010645753832534965,-0.008634017426740193,-0.005731716658772923,-0.008271801184610794,-0.016545512477018187
2023-09-22,-0.020919766607682688,0.0014159171243099955,0.009193058085272376,0.010184661361389624,-0.02055399366158117,-0.0006428472362988158
2023-09-25,0.014244568101994481,-0.004948592346802672,0.023119508058840887,0.003043346735049468,-0.013077856245107822,0.0012866069131058921
2023-09-26,0.0038455520809812516,-0.00610962660341563,-0.018379640827806965,0.006827188627889447,0.0012326386836722936,-0.014564030952158746
2023-09-27,-0.0001667081243731383,0.004574757527447293,0.004508578521998485,0.014315489672726445,-0.0033856675072929665,0.00043459041995141945
2023-09-28,-0.006496729998495043,0.014942515807721435,-0.001531272178258769,0.0048280431687599545,0.004323663727769489,0.006191672431579809
2023-09-29,-0.018276323032364927,-0.03280993358663964,0.0047065902651077796,-0.017926424502349714,0.0015375323495472326,-0.002806794225345244
2023-10-02,-0.013663474447988211,0.01681637953801074,0.030424415004565608,-0.023146543286523658,-0.00982504678970253,-0.004438772267908453
2023-10-03,-0.010909069067545962,0.012974190184143586,-0.004188873876545207,-0.006356939716097076,-0.007131712431314274,-0.013375341994494527
2023-10-04,-0.006477651824561281,0.008585485789833092,0.0020519243279022437,-0.03169845070794697,-0.007183007539919517,0.004298489664566585
2023-10-05,0.014625631906350245,0.005023598486018965,-0.018275894636329726,-0.0008007942351625497,0.010066045170511462,0.0025242104543639066
2023-10-06,0.00538372313986879,-0.0020825584992280044,-0.0062054041162321605,0.01312492322735248,0.0071628746107856855,0.012369993008283675
2023-10-09,,,-0.012698015116741623,0.029074540534087978,0.0015460900127750588,0.003568204457055968
2023-10-10,,,0.014668436773484395,0.00922526780117816,-0.012040777533283697,0.008404395485193783
2023-10-11,-0.011247430667006841,0.023403032744165664,0.009480394294751893,-0.009140940180062618,-0.005624979836664434,0.004594432623697076
2023-10-12,-0.0075835607921078685,0.004573760586775277,0.0023867395190924068,0.03036685401863881,0.0012570435319774198,-0.007657918628239946
2023-10-13,-0.04480721924394537,-0.0037494586635882232,-0.010352557951902819,0.021637804783786185,-0.009416230967650097,-0.005680668151200496
2023-10-16,-0.03145461448474518,-0.0052417359857160895,-0.002615098981634034,0.0023736397546663124,0.00887200473651406,0.009162511222296832
2023-10-17,-0.005256207275544766,0.006620503450504911,-0.0014160031996871547,0.010929001290715501,-0.007223615344651324,0.0004272481915541526
2023-10-18,0.007926080561708293,-0.007650853048057238,-0.0098728459299664,0.005405259567317078,0.002847259459031859,-0.014307127099420947
2023-10-19,0.0033700659602626803,-0.0017585293808514146,-0.015381316932945088,-0.009139671116858317,-0.0018928067741946775,-0.008990454032206885
2023-10-20,-0.024631432884289817,-0.004200485354074468,-0.013197739079717774,-0.013564695445991148,-0.015170685364198855,-0.011913783597836902
2023-10-23,0.00038261033449016324,-0.002721521453903031,-0.00021826755869169823,-0.024202593696144192,0.008344095055521139,-0.000774360482998615
2023-10-24,0.008988309382345294,-0.00491187212647104,-0.004204291330157206,0.004133795512404115,0.003819209659109646,0.007306443697160603
2023-10-25,0.02293407587289198,0.012066256253436825,0.007785988586024528,0.0005615451159757257,-0.009828869372856874,-0.012748503468898997
2023-10-26,0.0031498543867192197,-0.0008128425518569848,0.03286180217903811,-0.0016834612731896348,0.04739035066633246,-0.010241481849538436
2023-10-27,0.00812704510014206,-0.012067910325503362,0.0165929290399629,-0.006182108044571977,0.005808712398511107,-0.0035993212539565667
2023-10-30,-0.0205202741130186,0.02827333644938501,0.047515459967016005,-0.007162969243956208,0.013677695417848135,0.011626611706681667
2023-10-31,0.027497283694213337,0.007608067490695536,0.008310224316286918,-0.04575657022149415,-0.0056971095469829924,0.004463352950152544
2023-11-01,0.0012743231394967136,0.011922334565492854,0.02796306486464717,-0.016315277297696107,0.019300337483246333,0.00999769869869871
2023-11-02,0.00327271055666567,0.021076240763324483,,0.008495276452975986,0.00710063154552687,0.019797643478076443
2023-11-03,,-0.015384766641164505,,-0.01754913486248222,0.00646294023311178,0.011540126037534959
2023-11-06,,0.00611956068768138,0.0013749106125191535,0.0033682623990696214,-0.003210687440265425,0.0008530324816427015
2023-11-07,0.0,0.0020706892204052085,0.0035035039190556283,-0.021261380054816037,0.011712967503323402,-0.0005327651410215184
2023-11-08,0.003380723723268808,0.008911426116204657,-0.02212680755475671,-0.008107276093210491,-0.005788649397823975,-0.00021316871603493937
2023-11-09,0.009753479680182364,0.005760326310976005,0.024509114187497127,-0.0036526100868192746,-0.010189213390199403,-0.005970081577557296
2023-11-10,-0.0008780414504334644,0.0010183633064129172,-0.012385263972970129,0.005259366068333993,0.0061763839569510814,0.011475766368014062
2023-11-13,-0.005273284990032434,0.0019070036492450093,0.00672330885602479,0.014335025617009167,0.010815683981538093,0.0002119767004669093
2023-11-14,0.017494200768508827,-0.0032994992161380354,0.03746501917876399,-0.00773674052170803,0.0008674869613907177,0.02183826076119466
2023-11-15,0.0178880680638831,-0.014769367926209864,0.005889284525347982,0.0023911260045323957,-0.007801185690549661,0.002074933602290052
2023-11-16,-0.023033595114700378,0.009046321250334888,-0.011618790642883847,-0.028417433983693674,-0.009318566686425722,-0.0007248178369506642
2023-11-17,0.009780021536240024,0.0020490067904355147,0.0019286141382579558,0.01985478766763693,0.00029385777335311225,0.004455045408241043
2023-11-20,-0.02058116060678894,0.0077966084743135156,,0.0057567147119943485,-0.010284963455695184,0.007013992247861367
2023-11-21,0.0007063055774116922,-0.007102236075488877,,-0.008117315806233316,0.004156776320490607,-0.0026630477346595294
2023-11-22,0.0029998500381025472,0.02222514525221242,0.0077981999806562285,-0.02182347189051026,0.015966890706186954,0.0027728977972154567
2023-11-23,,-0.013370133246662474,0.012772203906965762,0.015767522579437365,0.004074447982850948,
2023-11-24,,0.003039504942242921,-0.011736580846580025,0.0063357034224065245,0.0066666641253876335,
2023-11-27,0.00870320553635806,-0.005681579594529418,-0.012248560619140814,-0.003043095883234259,0.0023035599783907124,-0.0026563273548336763
2023-11-28,-0.013114790732122295,0.0,0.0066481795645170205,-0.00010509938484704051,-0.0005746294125128504,0.001639048133138088
2023-11-29,-0.038293360261198894,-0.032000099367772594,0.005807919492955671,-0.006421128097388595,-0.0022995241933583266,-0.00010230851507420091
2023-11-30,-0.000909152447641004,0.015348318980437314,0.028778975423819686,0.015149942686443874,0.002304824192350008,0.002557078473690799
2023-12-01,0.05313926884592357,-0.006072425679436222,-0.011859484972346901,-0.0014611214461058841,-0.005748715979812524,0.0074474722196626875
2023-12-04,-0.002937577934093105,0.013778803915190263,0.008474571505577844,-0.013482425270458731,-0.004625639876592147,-0.006177339297553375
2023-12-05,0.0,-0.006026387191815141,-0.0021350329901709264,-0.00010585446403166276,0.006099310104232369,-0.0019360010245264014
2023-12-06,0.01923741413639979,0.003167535461780391,-0.004278803068725412,-0.012608633717730355,-0.009815249691232819,-0.0019397563948941876
2023-12-07,-0.02380557921738702,-0.007475080799921985,0.018698015358731945,-0.012233160305431645,0.004373226188567392,0.006444392863302673
2023-12-08,-0.001916051552199094,-0.005843443723460906,-0.0008077910597740212,0.017381934316030856,-0.002031965424075799,0.003252360930545928
2023-12-11,0.010471241517230334,-0.0013059489923205048,0.0004939354089070758,-0.002135645043369383,0.00639902512904067,0.0035457705285177887
2023-12-12,0.006735728463142188,0.004839024250772761,,-0.01348313710329041,-0.015317886174278095,0.00323036324360082
2023-12-13,-0.013552838707902803,0.005856930338451916,,-0.00238642696380742,-0.0537128813990031,0.013785478123063077
2023-12-14,-0.010260880522873661,-0.03623175081636765,0.0005343979427632206,0.013156513351865629,0.011476362524862393,0.006451645545123341
2023-12-15,-0.03584611601497956,-0.0026853642459637728,-0.007389206977186258,-0.017278305091104063,-0.0012265908276090087,-0.004240718945171751
2023-12-18,-0.01931844753662415,0.00619264230090999,0.014619540636578776,0.01605315811324659,-0.0033773514218746747,0.004456852813500722
2023-12-19,0.006504450183330457,0.017393680649115062,0.0009281255367687979,-0.0033318611761948835,0.01910052050094979,0.007197724886593315
2023-12-20,0.013663135025584472,-0.017227636544048908,-0.013379904634357676,0.007225207536237566,0.009975713369255512,-0.01391464968351519
2023-12-21,-0.0010927737231094525,-0.00013393918701209984,0.0021036903824882547,-0.0016060212514835692,-0.008979315493665485,0.012527515851637139
2023-12-22,0.012034996331415249,0.017398230720988117,-0.005404209357207979,0.002037526638870135,0.003926336262424002,0.0014847053946847044
2023-12-25,0.0018018543537521303,,,,,
2023-12-26,-0.001259105710533781,,,,,
2023-12-27,0.009184236367316245,,-0.0041601711796180885,,,0.0028523198146130913
2023-12-28,-0.0016058844558225482,0.0011626587421074142,-0.0047614354842152595,-0.004280759316475424,-0.003008456635501755,0.0
2023-12-29,0.0,0.0069687580195125776,-0.00045124846463917567,0.0020421910952796996,-0.00030172702011765917,-0.0018634834698059155
2024-01-02,,0.0005125985373881647,-0.00523806480718414,0.010404357234268913,0.012375467786609029,-0.008548629288085086
2024-01-03,,0.0030739154814751757,-0.013935530915085925,0.002016978141045511,-0.00805006051121937,-0.00792868236305666
2024-01-04,,0.012769844495074567,-0.008792572688701261,0.003178353118190813,0.009317713795260252,-0.0010988889729620643
2024-01-05,0.0,-0.00176518918169688,-0.008684707199101083,0.0008447980735764027,-0.0047648323921137825,0.0009000728927270885
2024-01-08,,0.010736291155182931,0.012508680193253241,-0.026168698220399245,0.00029926468639973614,0.011990390092098346
2024-01-09,,-0.004998509618691638,0.00296130135619066,-0.004550891780246369,-0.004487037218556256,-0.004541743304332879
2024-01-10,-0.003836780937970019,0.009294138701144705,0.006874037732612859,-0.006313090074898109,-0.00901439121509473,0.0046617713541659
2024-01-11,0.025385186215790112,-0.007093150859281971,0.001695366865047454,-0.004929423782638942,-0.009096389629863255,-0.0004937611921930207
2024-01-12,-0.026464074637183144,-0.022183260046040987,0.0026528548049913336,-0.00011012577210811614,0.008873986494349007,0.002074369473273885
2024-01-15,0.010522524919314824,0.0019225661755242207,-0.006797280223859614,-0.002532162521020953,0.008795732076201324,
2024-01-16,-0.00208251060318565,0.008187288468579856,0.026870457407073056,-0.0015452378863002325,-0.010823708444249514,
2024-01-17,0.006608647042145366,0.0012689618606078756,-0.007961950695962727,-0.008401474331605763,-0.0033434751502168236,-0.007657192281233849
2024-01-18,-0.023842423116478995,0.030287664243203727,0.026693086869186144,-0.009476044734408884,-0.006709382955619181,0.008718406637282516
2024-01-19,0.009734422301467927,0.00491990733507075,0.00241544293826057,0.00348898535158515,-0.041449239490259915,0.010033751258686552
2024-01-22,0.015074586230681142,-0.007221361300093543,0.01388840655117396,0.000560798486022307,0.019859088134330793,0.0015737579127312884
2024-01-23,-0.012605796198441488,0.004191683513552258,0.017803016926696058,0.011545891644888062,-0.012248700153326464,0.0020621954618218474
2024-01-24,-0.004547096429436404,-0.0011048471791025305,-0.029888746995013316,0.003878404032440441,0.008902965378479788,0.0033319547160963747
2024-01-25,0.01633885405522517,-0.009464156198545903,0.02017502954049455,0.005960909643824008,0.008194201087498909,0.004004749566557386
2024-01-26,0.0031114127194167285,-0.011663947410512798,0.0031744350399369736,0.01327778536287827,0.009690470482372815,0.0008755549166050702
2024-01-29,0.011718113858875556,0.004645123194081835,0.003463835544116778,0.008880180761730472,-0.0157894176110579,0.006609576466235945
2024-01-30,-0.00613180337817032,0.0032493727470483957,0.004943340954435715,0.006225933880242396,-0.00786412579953677,-0.0016414108804552185
2024-01-31,0.0035989643870495414,-0.01868452742065585,-0.011661507513771707,-0.01333470583637364,0.0031705424961314677,-0.012960650189807077
2024-02-01,0.0029029650943916963,0.01916733967695694,0.029604828774485226,0.006919538217323273,-0.006637144539133777,0.01244491773446188
2024-02-02,0.0057891901866804485,-0.0028647443901186342,0.006459184472876078,-0.014925308494981304,0.013363050853012926,0.004064912138426857
2024-02-05,0.022346343199613372,-0.016987316391949392,,-0.00991940099503763,-0.004709559176727662,-0.003855813167489064
2024-02-06,0.010929077183612135,0.00622629647710915,,0.05460754205777563,-0.004101046772275296,0.005806145188825829
2024-02-07,-0.00507790882705772,0.0006312883586798712,-0.0007994052242124017,-0.009082333093692219,-0.03484317557799277,0.0050991083392009084
2024-02-08,-0.0014816227697056483,0.010727003524333423,0.008464463477398043,0.003476589643252259,-0.0022973095164909862,-0.00019152279045686615
2024-02-09,0.01780699864142976,0.012985348151393294,0.01298701108486533,0.00461939312337889,-0.016776327814117642,0.005361550386941083
2024-02-12,,-0.006779083933013852,-0.0031742763607067737,0.002090179604473219,0.014051472101758389,0.0012378952834957158
2024-02-13,,0.0007445170831983372,-0.002481264145809292,0.0006255738888416573,-0.012207125280065068,-0.015883565593219462
2024-02-14,0.008025793299740291,0.045262956713425506,0.009535256660760494,-0.006774278441231241,0.0,0.011017654737349059
2024-02-15,-0.015605145400758413,-0.012101187804888225,-0.006365141009950448,-0.016146953008548737,0.00901800372263617,0.008029722932097139
2024-02-16,-0.0012940799691171234,-0.015251767855838594,-0.05972077737256354,0.00693339739796528,0.0069513159026959315,-0.002465460582184442
2024-02-19,0.014415317609295375,,-0.006197430717889141,0.005932145299014202,0.007889590549294168,
2024-02-20,0.019000461042408823,,-0.0019017712168993839,-0.017375674865953372,0.024461895070718276,
2024-02-21,-0.012535259001628885,-0.004819533423128797,0.002880356450813304,0.008252006717905491,0.04934725558868425,0.00028598342003216537
2024-02-22,0.006981820797119731,0.018072081934050743,0.008527682967198524,-0.00467680198918663,-0.011529040989781247,0.01725133004052637
2024-02-23,,0.0009282277155371332,-0.10887188601490738,-0.004485267641980983,0.007673368973480921,0.00037471284828183293
2024-02-26,,-0.0019705754905804396,-0.0029989703675896706,0.0004290086681382199,-0.038684169800444534,-0.002716001560952752
2024-02-27,-0.010749513026021007,-0.0015098220042275567,0.02771333427479883,-0.00010725531423216861,0.010139404220150583,0.001972139016535701
2024-02-28,0.0010329049854873595,-0.016517454141896315,0.020152566540123873,-0.00847178528812964,-0.01631108639050327,-0.00421789502065506
2024-02-29,0.061904773453757,-0.00449421124094862,-0.0018342081090854112,-0.003460941193606404,-0.009566361878420748,0.0038592456250508
2024-03-01,-0.018161493509029514,-0.0017821836364319,0.00028261540893592674,0.023768196405256736,-0.01126856635732798,0.009657813781666968
2024-03-04,-0.006850746607163782,-0.005593798268661021,-0.009704105134290764,-0.004028433916032248,0.004884456649162594,-0.001485920899477411
2024-03-05,0.0016095574735803808,0.0011966898992961106,-0.012700958004726037,0.002448104203739865,0.018146497747668633,-0.008091535096363844
2024-03-06,0.001147936619587453,-0.0009564129743995231,-0.00949171171471097,0.016988736676041283,0.001591290851427507,0.007782400245251564
2024-03-07,0.013758159801601222,0.017350564438013416,-0.0054480980920396105,-0.005951236049258624,-0.01048614006380122,0.010420655857249495
2024-03-08,-0.025333511513347395,-0.02893403345987766,0.0035214731724830806,-0.008297320645777484,-0.012203004443464671,-0.004880306586939054
2024-03-11,-0.023671478227651033,-0.00036351999322137285,-0.0008284747798960046,-0.0008471773804739069,0.006827095209582357,-0.0020356950408515484
2024-03-12,-0.006180188832343836,0.011511048631384968,-0.00024379561544274342,0.012189787957419762,0.021956747952542433,0.010106623805775872
2024-03-13,0.003109219180827294,-0.004791522208020815,0.012831653585482217,0.01581317466364962,-0.00031600079696192385,-0.0012852153235384245
2024-03-14,0.015259830431351151,-0.006620251168453772,0.008044613789518706,0.010309344590809788,-0.0009481635055905713,-0.003952122895503618
2024-03-15,0.003288092433320511,0.014419130905327426,0.021743373518107623,0.002040791895342009,-0.0066435129504124335,-0.005075221922198003
2024-03-18,0.003745436233161259,-0.03416165576700014,,0.004684305312270487,-0.0003184469505563836,0.004080903589869234
2024-03-19,0.012826241468334887,0.018550603844256885,,0.010135699021360578,0.0038229298282304036,0.0035100095724882596
2024-03-20,,-0.010199107649179084,0.013356649589250758,-0.00933166973737054,-0.0022215553683913036,0.010125290327847036
2024-03-21,,-0.042075616372022395,0.018836057577197973,0.0060771699205031116,0.01304075905601687,0.0021868977233128195
2024-03-22,-0.0022795336307542824,-0.0024328477336063026,-0.006101516392555628,0.004429798541391694,0.00879122300855184,-0.0023641248731404163
2024-03-25,-0.022846603240016305,-0.0016689508000279352,-0.00572339472603578,0.014132485467497569,-0.004357305460258476,-0.002005081880169124
2024-03-26,0.008183146046275569,-0.007715086045662289,0.010120204498015317,-0.012057689407772076,-0.008127601883308078,-0.0013697889872164026
2024-03-27,0.010204167205565051,0.0011663264712502563,-0.006617954570714235,-0.014005678779154151,0.014182180779872766,0.0073159227978474295
2024-03-28,0.01010086011062894,0.0029188868979834748,,0.0058848003311091635,-0.0133623346327566,-0.00018157509193716947
2024-03-29,0.006590943737717847,,,,,
2024-04-01,-0.03206127551685145,,,,,
2024-04-02,-0.006531519758211091,-0.012691689181987154,-0.012437806086189052,,,-0.005916049898328057
2024-04-03,0.0011740215664801656,-0.001205092242285155,-0.028525796715509477,0.005898535151650952,-0.0006264594476653729,0.0023805031346590955
2024-04-04,-0.0014072335495275423,-0.005496662494458349,0.03168542206409786,-0.0052774562628565835,-0.02820422521425181,-0.010047530146121697
2024-04-05,0.00516672899483428,0.017120474977876388,-0.008486961526996906,-0.005502069549717992,0.008384314588643749,0.00784278811463257
2024-04-08,0.008878785707978842,0.009145061283866385,-0.004870991781828926,0.007508440657210125,0.020786716150536844,0.0021056647597081923
2024-04-09,0.009726676658653455,-0.005253400238443118,0.005560129942212777,0.013139751692911705,-0.0003133278674340989,0.001461757420202936
2024-04-10,-0.01605519992720128,-0.003828901541958807,-0.023818535828707965,0.006775075764224425,0.009088119709389497,-0.011403059063446963
2024-04-11,-0.048018502343957103,0.003976185424542367,-0.0012586486994741186,-0.00019220380934792392,-0.018944076843916746,0.005905694250331495
2024-04-12,-0.020812959037407874,-0.004224419197634943,0.0050895638099641705,0.0367305581256856,0.0037985873753847432,-0.015411377918348679
2024-04-15,0.0002500067022936925,0.008617283435528478,-0.01128527197241569,-0.021888199194241675,-0.009145301685674068,-0.009689761073810477
2024-04-16,-0.012500011936969035,-0.01288122508073486,0.05485589540569302,-0.02218866600437497,-0.0063654424449192115,-0.005268586728963132
2024-04-17,-0.012405003081329635,0.00226362409090175,-0.012025811846708034,0.0023274056129121146,0.0,-0.003688769434635475
2024-04-18,0.010253777316614476,0.0018599629621887104,0.00854528204117555,-0.00851374886347378,0.006726503836269604,-0.0014238835703489494
2024-04-19,0.012687082170766972,0.008619569383081283,0.009014906156444846,0.0048791511108234875,0.002863495953300932,-0.006179260276878318
2024-04-22,0.017790077859705766,0.022350740047185624,-0.008983081347249233,0.014759873915025867,0.02189085434009863,0.010139608578550563
2024-04-23,0.0004923837870194347,0.0006429441834689964,-0.027045641019839417,0.0011482766786632403,0.0021732077024751995,0.011174146032550514
2024-04-24,0.007874012787657536,-0.0028274170351025862,0.00693658232826988,0.004779407384322143,-0.005266354972654819,-0.0005617691939162617
2024-04-25,0.0009765310498575097,-0.0027065232450971255,-0.003067401586943963,0.0013316964685339272,-0.022422977117969256,-0.0030922435159327355
2024-04-26,-0.005121988289208734,0.004781735840881485,0.03263401476346295,-0.0028500226104735127,0.01433579483305003,0.009305357119285373
2024-04-29,,-0.0009004179073254237,-0.01533725325351143,-0.0028581684551953757,-0.0018844154082040543,0.004377050916023473
2024-04-30,,-0.017765059415756235,-0.0005456544702484578,-0.005541693537341463,-0.006293197799842942,-0.015113628740576979
2024-05-01,0.005392201991617052,-0.007077339750899969,,-0.021137683581768485,,-0.002635955252639266
2024-05-02,-0.01145787568163914,-0.010031709550837764,,0.012563806083364826,,0.01245981865808421
2024-05-03,,-0.0001334663080144738,0.0075489139443798425,-0.010469143483577303,0.005471519632745059,0.010908013229698144
2024-05-06,,0.003467159217888982,0.0014885027955537922,,0.007682430537591323,0.009038168147779135
2024-05-07,,-0.007043071473158857,0.0056976377083952645,,0.006353240506362656,0.00027416870706731267
2024-05-08,-0.011477026377921695,0.004014927511120314,-0.00783292303542693,-0.006352960386131867,0.013888861982724876,-0.0005482592103221995
2024-05-09,0.016910605308400273,-0.0034656685840195323,0.009483640394242654,0.00719268429090314,0.023038613940908892,0.006033943202656822
2024-05-10,0.005956874569253756,0.012439813781032871,-0.0021641528461389115,0.0041660270160539525,0.003651843287710177,0.0012722962843572105
2024-05-13,-0.003947754502963474,-0.004227767786156966,0.012224518943936502,-0.0023707449112274626,0.018192912179864296,0.0006353756055867965
2024-05-14,0.0027248185005057657,0.011410282328495835,-0.010372545134147981,-0.005346549580407034,0.0005954816629440973,0.005532838108004867
2024-05-15,-0.00642287569919342,0.0062965758019659646,-0.00019682091540507152,-0.010650948541561678,-0.040773752871425484,0.011455854593031445
2024-05-16,0.005967178334770784,-0.015903975582620133,-0.00989266554242807,-0.015281449833746907,0.006825959455955211,-0.002051206420658813
2024-05-17,0.0007414334539557199,-0.0010596649460998808,-0.010637756191464787,0.004087580558994386,0.01725721175360051,0.0023236314645478373
2024-05-20,0.006174432805393648,,-0.010953182185307275,-0.00010178594223597681,-0.010602766276801012,0.0006240886982544769
2024-05-21,0.0014726753404077364,,-0.006908794810690844,-0.0009160423636790371,-0.00520514764673774,0.00017813958719981038
2024-05-22,-0.004901928046759263,0.022394903823271584,-0.0028646185466640883,-0.018541051161233835,0.008002456170697059,-0.00472154516088541
2024-05-23,0.0,0.022677522488572466,0.00795160908652659,0.0017645288728838082,-0.006412190852510324,-0.00662365443777857
2024-05-24,-0.0024630690182434467,0.010583200279834282,-0.007888879798240267,0.0009325578540697599,0.0018438104670883693,0.006487602662435865
2024-05-27,0.005185159894312452,0.00423882762609229,-0.009900969120102965,,0.0015338265809798912,
2024-05-28,-0.003930237072175435,-0.0024828920382953257,0.01948189189709737,,-0.017470041766715405,
2024-05-29,-0.0012330216950651174,-0.028126883539946523,0.002693561473682715,0.004312003046541557,-0.004939177718363497,-0.010113670756038307
2024-05-30,0.002716009187461399,0.0010244831522399078,0.002331682799359136,-0.007871522345013982,-0.008603535347293079,-0.0025317084173848148
2024-05-31,-0.0012311372565347867,0.017653699805985967,-0.017092370449596883,0.005976244850083745,0.0006675324225582369,0.006889149973195563
2024-06-03,0.0024654352173119065,0.0003772036965570269,-0.03555065054814133,-0.014237478844192797,0.026684523025095386,0.0019806036504901314
2024-06-04,0.006148617379982291,0.0010053014724877851,0.0630001057585532,-0.038029868313172566,-0.01981808244799599,-0.0013477776802685026
2024-06-05,0.0068441962615031215,-0.001129950574563443,0.0011540913408576436,-0.0054007455771570845,-0.009280748044647846,0.011515971173303052
2024-06-06,0.001456710168278308,0.005529853671564444,0.010275721040793995,0.005973158837800918,-0.0006690957197034164,0.0009783757348782451
2024-06-07,-0.004121280141545114,0.0016246649195539309,-0.014438121749850819,-0.0009716199386358149,-0.005021786221460212,-0.004975991810484137
2024-06-10,-0.002921035703386532,-0.02745173667110945,0.008205898162925829,0.017613981589335248,-0.018169548943312575,0.0029469926717273776
2024-06-11,0.0014648276606414878,-0.010777674899093648,0.012682762241930323,-0.005309557215964489,0.011651817920967034,-0.002020240338210022
2024-06-12,-0.0078010077820110935,0.038651260452410297,0.0015778319860244583,-0.007366337279457347,0.004403773964486879,0.009626654086228204
2024-06-13,-0.004176972802812706,-0.014985075916135626,-0.027568520531067953,-0.010539825606399211,-0.013828048935478066,-0.003118956085711888
2024-06-14,-0.01060938209797535,-0.037778858166927276,-0.010125026377711066,0.0,-0.014705843739126645,-0.0018771587062851314
2024-06-17,-0.0037407024612976514,0.011067043823260292,0.025060031376264114,0.0014130542625321318,0.009371764496585833,0.006358606902703512
2024-06-18,-0.02252816841749905,-0.005733477450203361,-0.007733244485827462,0.013459253128763393,-0.042641005388620035,0.0040936182710187285
2024-06-19,-0.020998728875345485,0.001965740534092486,0.028710653937573882,-0.001071036103103662,0.0007184391557166769,
2024-06-20,0.014648243910653447,0.007455953901126966,-0.03137987853945323,0.00889890822957895,-0.0032304689687882027,
2024-06-21,0.0023201272764536984,0.013373238089738004,-0.026088604329823406,0.0010626624111691463,-0.008282315928048511,-0.003996246119064906
2024-06-24,-0.0020575469971072513,0.004740288197945031,0.009896314177672005,0.0066879194056290725,0.00254174009814645,0.0008915170468188904
2024-06-25,0.012628803577460879,0.013772225250841208,0.016110063010631226,-0.0005273376747043645,-0.0003621744112918268,0.0030289738326521043
2024-06-26,0.009162666166818934,-0.029937077510207133,-0.018682150677133524,-0.007069021765300332,-0.017753652471538595,-0.001154602890614198
2024-06-27,-0.011349342472237622,0.004927350344902326,0.002881336538917534,0.004781700489680407,-0.012910354054812223,0.0014228154450230956
2024-06-28,0.0,-0.009419300444233225,0.007593282426080039,0.005076186080776646,-0.013452967304724561,-0.001953513479340252
2024-07-01,0.0,,0.011405879391256812,0.006944448015831606,0.014772818466757931,0.0016903168089312803
2024-07-02,0.006887777225952352,,-0.013291026689683183,0.01295716827158122,0.008585289637050852,0.005329102128951435
2024-07-03,0.001266760266103617,0.0019326607011638242,0.0006632440083811364,-0.004229481581574546,0.014433687035346976,0.007244529518247056
2024-07-04,0.009362385434900311,0.002829335084716833,-0.021415372142603695,0.015849946188551955,0.021160147047245337,
2024-07-05,-0.0005014584108715692,0.001477955979388268,0.004064199756296016,-0.01652040011127698,0.01250452965970772,
2024-07-08,-0.010032539294495435,0.018609027093809738,0.028541722412664727,-0.015657449957497294,-0.008821498213734458,0.0
2024-07-09,-0.010134275684945071,0.004661371225176625,0.014278461083078842,-0.04297899094790614,-0.0010679568331803946,-0.00026168903863432735
2024-07-10,-0.009726112880293236,0.024078399103729442,0.016962819994962075,0.0008805014951309698,0.004989348577533859,0.010206837598320417
2024-07-11,0.002843135544887687,-0.009184373040783678,0.00269015759027047,-0.0062686840339210015,0.01170206847997024,-0.003886084141870083
2024-07-12,-0.06494852648097005,0.007168342405113215,0.008927309966740626,0.003762881150441544,-0.002804036450946512,0.007282242058546107
2024-07-15,,0.0008589773915166354,-0.0026110315483801605,-0.009040723300975162,-0.005623915297374937,-0.001032837679437737
2024-07-16,,0.008337489848541546,0.010713663861919853,-0.006230571735626689,0.0,0.005341620575812112
2024-07-17,0.010921297457098023,-0.011429861064906954,-0.00047973351730246083,0.013658801583719127,0.019087981264900744,-0.012597478895022163
2024-07-18,0.0027700997120208015,0.01156201327021611,0.00196750263131773,0.01391640950021844,0.015261899958419978,-0.00850542143034283
2024-07-19,-0.004972391353452954,-0.0023103554125410986,0.005747147809561648,-0.0037037884982429325,0.003758118954095835,-0.006565182200431452
2024-07-22,-0.0016657936603267087,0.011456329257214293,0.01380956175969561,0.001093403207462984,0.0,0.010309295407961994
2024-07-23,-0.0005561202366934914,-0.006024696676672048,-0.0038515694992447003,-0.01561822811913649,-0.0023826276042399064,-0.00340134336890896
2024-07-24,-0.01780752110401085,0.004364085134946238,-0.0371559053415329,0.005325755286404998,-0.009552989121489053,-0.019690239310611868
2024-07-25,-0.005099166613342976,-0.005431286046355899,-0.020274212309723483,0.00099328067302773,-0.048226002062749185,-0.005088362204892727
2024-07-26,-0.01480626507257643,0.002669869189143581,0.00914730248017781,0.0022051300394203555,0.006514645993633605,0.011843848776986299
2024-07-29,0.026300521388360254,0.008472289798595378,0.005894343871777563,-0.0033004172099980744,-0.009708682808333369,-0.0008868238115871119
2024-07-30,0.011546048295731248,0.008161467789949306,-0.0015265152294787754,-0.0029801035335118575,0.0,-0.003372602236887956
2024-07-31,0.008073538106844635,0.013214343114905658,0.0136114332878281,0.015941685605570077,0.002178645133630752,0.01638613907607689
2024-08-01,0.0008284561319116257,-0.0294913031253079,0.0010217564758268072,-0.010787976819441214,0.0028985202156992518,-0.017786725740036147
2024-08-02,-0.011589347199775113,-0.01016949248233856,0.010352882943644337,-0.02004842084420899,0.002167626049535132,-0.017573631651688792
2024-08-05,-0.10161927224601153,,-0.00418527198187757,-0.03102525804589762,-0.011896194254612302,-0.026241679522051142
2024-08-06,0.05873216146509286,,0.007874410412888277,-0.0006960174336064773,-0.01568766389893228,0.006807237560793489
2024-08-07,0.00205458339225717,-0.0287449063264833,0.015577709182307942,0.015207792427020861,0.024091887671379597,-0.0018524981332986856
2024-08-08,-0.01493851125540746,0.016201136816121675,-0.011185607143093801,-0.013585695734714132,-0.002171548664544498,0.021063395425353848
2024-08-09,-0.0053523811182496495,0.0028871769573792783,0.0037229788909494133,0.005797232221961712,-0.0003626998810142279,0.004452973202882182
2024-08-12,,0.008887210769685572,-0.0013789576189725539,0.013486887738251907,-0.0036284653832114877,0.0007237944469073998
2024-08-13,,0.02146401965968936,0.005666631237764896,-0.005914459447394105,0.0010925339533376377,0.015369348477530576
2024-08-14,0.012772314905107107,0.0026722340569651504,0.0018940100670181703,0.0,0.011276794218320063,0.0026711590272086028
2024-08-15,0.007451933902314023,0.015626863947365788,-0.0061439937185048255,0.014759808186517231,0.004316538815111182,0.015895532664766954
2024-08-16,0.001991382869673597,-0.0032204765163119653,0.0012839735851679634,-0.0049611513772450655,0.008595972780063743,0.0034965472578964985
2024-08-19,0.22714359857063293,-0.021538806942670408,0.00679147680488934,0.0018130498610862134,0.009232986888464412,0.010017384676240804
2024-08-20,-0.10550662451556858,-0.011006517223139167,-0.01037793829084599,-0.02759869568413842,-0.002111185398292692,-0.0025009996846084848
2024-08-21,0.0576823967163822,-0.0054407633407305145,-0.00986699601541663,0.0012796003508526166,-0.007052221884511378,0.0051875818952134
2024-08-22,-0.01442903586336619,-0.018774122599336307,0.002503480104586897,-0.009758464034736125,0.003906328868796161,-0.007913362786500788
2024-08-23,0.014640281003008404,-0.008236045610840015,-0.012053514121367681,0.00727351220942718,0.008843267778984032,0.013525229673167383
2024-08-26,-0.003179299144211112,0.0015330268074136288,-0.008214690654776535,,0.002103782887568739,-0.0036783785712076744
2024-08-27,0.04121686513038769,0.013522000231614761,0.011272410044441461,,0.02239326448660739,0.0019747906357157063
2024-08-28,-0.01036760433713313,-0.006041327552259168,-0.0074634669322791725,-0.0013884211303786254,-0.003422259822033369,-0.0054841490065523635
2024-08-29,0.018028870639936745,-0.01532222950107165,0.004736387635005501,0.0074152081270024706,0.0,0.0008616846480922202
2024-08-30,-0.008972778690080951,-0.01067392915119425,-0.015843040982606915,-0.01230597891505636,0.0013735762578526156,0.0070592324191907085
2024-09-02,0.027638750104945542,,0.012295772742765942,0.001979455572895139,0.0017146863282513358,
2024-09-03,0.024344965077864877,,-0.025414759939788478,-0.032306778267783165,0.011639851409537938,
2024-09-04,-0.009053791340779105,-0.007600144794271846,0.02557697242243373,-0.006004478856455164,0.0006767942843115549,-0.003050387305904678
2024-09-05,-0.011192376269590465,0.013166893182744888,-0.009711979535258597,-0.005195246104783169,0.0003381682718022194,-0.0012238472166999914
2024-09-06,-0.014321935262237684,0.019228216308208923,0.000936347961232542,-0.01457364752868151,0.0040568578828619195,-0.016980295562454284
2024-09-09,0.024138655459701175,0.013791273454923259,0.0016247929047943366,0.002341580612838845,0.008080792837144912,0.01032857910265128
2024-09-10,-0.0013730087534791213,-0.013860513292347498,-0.016565917334626867,-0.022623812087249506,0.005678023638032492,0.0014100129189702493
2024-09-11,-0.02841425791019203,-0.002212357379469121,0.0029491497122076105,0.002012852530655529,0.0003321034685275226,0.00880043059520208
2024-09-12,0.04481140213010648,-0.010434171717228047,0.0005482107194216823,0.011927150605691272,0.004316049546697398,0.008723726897678974
2024-09-13,-0.02121909200155281,-0.009181694430193454,-0.0011953958742795256,0.0029776223950066516,0.006281037338028206,0.005016045309306438
2024-09-16,,0.010000040323160153,,0.004824394328550197,0.008212850941585081,0.003442087591619236
2024-09-17,,-0.005676567116203124,,0.01058733054909089,0.004561715477635397,-0.001029117627916798
2024-09-18,-0.003242941064290461,0.0007965508124674336,-0.003632957802368608,-0.00024378635028621254,0.009082136060679868,-0.002832821042976774
2024-09-19,0.0030211331605765057,0.006765653056595378,-0.0006583900893926131,0.017302333059416197,0.009000259864027527,0.01782020898507164
2024-09-20,-0.0030120334065711907,0.002635533589539829,-0.0219429618791408,-0.01892439781982691,-0.00955716623195857,-0.00397529415992226
2024-09-23,,0.006308327828408622,0.00829015765809138,0.005371655608157999,-0.004503025031941554,0.0038213377279880945
2024-09-24,,-0.015933138120009405,0.002774907736546428,-0.0038858192411217463,0.01970916000691636,0.006852090875569816
2024-09-25,0.011220168403347275,-0.005573944295753086,0.009121738177049421,-0.024137537112274066,-0.0009505357176435858,-0.004200879670934632
2024-09-26,0.020110885597991013,0.002535694752109574,0.0012695487178833176,-0.04097428207113696,-0.0019030118143232855,0.011137335072247678
2024-09-27,0.0047587061952458765,0.002662341570237592,-0.00730346945383098,0.011202248406954052,0.01843030552992242,-0.0023364452422292015
2024-09-30,-0.03157415102743644,-0.007302076118012701,-0.008174444419872251,0.009146043012614236,-0.044617776954234745,-8.356744105175729e-05
2024-10-01,0.006753585584518662,-0.007623466092081421,,0.0237425908211919,0.009470927567558185,-0.006357219213819265
2024-10-02,-0.0027758724545653424,-0.014150936987750162,,0.01396515471369586,-0.017470041766715405,0.002357097311755041
2024-10-03,-0.012294152545645365,0.009569302922872502,0.00020921505052640121,0.005902517047091882,-0.010536807700167738,-0.004955105791367376
2024-10-04,0.030765787747400797,0.0014894641803553377,0.0042864568845033535,0.019193202475601856,0.0043261728554992995,0.008440315960439815
2024-10-07,0.012531274452921126,-0.0018929004594797627,-0.0024984821982928507,0.012594441088932706,0.019549414367387996,-0.006277189470891842
2024-10-08,0.0036003509425537317,0.007856978536065817,-0.006052964212750034,-0.03707661367936643,0.007799790189285449,0.002610940937090689
2024-10-09,0.04708501260471509,-0.008198980122541166,0.006299897462086923,-0.00012301763691158207,0.009351748604012888,0.004116240902658719
2024-10-10,-0.004282510215318114,0.013687521024197569,0.001721595569326384,0.01094991671801182,-0.012460008171562231,-0.001003911898466936
2024-10-11,-0.014193553846394202,-0.03382331185895515,-0.009166234870721879,-0.003407604632219008,-0.029440311512994866,0.006280869354405416
2024-10-14,,,0.006780616547893192,-0.002564367481260099,-0.013000010306050247,0.005159802622231702
2024-10-15,,,0.01420073602969385,-0.03893244415718666,0.0131712365165082,-0.010432207654841763
2024-10-16,-0.02754098476343081,0.0163014549160847,-0.0037578909885032097,0.00751584513317094,-0.012333367940450701,0.004016049008772615
2024-10-17,-0.004270505809398251,-0.005930761169746557,-0.013641278111115707,0.011505921224843174,0.022612234270268372,-0.00041669633288965446
2024-10-18,-0.0013544125506012028,-0.0002711692895469575,0.020221025909947565,-0.001000010308597421,-0.0013200839166853662,0.005835789209477804
2024-10-21,0.011527892455141187,0.006103332058979172,0.009756063213907762,0.013138120836651668,-0.0062789612932363514,-0.0048072729701625905
2024-10-22,-0.007821217084682752,-0.0012133451026519193,-0.007373526949675635,0.00395204642113578,0.005320931008005347,-0.0021654794606240646
2024-10-23,-0.008333249067288495,-0.008368090919167015,-0.007889320483998152,-0.009226172471929361,-0.009262327805008796,-0.008847240678734658
2024-10-24,0.029298210478653886,-0.020008219910252256,-0.010585509670681503,-0.002234937382160629,-0.018363963495581892,0.0023578253268232707
2024-10-25,-0.0008826937810605395,-0.007916650825682381,0.0088200416786266,0.0077153609983766636,-0.00680268507837456,-0.0017641764318412356
2024-10-28,0.0066254950878086305,0.03863928069764233,0.020124129023347148,-0.014324520661512352,0.0,0.005217992410623928
2024-10-29,-0.01469951035941619,-0.011861522339493114,-0.015467337961640237,-0.04973703544970309,-0.006849349626595225,-0.0005860838014022374
2024-10-30,-0.007570608408544621,0.011867455644334779,-0.003348076283683832,-0.013711253623802322,-0.0041379234350360505,-0.004440056452249319
2024-10-31,-0.013237634192092562,-0.021164807117120432,0.0018606364433708666,0.006951014472161621,0.006578923260672553,-0.015062169469881814
2024-11-01,-0.017962701611978216,0.005922155791581618,0.010368627952315412,0.0041152687198220406,0.01616792450581017,0.0038444501023946476
2024-11-04,,-0.0061610955776685294,0.0022975893616163923,0.010047535397957441,0.0077860499324065024,-0.00017019824699804342
2024-11-05,,0.014464796339564545,-0.012887686799292308,0.008115186992800894,0.004366792442519474,0.011661563513034379
2024-11-06,0.0,0.03666485617088777,0.0011352923919296654,0.0036354568559564537,0.0006689413494793683,0.011947801515253875
2024-11-07,0.012018160562432989,0.0060257002142785066,-0.009226692242242707,-0.012775844246981971,0.00534753721034531,0.01122476282406959
2024-11-08,-0.00582576200539775,0.0029948547988658536,0.017116652422630718,-0.021494104808946646,0.002659615565035578,-0.0026311790731584628
2024-11-11,-0.0033806898994968027,-0.0032455350990426846,-0.0010742614494788638,-0.000803602376922119,-0.0053050527450502205,0.0012366270191781492
2024-11-12,0.007462747012340065,0.007944729471276224,-0.018331659128090205,-0.015281625402697507,-0.02200002808225776,-0.007410404703222406
2024-11-13,0.11784515940259244,0.017315007077604916,-0.0038079622580241557,0.007487090134424834,-0.0013633475844658793,-0.001990899948434599
2024-11-14,-0.030923807182397067,0.03302414015496691,-0.024871758738170158,0.02486159234514984,0.001023924334130566,-0.0046546352230256716
2024-11-15,0.013468855336495,-0.02409916090191555,-0.011491066298987551,0.009096882564294972,0.01125129309960582,-0.009269369493920987
2024-11-18,-0.002249081147314036,-0.012725332937322476,,0.01149725771275767,-0.0047201297077204,0.004973131176639223
2024-11-19,-0.0008197476273061888,-0.00982656288207584,,-0.01110820263328216,-0.006097619695819123,0.00276765474137064
2024-11-20,0.06521740254975827,-0.005026353551548124,-0.01821211446158344,-0.0032654728421748214,-0.0040899720293440245,0.0
2024-11-21,-0.01578734821034178,0.019300453846485377,0.00022690007727343975,0.0184773264100353,-0.010266921495102332,0.0037638723097352944
2024-11-22,0.0001955868231322544,-0.0012707292951438243,0.011910254531443787,0.010550656337364517,0.004495138715091551,0.0035829897499684016
2024-11-25,-0.0033249177724156143,-0.009797706343308898,0.005716692720520555,-0.01235037670231498,-0.0034422868196151146,0.003487240918190082
2024-11-26,0.0019624052491569177,0.016319727432242415,0.008693820357911886,-0.011344593098016942,-0.004145141523708484,0.0014893288930970527
2024-11-27,0.009008949374478492,0.04273626621434801,-0.02430942090922006,0.0018254917203783805,0.011446424968814872,-0.0007436216858286437
2024-11-28,0.01766305531857304,0.004001436741080111,0.010419052237834237,0.0033841349742704807,-0.0017146151676302734,
2024-11-29,-0.00667555701803757,-0.010748814168097032,0.0003921991260513735,-0.0020754963788546243,-0.010649371737963431,
2024-12-02,0.0007681199049700549,0.013673530807596368,0.0036973135822433445,-0.010529112975942057,-0.04791658035661217,0.0021351835730356594
2024-12-03,0.0024941348776341687,0.0,0.014957923233587689,0.018392095802329367,0.010940898337997496,0.0018028739807822713
2024-12-04,0.0028709331343683697,-0.0015091437731452606,0.01149301124362534,-0.008384992673708958,0.012265514263866573,0.005316967813455031
2024-12-05,0.00496171109765875,-0.014024756910729796,0.012286477410915264,-0.013399187750322006,0.0014255387293293786,0.0005695838288357624
2024-12-06,-0.02145833035967548,-0.002084753343872814,-0.0204618621295396,-0.003823900371936584,0.006761540713241976,0.0012198328844219564
2024-12-09,-0.00970319578826262,0.001720453576890213,0.0050441492135535615,0.042620827391934624,0.019087981264900744,-0.0023554787695206914
2024-12-10,-0.0023514781136176888,-0.00662420401508268,-0.02045711347046575,0.004189393233900107,-0.01560874823471936,-0.005943176172922504
2024-12-11,0.001964233374270208,0.007409233144321847,0.0016150451210648065,-0.003666226379749671,-0.009513688123408803,0.007125340203980368
2024-12-12,-0.015683160695112552,-0.013361090743707171,,0.007613170287044335,0.0024902000139812586,-0.006261728214081774
2024-12-13,-0.0021908496711012804,0.0050937705714677595,,-0.0027703170427799684,-0.004258331304066276,-0.001145693194964048
2024-12-16,0.00199599049883159,-0.006798616924448941,-0.016521528177063205,-0.02740243210728388,-0.016037070366683004,0.0020481266166847423
2024-12-17,0.0011953292622131073,-0.0029867576901957404,0.017770468564972663,-0.012983641127639056,-0.004708492813329301,-0.003826886848274924
2024-12-18,-0.005372108036753143,-0.00199745865780121,-0.007803813781812496,0.008681885985428295,0.0018195898934192378,-0.029723505056211685
2024-12-19,-0.0038007569423806897,-0.0051279823240156786,-0.026198050094174752,-0.011345873712167887,-0.015619357556546865,8.53085900918149e-05
2024-12-20,-0.02971887696654585,0.01571524874971786,0.015049408230173977,0.0,-0.005535006752697469,0.007849904629955384
2024-12-23,0.0014485478920731598,-0.004455975765712217,0.01030381544472414,0.004352968029061488,-0.006679099475741634,0.00618007112390484
2024-12-24,-0.008885962508156209,0.0019892231256974924,-0.004079435680716448,0.0014448075648842984,0.009712398320338433,0.008414056465199549
2024-12-25,0.027314365593637202,,,,,
2024-12-26,-0.004465193483526697,,,,,
2024-12-27,0.00876660077317637,,0.00033834549333300323,,,-0.007586525287232249
2024-12-30,0.005254622339567083,-0.012603006689039353,-0.008006323085643419,0.003372721230396447,-0.004403737545740416,-0.01024863928627251
2024-12-31,,0.007456043570887916,0.011197058214542421,0.016160291494210943,0.012163672538359815,-0.0027160019377162614
2025-01-02,,-0.008404380700347214,-0.012590638893459793,0.025826915736560707,-0.00473413747701279,-0.0019574489993940958
2025-01-03,,-0.006198681951901208,-0.04536924903317252,0.011906315702160608,-0.009513388207723295,0.01040332562508417
2025-01-06,,-0.02227596582148683,0.012224248054024223,0.014952701394681078,0.017362451504379983,0.006920388951962897
2025-01-07,0.00020488522034312062,-0.011977628652921957,0.0174964665449302,0.019200675022578828,0.0032679300271774014,-0.009638637393243
2025-01-08,-0.018029099937151738,0.025036311101940933,-0.01076894204324752,-0.003791541836027368,0.0,8.460826635237062e-05
2025-01-09,-0.00918005815447176,0.0023139110138266084,0.00468205201147609,0.0054710171352658765,-0.006152733733061466,
2025-01-10,0.048641893345301224,-0.018340360312215975,-0.0047184602031865586,0.005677786278899921,-0.0025491451363875983,
2025-01-13,,-0.01685396949349449,0.012525495037920109,0.014349602274384532,0.013143458627386195,-0.00017188607612150797
2025-01-14,,-0.00744180212800627,-0.00612754168585905,-0.025394268112869378,0.007567591091803605,0.002836241200489642
2025-01-15,0.009083406188800769,0.007899273286330333,-0.015355067559548963,0.006543742735402036,0.015736787088715953,0.016283932836628878
2025-01-16,-0.00040909980807191104,0.013283665728993421,0.00011818320309275876,0.013711512718020069,-0.011267633213236539,8.424318810762443e-05
2025-01-17,0.00818668698273095,0.006554812311943881,0.009981641320942813,0.012826458754449543,-0.049501394631858986,0.00851680516571296
2025-01-20,-0.004669174151982758,0.0006513033371740029,0.005730941674574552,-0.010591688394279708,0.014612225731163386,
2025-01-21,-0.004690974722258878,-0.010803148347240499,0.020060572798842102,-0.0066325172657025755,-0.005169908373184207,
2025-01-22,0.001844277101988423,0.004210653395889663,-0.014649695445077326,-0.001405717682265717,-0.0241276594007529,0.0036375506590371476
2025-01-23,-0.009204410027291776,0.0056339136054857075,-0.005611547632780933,-0.0058650677618729,0.00608597910607056,0.005518932399051435
2025-01-24,0.0022707994765862605,-0.012507917679518088,0.0058176639841540645,-0.009203504949518937,0.005671027527081485,-8.189820339232767e-05
2025-01-27,0.003089831309778024,-0.0013196217070829963,0.008502581630593697,-0.006907193031241543,0.016541374850641777,-0.011961294115389487
2025-01-28,0.002669183925604335,0.003170949912299159,0.018295607001955094,0.0033575704493955527,0.011464539583184719,0.006633453204144324
2025-01-29,-0.000614278091522924,0.0013170867837621891,-0.0025346227381686237,-0.004661115064398036,0.001828086849261501,-0.0029653736280690346
2025-01-30,0.0032786803903239736,0.018282173880748154,0.015189101609697664,0.012247877083532588,0.016788391205722286,0.007683460644514861
2025-01-31,0.008782612942492163,-0.008654258635297785,-0.019355749329097005,0.002372407045463598,-0.017229118179467262,-0.006395077145029515
2025-02-03,-0.020044501573692863,-0.020064942107701378,,-0.005917124691718567,0.0,-0.008086479172081162
2025-02-04,0.003099094306521666,0.006648065811027282,,0.005238241423734857,0.005478555278394692,0.009067480952121842
2025-02-05,-0.004119324823490866,-0.001453035976639483,-0.005225113876235921,0.004144828414794466,-0.0003632268503558356,0.004863945586930596
2025-02-06,-0.010961859793489626,-0.005158620599321373,0.048701037466494235,0.011911765542753416,0.008357479340799667,0.0034456948952721334
2025-02-07,-0.0023002411218129293,-0.009174353448830108,-0.01998047635850353,0.009906814707107081,0.006126127365662093,-0.008012367790858566
2025-02-10,0.006078474578636861,-0.020799818615648724,-0.008332856079262374,0.07362951538651852,-0.006805132730708485,0.008077084361440168
2025-02-11,,-0.006578085262569977,0.01198811054864879,-0.006234515884523617,-0.013342912607061552,0.00016360182739427742
2025-02-12,,0.0012415980820863481,0.009798066688969431,0.014061689142875977,-0.005116999923778565,-0.0008992190558612112
2025-02-13,0.010640498031468937,0.01350228996177294,0.004988526054975351,-0.0103467811845529,0.015797165926349166,0.011618380860179078
2025-02-14,-0.0028901273595147714,-0.016449190891678733,0.01009100159246712,0.008407018562970325,0.0036166549843827944,-0.00016177921759952252
2025-02-17,-0.0002070061881481733,,-0.003402121318506035,-0.010795196717819366,0.0068468966169084045,
2025-02-18,-0.006005362591251173,,0.004443236098918835,-0.0007562985114184517,-0.012884803068034523,
2025-02-19,-0.004166629883120776,-0.005832852302699809,0.002319766454740302,0.0019462678436779068,-0.006163888129410489,-0.0012083982805755067
2025-02-20,0.004184063326409415,-0.0076824273928916,-0.009741668306491036,-0.02426009620087488,-0.08828891028785646,-0.0013712583866807293
2025-02-21,-0.00812506489668452,-0.010979821521952982,-0.007609167169739139,-0.009955743244886461,0.0012005194667161767,-0.013569167013762762
2025-02-24,,0.012951873990646678,0.0029026874923032686,-0.0022346120936123093,0.03437240878723746,-0.005322165086757091
2025-02-25,,0.011381308904330867,-0.0024572562725400093,-0.021500567170346208,-0.0030911577637827703,-0.0015640063385128355
2025-02-26,-0.0006251100878980065,-0.02056133427053841,-0.0018066920866145475,-0.013733176863583885,-0.005813982947483809,0.0018962197292409222
2025-02-27,-0.10952263371715909,0.0018439688917488706,0.056433107918629544,,-0.0023391770287395364,-0.015223826546831964
2025-02-28,0.012275697810008923,0.018405858820323306,0.0026994227040026963,,0.0007816079278186727,0.009693376526480835
2025-03-03,0.023787243837332106,-0.01557067765622333,-0.0008282436649581504,-0.0105179559915618,-0.019914099188383272,-0.01059343779031141
2025-03-04,-0.06879273308142886,-0.0024008458843766123,0.0024870474837563883,-0.05719232188848555,0.009561735070494848,-0.0072772810620069794
2025-03-05,-0.022504865786287187,0.009484671476409856,0.0021192322396561547,0.0004902055802458172,0.0047355871059371335,0.015840908777520868
2025-03-06,0.06106104715121785,0.03856404243422462,0.020167121282228972,0.00220469467638007,0.02592305010888274,-0.015427975162695673
2025-03-07,-0.013207580116382123,-0.01768847870350365,0.001567259209203531,0.010633192225210086,-0.0022971654760719495,0.00673963324090332
2025-03-10,0.013384355058118302,-0.017869390958326403,-0.007269016492727931,0.01209337363300822,0.022256397540810324,-0.025857674048327395
2025-03-11,0.01108486483890836,-0.026032211785723902,-0.006101924331568198,-0.01613094364174128,-0.02364864338567363,-0.0052400907651678486
2025-03-12,0.016328549125617986,0.0004313352616687194,0.013046090449828407,0.012751916981744493,-0.0007689867691833552,0.005958488562306075
2025-03-13,0.013082371452226793,-0.021114647597126113,-0.01171656305250568,0.0021585741678393777,-0.009619053420760304,-0.011417217879895025
2025-03-14,-0.017671055502194388,-0.005576109852576616,0.008431756023451698,0.026684186472665683,0.004273509785677199,0.019885286441092775
2025-03-17,-0.004612578055019578,0.003246208048408805,,0.006643450144087293,0.004642157711508554,0.009961717247537916
2025-03-18,0.005097231868240959,-0.021326610308193494,,0.013777809706045696,0.00808627835197262,-0.007165775687780762
2025-03-19,-0.007837653046997906,0.0631201332391591,0.004593591422894061,0.010392901329651094,0.006493507522865594,0.00815153110065503
2025-03-20,,-0.0012723130506904212,-5.014238278266969e-05,0.013902977500505509,0.00986720665576346,-0.004211214619937675
2025-03-21,,-0.00396327688998066,-0.011457278789190006,0.003344546727624076,-0.0045096522278411655,-0.0021145447736192757
2025-03-24,0.0178935551022239,-0.004120975164432217,-0.014284262569611905,-0.020444501925533598,-0.02831255782940867,0.014663506907737878
2025-03-25,-0.014018677024090098,0.002425633893213597,0.007683816469038263,0.002495511369937642,0.00660450779463484,0.0005011413843267754
2025-03-26,0.0020310453007776896,-0.011957202116679944,-0.0021492846441728553,0.011541089434840224,-0.00038593730629055134,-0.011021077479612895
2025-03-27,0.010360320063167228,0.016976151622754898,0.0355421232965798,-0.0022371798663921583,0.011969076241030274,-0.0014352120190347373
2025-03-28,-0.005795738387642135,-0.008666244062054518,0.011787355954567813,-0.02354257940591864,0.011446071148903725,-0.017247232185356065
2025-03-31,-0.03004493982263201,0.017053729817958274,-0.025062418688704957,0.001377683394066631,-0.0026404949734396554,0.0012904872785484134
2025-04-01,0.0036985928949411218,0.006622606540537257,0.02008331050120926,-0.00710838967407712,0.0056731723154967995,0.003522625855925776
2025-04-02,-0.012436522110415904,0.021276554388408808,0.006841637260271316,0.00023088084143862986,0.0011282806214487628,0.005137000628039345
2025-04-03,-0.03661388299316359,0.0008223098140249796,-0.011243753851471916,-0.07538669783285079,0.014650571853023209,-0.03824534530687773
2025-04-04,-0.017187120340540596,-0.03916723884536788,-0.019578654994023226,-0.07429137694562571,-0.019252119198933215,-0.061199229839792646
2025-04-07,-0.08866995195285887,-0.020381868093806488,-0.035552179655218286,-0.05867280495610039,-0.020385013437259403,-0.009716932033205894
2025-04-08,0.04648647216220492,0.003928303246423015,0.018039131129998998,0.015188366777387108,0.0023121343835053043,-0.013146628015151762
2025-04-09,-0.045196273317283486,0.00507234418596747,0.020082271925702333,-0.06012699089132045,-0.014994244765480946,0.08794288614567214
2025-04-10,0.09818772744066973,-0.008219204596979002,-0.005437845963827459,0.025979876376353683,0.015222494575080958,-0.03061227860507798
2025-04-11,-0.028078828386336463,0.03096851172918158,0.01290945881509864,-0.028981201076267338,0.006920402250524926,0.016933632985517866
2025-04-14,-0.004561549766930795,-0.007615396113960116,0.003648497695876829,0.028640246930741187,0.02214584237385009,0.013951417131797594
2025-04-15,-0.002036674014035289,-0.010800090991062605,0.02176187893208592,0.01626603274738514,-0.010085937195395078,0.0006214333077649847
2025-04-16,-0.012755063137556144,0.011061635269474124,0.01008876850497975,0.021629485654122815,0.0,-0.015880124784695915
2025-04-17,0.016537388170864142,0.013071914051748568,,0.014537650513357647,-0.0033961810581392138,0.004236956623422383
2025-04-18,0.03863759854862869,,,,,
2025-04-21,-0.01346062905725276,,,,,
2025-04-22,0.019598126710973496,0.01862418422695633,0.008897077749492777,,,0.022536455938004574
2025-04-23,0.024574136304863936,-0.0019102588838669776,-0.003306942092089815,-0.0033431489775238576,0.004758397167003325,0.012224540224177627
2025-04-24,-0.0026122244358040003,-0.012576808914869897,0.01602027292950914,0.012438968515418702,0.0032787202491080247,0.01824748300088075
2025-04-25,-0.0014285814676751052,0.0026302804265354585,-0.0018790249181332985,0.006211947239125104,-0.0014524552045998007,0.005800349688852124
2025-04-28,0.010491251704041193,0.00662817082320144,0.00014492697991208559,-0.006722379991462413,-0.0025454372317015306,0.0018936387330363846
2025-04-29,,-0.006035622820506292,-0.009556040194255488,-0.024309442129955672,-0.0018229065604740136,0.005068766028126781
2025-04-30,,-0.0069006825943653816,0.004726570352722392,-0.008210718785864213,-0.006939270939640196,0.0
2025-05-01,0.0196264079022328,-0.03168416224997794,,-0.000856338346393537,,0.0036754683618420714
2025-05-02,0.032003701319824884,0.02511488727385136,,0.0008570722902614403,,0.016947779996770107
2025-05-05,,-0.004899787000530731,-0.0010589951985124912,,-0.007683811629765724,-0.00200992641896125
2025-05-06,,-0.004220621002603675,0.0211004416611571,,0.005530924614783661,-0.0057899891709422
2025-05-07,,-0.003108364299990729,0.008453718488807382,-0.012107536993795076,0.007700717674441471,0.0008439938866904306
2025-05-08,0.004102011149453411,-0.013321849037266298,-0.025834683137096914,0.013253392154908727,0.00036396328531695943,0.0032888854586969885
2025-05-09,0.018611116031142405,0.005457997047167762,0.0006542587006361789,0.04725744644702923,0.004001460154406278,0.001344906702068327
2025-05-12,0.024286932435670927,-0.006999924618231068,-0.011717374950856563,0.022293872309964158,0.002173908957459725,0.024343124315754583
2025-05-13,-0.018925300285472124,-0.007193215406019915,0.005495655776025288,0.005648964635945886,-0.0028923077846395584,0.0053265898448280335
2025-05-14,-0.010421357699268441,-0.009563821204511824,0.008299451442307815,-0.004572064423108091,0.02139236188281557,0.0008966536352752463
2025-05-15,0.002240660877265155,0.018288180606393034,0.0028609289734997656,-0.03331498298258084,0.00958468336395435,0.005374975879372634
2025-05-16,0.0015648442397302453,-0.008045921718579652,0.008558139776668305,0.012355679959104027,-0.003516192052728906,0.0047792982852714605
2025-05-19,0.00647325982359126,,0.023372385965664044,-0.019581433008815985,0.012702869564249708,0.0031441151354902885
2025-05-20,-0.011532460235994524,,0.006061242305599901,0.00054720501527461,0.02264812594633203,-0.0011251399880212176
2025-05-21,-0.012340112740573783,-0.017073189088654406,0.0032774172272045377,-0.009433978015908395,0.006473570484070601,-0.012390356090992705
2025-05-22,-0.004997762950482487,-0.008757896785051456,-0.017918999386483003,-0.015044885103994488,0.0030466754871241175,-0.0005702379272732871
2025-05-23,-0.007990809039148727,0.013105688526331427,0.0033263150908513506,-0.0016816432717198238,-0.014512280330217009,-0.0030974790143346587
2025-05-26,-0.0043729876882355745,0.008430004811475156,-0.012286083689662664,,-0.005479465488648305,
2025-05-27,-0.0004622084730202536,0.048573160626785405,0.01826346185289296,,0.0020661118640050713,
2025-05-28,0.008556835472561586,0.002886657496211198,0.002811618787668113,-0.004999307229891281,-0.009621999057174313,-0.0071572279288815155
2025-05-29,0.005044749814684835,-0.01864043226618095,0.0017402335452727513,-0.0006978700688479167,-0.012491374384542953,0.0036449310355377573
2025-05-30,-0.0070727163074686406,-0.006284845926405769,-0.0056942157284500805,0.004888416741236856,0.006498547287047796,-0.0020982966510627588
2025-06-02,0.00827200092694036,0.02853120873375503,-0.007425308003543463,0.00931190625734879,0.001139410813993047,0.007440300991628179
2025-06-03,0.014585219877305544,-0.00696909547868485,-0.007383170947375839,0.006334326483303121,0.006828539491956498,0.002247750941574811
2025-06-04,0.0029200562819020615,0.0042658563549518025,-0.009851762681507337,-0.018746589998554497,-0.025244915342182983,0.0025630703917194353
2025-06-05,-0.009182482541821635,-0.008084377138587784,0.0057211287431191415,-0.001812739705428279,-0.005798280673088296,-0.0029559911985742593
2025-06-06,0.012658089006464035,-0.003453465022396962,0.009794280058880833,0.009918865036915525,0.006220834046796853,0.007692291916689298
2025-06-09,-0.01517856654328198,-0.005128960274993211,-0.023121389580972984,0.0020750750268812013,0.0027048533401412556,0.0012722312057735774
2025-06-10,0.006119716637832839,0.035530267860127696,0.007220901460701201,0.032026381072885135,-0.0026975568445001263,0.004765005267177935
2025-06-11,-0.008785823946111937,-0.02220142045743534,0.0021905664324357588,-0.0005349730679855558,-0.021638310823105744,-0.0013436678693818926
2025-06-12,-0.0068181161857295836,0.01403611540402605,-0.006855399366720083,0.019004324324059185,0.00750397062984387,0.003957241874785078
2025-06-13,-0.008466763870790817,-0.007735026302502224,0.0030012180220504447,0.01484103677948645,0.004703995719643528,-0.011509683156450401
2025-06-16,0.025155840019063458,-0.006017568438551946,-0.013465069490005144,-0.00944741690739459,0.005462399593495926,0.008768046047055833
2025-06-17,0.0,-0.009218453975821106,-0.013497075257670077,0.01659265861153969,-0.005044666891966254,-0.01011786961547545
2025-06-18,0.005628021497163571,-0.008887699020029394,-0.00871127111140979,-0.0065543639140608345,-0.0011699992203972887,0.00032191811411608207
2025-06-19,0.010521563931390698,-0.00700574972374457,-0.00914974688066128,0.016688297172341215,-0.013666551078810096,
2025-06-20,-0.006202967543469939,-0.01185282283259026,0.0005218188524016565,-0.02099510545412786,0.009105286625189724,
2025-06-23,0.00958544406877726,0.003712834339884008,0.004484303035303672,0.004418905337446599,0.0,0.008970435373655494
2025-06-24,0.005078419088148989,0.007540220196555758,-0.0012978352983399333,-0.04774834503539849,0.012553930862988949,0.013215845452558828
2025-06-25,-0.0024165369417823435,-0.028381913195565156,-0.01195475757442832,-0.009648112200511205,-0.012398283667013454,-0.0007114174809262908
2025-06-26,0.008147931411166764,0.0013080244559202647,0.010153130241130848,0.01303516269991678,-0.07806982302812582,0.008385396286171742
2025-06-27,0.003276562888262058,-0.018287412980862117,0.0013539207496151562,0.003386153680745574,0.007234045799742406,0.004471558877356729
2025-06-30,0.011539270453135186,0.0007391739135591546,0.003952536141759833,-0.012688914984640531,0.011406863409100021,0.004373751073857068
2025-07-01,-0.016358164368525663,,0.0037297349149949532,0.006972860418066107,0.022138628549439154,-0.0005443754898167841
2025-07-02,0.0059081376706746624,,0.025650456236126162,0.03027826395367672,0.006538612664561461,0.004045758435694324
2025-07-03,-0.010876625620188762,0.007009522934045664,0.0033210265504908243,-0.001713200706331186,0.0016240729553520517,0.005734120656939012
2025-07-04,-0.010776410738234321,0.002465040005020791,-0.010782883317359437,0.0013201145082655241,-0.004458881638077727,
2025-07-07,-0.0017785807143884114,0.0023935843146742908,-0.0005070269558634655,-0.019775853056954285,0.004886027762329714,
2025-07-08,-0.020044572710417707,0.0,-0.012935005225142127,0.032145300674802035,-0.0028362922997832163,0.0017098914143578448
2025-07-09,0.0,0.004486396696148809,-0.019168441213432974,0.0020849981265729234,0.013409179826157747,0.005431390704391914
2025-07-10,-0.01613624999403107,0.003601770007622962,-0.010531213712006271,0.011053287651556332,-0.0048115812615772136,0.0020837013359042977
2025-07-11,0.03280202911824892,-0.01478628389788772,-0.006830900703319931,0.0342121401960076,-0.010072522283396057,-0.005005847742472702
2025-07-14,-0.015880226466850167,0.003934252397888693,-0.014608600304203079,-0.012063100087174927,-0.002034971008610942,0.0013932199488508878
2025-07-15,-0.0006817092939624958,-0.011611023024758915,-0.00027054970325590677,0.0015105231627643434,-0.005301837915507535,-0.004173785275781605
2025-07-16,0.005230875510919608,0.003230614645927554,0.007631021766216328,-0.004524888266925875,-0.011890078533654758,0.003880769429966957
2025-07-17,-0.09162896939047949,0.08313806835058823,0.03201393548292608,0.0031566394433755196,0.0029045516064820642,0.004020421771782301
2025-07-18,-0.03711090410151252,0.019324283683133325,-0.011415005585786231,0.006670765541781698,0.006206024743764749,-0.0007701167668655584
2025-07-21,,0.0164391035904925,0.0015574380912377617,0.0026257972478982428,-0.0028782769614555948,0.0028515213610242895
2025-07-22,,0.001826011477815026,-0.01667641466554015,0.004364537529129242,0.0024742047811292522,0.0016906941675842724
2025-07-23,0.014675629844274729,-0.007030335322036785,-0.014559910301249701,0.004593937125039194,0.011517922369261191,0.011890932884691008
2025-07-24,0.02613548900613094,-0.01822475973152138,0.004703596062808346,-0.016808713371850748,-0.0008133573663913207,-0.0020469343132476503
2025-07-25,-0.011869456574178261,-0.007345094086159576,0.005838234455230795,0.00012565169825129452,0.05535208088089849,0.0018992273988314157
2025-07-28,0.0025024572955121283,-0.011300876350137656,-0.05388232752349764,0.022121667444120474,-0.021210996449521735,-0.004473824856468189
2025-07-29,-0.009985029854127192,-0.011021908468982211,0.00017356786941058466,-0.002336470176760641,-0.002758065293100076,-0.0018279379403872698
2025-07-30,0.002269367910117337,0.006191560184892753,-0.020658357108465197,-0.0008627336109213735,-0.005926496313526819,-0.0033575327836619095
2025-07-31,0.004779844373940412,-0.015451869159566645,0.007740419889648242,-0.0013570993447792334,-0.0007949307585440879,-0.004976601945031467
2025-08-01,0.01001496690141046,-0.02527793516447041,-0.014541140149714527,-0.014947323210802832,-0.017501934661548035,-0.012619212875227381
2025-08-04,-0.013386186935753663,,-0.007199562524676351,0.018434750380861953,-0.004048598315015806,0.014416942692159429
2025-08-05,0.00025132088007673303,,0.0020976917381876348,0.028075469223991956,0.004471491922650062,-0.002765557755304182
2025-08-06,0.015322700630462815,-0.003378938186626046,-0.018599367699707936,0.030901813309696102,0.006070478811679214,0.007472428699410116
2025-08-07,0.01459677447800578,-0.00748692564529585,0.004631345535256237,-0.01068901666310651,0.004826988291979362,0.0023703674758135396
2025-08-08,-0.0026822912664088427,-0.0038429790658973673,-0.01983510903370278,-0.005989372687376315,0.012810236216504345,0.00587391927705605
2025-08-11,,-0.0007143186879133845,-0.002475252642453518,0.0007088608398535534,0.004347850342636628,-0.0026543505176205295
2025-08-12,,-0.0040033300772431835,-0.006576224051753066,0.0012987056990148016,0.004329028375132715,0.010949747506196372
2025-08-13,0.0012381833980723567,0.006172749523924326,-0.002060769347928759,-0.01344179114062849,-0.0027429347009640948,0.004588100254644845
2025-08-14,-0.0059361656333185575,-0.011413889309617398,-0.003879861387867556,-0.010131930526990907,0.0031434153755527383,-0.0015722469485708324
2025-08-15,-0.0019905587866453356,0.010535476895891849,0.0032038506975191616,0.017751498048286907,0.0031335652782766843,0.00022497689052158876
2025-08-18,-0.002243782780424808,0.009711405556597441,0.0035068437250809215,-0.004627388387616671,-0.0015619255983607694,0.00022492628730486075
2025-08-19,0.007496241379234991,-0.005233244201197418,-0.006489808707006106,0.002503259797787427,0.0168165940675713,-0.005322019935364075
2025-08-20,-0.0027281935584407835,-0.001421839982787887,0.016895788353875174,-0.0038050043265908107,0.010384632990910525,-0.001130278519001049
2025-08-21,-0.011439895604872019,0.001138960148443724,0.010809195525188109,0.0014322810870761593,0.0019032826870686304,-0.0038476903174260446
2025-08-22,0.014088021978436949,-0.00867581247597038,0.011549102521215548,0.009416031411997317,-0.007218865359446824,0.016510245328547724
2025-08-25,-0.009675023793381698,-0.0014348020960913699,-0.004228644336989884,,-0.010715606134319544,-0.006481924925272109
2025-08-26,-0.014779536594985987,-0.010919501036918189,-0.014377545668823322,,-0.02011607157021278,0.0020997073568944646
2025-08-27,-0.0058479937547797345,0.013945394682953083,-0.0006770295733842246,0.011075716602130026,-0.0240821402364344,0.0003741374277730358
2025-08-28,-0.006735767768710876,-0.014040144676542021,0.007945249855884295,0.00011653907961584054,0.004045322987355604,0.0040395875433960615
2025-08-29,-0.0018257491557971406,0.011479317945529033,-0.010693606244422837,0.006991387712706132,-0.003626114169802297,-0.00581136910365021
2025-09-01,0.008361621684365605,,0.012353352276456953,-0.002429975457226674,-0.01051355574988111,
2025-09-02,0.00285045688126484,,-0.010738253339766968,0.0073077546811850524,-0.004495247490378884,
2025-09-03,-0.002325528273349975,0.06268066678473172,-0.034908159867120814,-0.015776132336694948,0.003284069035370152,0.00422647080452121
2025-09-04,0.0049209775237732956,0.00720303653322496,0.02255883564308836,-0.0010530239939038344,0.01186575293951364,0.006688706695022972
2025-09-05,-0.00025774727860239377,0.02874083002560468,-0.0018747955532267824,-0.026352778514085795,-0.005256739311481851,0.0008958766347075819
2025-09-08,0.012632108847556056,-0.025052385654881992,0.01615416384510704,0.0045711064388032074,-0.006910572099909418,0.004848168523885477
2025-09-09,-0.010437873967763744,-0.004843129226974607,-0.0002463497978911766,0.01281289754046444,0.0049119496678573515,0.0014845556170772767
2025-09-10,0.011062538600407734,0.0004054889412485885,-0.003698118602384781,0.002009975240188755,-0.011812587258289153,0.0022235895123698945
2025-09-11,0.0045801735836528135,0.0014226383605466797,0.03495207128160471,0.0028318479776465733,0.010717239341667462,0.009835852458570438
2025-09-12,0.0005065531680681357,-0.003653016006417875,0.018529549483960128,-0.010354241009969178,-0.00815663781425946,-0.0014646599634020596
2025-09-15,,-0.0058392701938518865,0.016079985763777005,-0.0035667631589854087,-0.002055889707563874,0.006527314041712362
2025-09-16,,-0.005327135546679851,,0.006562460436059014,-0.007828616830406254,-0.0010200960606346898
2025-09-17,0.0,-0.008514108525171538,,-0.006519675324684671,0.007890387651976916,-0.0009482714872300901
2025-09-18,0.009610530309975607,-0.005540122049736751,0.00205791132150579,0.015630643211159256,-0.00041204073725664703,0.004161475592040942
2025-09-19,-0.005010008573829161,0.025348125180591596,0.03872791208036164,-0.011865645050419094,0.0032976060573493005,0.0015994957537035503
2025-09-22,0.004028188116061759,-0.014398240645796867,0.00604449646691374,0.009392522289275673,-0.018077260940807194,0.004718418951980885
2025-09-23,,0.014470799602799289,0.013139365192576857,0.017196717146603202,0.02343094037157223,-0.0037569635389257394
2025-09-24,,0.009373740102705419,-0.00038796753946135354,0.01516903656720947,0.022076898435786863,-0.004278719462954772
2025-09-25,0.0009945277948386622,-0.012247768683250504,-0.006209713449748189,0.004106257973083949,0.004800033569335893,-0.004952731166039337
2025-09-26,0.00422255902434765,-0.010219373842764501,0.010544491000950895,0.012155004657396828,0.014331158080244544,0.005270097125270379
2025-09-29,-0.01360377402626256,0.015280943689161663,0.008115743703094092,-0.024466944611519215,0.004709609159705197,0.002475588476229751
2025-09-30,-0.0015045410527515513,0.0067796589010122865,-0.011774459958977301,-0.02036350584753943,0.007421895751030805,0.004067456202538011
2025-10-01,-0.012305361834551776,0.005387162383978961,-0.028040949314837138,0.004697551477113926,-0.004265242591958707,0.0050636959412933
2025-10-02,-0.012712944233076118,-0.0049565320617477315,0.013170651176122705,-0.012273506820628888,0.01635514296350271,0.00230305592521729
2025-10-03,0.019314966440840298,0.006865977507292342,-0.00996064481692116,0.002958644436541924,0.00459766015827201,0.001723433567781596
2025-10-06,-0.0022738861136667454,-0.020323596057051474,-0.0063092869049877764,0.02135682048110943,-0.017162428198906343,0.0039426666466577664
2025-10-07,-0.0035451620162677555,-0.0023201724950917546,-0.007493448624438681,-0.0027725628143113745,-0.0065968208488226265,-0.005997771690979259
2025-10-08,0.007369757269213295,-0.005198285731798813,0.014004982491594209,0.0015060569034044402,0.000781267869751634,0.005890327847481114
2025-10-09,-0.0010090794098589484,-0.0006875896348579325,-0.004717454155379053,0.0008096635909573546,0.006635443822219367,-0.004856063703957747
2025-10-10,-0.03484849798095624,0.006329923813706673,-0.0066816205057963485,-0.027970386264368208,0.002326462342475466,-0.026121341836829348
2025-10-13,,,-0.014832686954563634,0.003567114425260254,0.002707918521904551,0.015547903176228894
2025-10-14,,,-0.00548553813096575,-0.013388556393477136,0.0030864168005624304,-0.0010159147694863702
2025-10-15,0.008157003818040742,0.004241538652104859,0.006630716832132677,-0.0010808449594551517,0.012692304757925266,0.00639170091803698
2025-10-16,0.003286986574969619,-0.0006813240892908912,0.04969548340571883,-0.006852611385578133,0.011773621984072946,-0.0034641692387148426
2025-10-17,0.003528186567737679,0.021813260631529996,0.003177882433015755,-0.004842060470069853,0.002627616232281804,0.003983212339073505
2025-10-20,0.012305423845667685,-0.006537726773078845,-0.0015839077439130378,-0.0014596340451268341,0.0033695303509093666,0.010026616318731474
2025-10-21,0.0004961230242983561,-0.008729578835096508,-0.02821526239712413,0.008161728400662538,0.0,-0.002928181715244338
2025-10-22,0.012645690275306265,0.0012194257399764652,0.03375691921127877,0.018366392756690386,0.00559707202049009,-0.003939560259031194
2025-10-23,-0.000734557143787451,-0.014884913390836418,0.0037786891939235456,0.03690081459565797,-0.03933214631847748,0.006400110337950959
2025-10-24,-0.012987058563563747,0.022939434665083747,-0.011405710596790297,-0.00457714278927801,0.001931291834219584,0.00650239411378184
2025-10-27,0.0014896002618862703,-0.00537124809038092,0.001989202156595704,0.002413982740262055,-0.0030840370878566503,0.010506828706498883
2025-10-28,-0.018096217425165095,-0.007560397307227351,-0.008735166567069963,-0.005275204564179847,0.008507320501238924,0.0014753736530037642
2025-10-29,-0.022721514789263764,-0.04856485783011,-0.0003433383102837695,0.018100041794232524,-0.0007668887201756069,7.008039917111297e-05
2025-10-30,0.0165332216425762,0.010866524596789162,0.012822039231720206,0.01426802412632755,0.004988529193376667,-0.009750210577382123
2025-10-31,-0.0007624341239660382,0.00820357951885442,-0.010794620903194496,-0.012392607117854393,-0.0034364318729529497,0.0017001157980360837
2025-11-03,,-0.02342871400351676,-0.00519914612712935,0.011530679739550909,-0.013793126631796992,0.0021921832486242465
2025-11-04,,-0.01163612868552455,-0.01378356455112728,0.012851972554166258,-0.013209019254514232,-0.012771657167782613
2025-11-05,-0.01052630778153052,0.020930131413430475,0.017936199666775954,0.01798520296910655,0.012598413371265105,0.004645800483294327
2025-11-06,0.011935656158995611,-0.006976119529824909,-0.008524045548267023,-0.005636169953423309,0.012052930854086652,-0.008679615016616626
2025-11-07,0.019999986070713627,-0.017777703466902994,0.020137361440431212,0.0,0.0015366502928766401,0.0014353332811178898
2025-11-10,0.009301150804888136,0.01839142994283338,-0.016176485739442747,0.011881329780986327,0.00958956666384747,0.014619570169414065
2025-11-11,0.006724812994121754,0.009029701837952153,0.02742326611507573,0.025853749455285735,0.006079021628696113,0.0033197155486281993
2025-11-12,-0.002968820511930814,0.011647776284575695,-0.01712279032773034,-0.017431476976964344,0.0007553043092682898,0.001971108469481342
2025-11-13,0.0019851071013012866,-0.014321952854894238,-0.020324410582786445,-0.016540901365692973,0.020754688190963932,-0.015316606283458656
2025-11-14,0.009905871291061796,0.0014246541565965387,-0.000639286864916766,0.0016302747994598743,-0.01885391260323832,-0.0004994027924600797
2025-11-17,-0.001471275848902165,-0.003556186524733551,,0.006076373479780628,-0.0018839918117684595,-0.010708185463205289
2025-11-18,-0.0031925421845873103,-0.007708838077379765,,-0.01089304724465956,-0.020762523284738044,-0.008587141003767673
2025-11-19,0.02241937007683359,-0.004603705791101587,-0.00017345571307492147,-0.006433270790233592,-0.004626092396406989,0.0013829927519481977
2025-11-20,0.023373453916823328,0.011851474004624052,0.00040477020243101514,0.005816526843990921,-0.005034824256510806,-0.015118514776656489
2025-11-21,0.009653865546374929,0.028710136500137207,0.012427698873824333,-0.010692859205225558,0.010899134818065814,0.009889254391819424
2025-11-24,,-0.015134655565831268,-0.010162638120626122,0.0011029122417267612,-0.003850538188873598,0.011107961448125092
2025-11-25,,0.04906252045082948,-0.00426830620775398,-0.009584671197330641,0.007730918017115451,0.009106658353903896
2025-11-26,0.015507511817280495,0.017739491591571843,0.004286602740842804,0.007119041739120258,0.012274633623710729,0.008236641999002536
2025-11-27,-0.00948634124547365,0.008847205792541502,-0.0017881069872041078,-0.012591198270077153,0.002273640571380575,
2025-11-28,0.00350383168502999,-0.0009162783312928191,0.022708939016742535,0.016107430117935806,0.0030245716974854897,
2025-12-01,-0.0018621931114604084,-0.012445935583168977,-0.007175556417014062,0.007375589096938917,0.015454196637789464,-0.004453339977781745
2025-12-02,0.0018656673443373517,-0.012470062790529646,0.05787612954419186,0.0008742573048781122,0.00334076283607021,0.0022010555317599767
2025-12-03,-0.01652706445183827,-0.013674712423915603,0.004465000599666258,0.013211041556863368,0.0007398649614138719,0.003754918297374843
2025-12-04,0.016568097966175976,0.017483912497361365,-0.008568959571386925,0.002155129316968152,-0.007023979004356917,0.002046875624709843
2025-12-05,-0.02398141949655841,-0.0042958438419477,-0.00912929108723437,-0.0261290064475459,0.005212188624987624,0.0009157429726538435
2025-12-08,-0.013358748723978131,-0.017122802674567672,0.006705672041491306,-0.005410183081900333,-0.0029629601372612724,-0.0023927705377575492
2025-12-09,0.0014507035425608272,-0.010836792328780098,0.018791292990152808,-0.009325020753214619,0.0,-0.0007759405021071641
2025-12-10,0.01013997589021609,-0.005547141846992676,-0.0019668392247341737,-0.006611399861127243,0.010029734658189682,0.00811860222685068
2025-12-11,0.013623429196269798,0.008924870824237985,-0.012888711923163432,-0.00270731809765401,0.03824931915231233,0.002661087871520973
2025-12-12,0.023343540011283803,-0.0015204407766165051,,-0.006334109245260011,0.0038965856229287166,-0.00984774858843307
2025-12-15,0.019585165097136148,0.011627972241552209,,-0.004097854036098525,0.00882145372808596,0.00021161507250888612
2025-12-16,-0.0054237166314810015,-0.004241905326401452,-0.009628916326660852,-0.03417535899801161,0.003847520453462039,-0.004090612444458741
2025-12-17,-0.004771589952078714,-0.0038477607189046914,-0.016004015821780015,0.007218924361559909,0.0,-0.010215071636954454
2025-12-18,0.02442920956011485,0.024279225018484674,0.020427546218497517,-0.011984445051856696,-0.0017422001073166271,0.008299719800349381
2025-12-19,-0.009806139031559136,-0.0013467646429100588,-0.01207639786375958,0.010464971853247462,0.002792318491142698,0.008589198271959475
2025-12-22,-0.0020256676455615574,0.003776047053720699,-0.0030835659223874545,0.006590544481792859,-0.005569086319576533,0.005890297420224178
2025-12-23,0.007216943578283397,-0.0005373619720814293,0.012538033910804325,-0.0003507863645378917,-0.011550574981834427,0.005079731852683178
2025-12-24,0.0017914187063037268,-0.00470495944890581,0.007091354136110839,-0.0038596470686173,0.0003541157564761477,0.001754878479699462
2025-12-25,0.01274026107059778,,,,,
2025-12-26,-0.0013242896521205028,,,,,
2025-12-29,0.004419934123358171,,-0.0025440519260313543,,,-0.0034289031161887085
2025-12-30,-0.009681000204496804,0.00403225101590321,-0.020947586508258453,0.009132473939226005,0.001408979090782525,0.0
2025-12-31,,0.003480637583655577,0.008979557106893798,0.004292787483860083,0.0010551804071354809,-0.006460207466381096
2026-01-02,,0.007870863984518195,-0.004889308053348751,0.011783759913269964,0.012649354249205658,0.007067637014462669
2026-01-05,,-0.011250874647229847,0.015678463983761937,-0.006051562381074405,-0.012838269805783953,0.008351372985765604
2026-01-06,-0.005280515931735064,-0.011914316874435338,-0.012555750918949782,-0.007811642620207726,-0.007029903605485499,0.004663234005351624
2026-01-07,-0.008184079468841587,0.005419275851661132,-0.004843893423204015,-0.03160813525550665,0.01451326893494187,-0.003740966554131142
2026-01-08,-0.0006689751485754458,0.017248416098013086,0.01747882176942639,-0.006097610372856499,0.0027913441776685755,-0.0002780980933994037
2026-01-09,0.013166714535075119,-0.009140247033539217,-0.004457669406290998,0.023938383105037264,-0.008698677870249472,0.006816413009780975
2026-01-12,,0.005481225789130573,-0.00032764591932910037,0.0023496488973093754,-0.0003510083875807313,0.004352365338946562
2026-01-13,,-0.017152025838353402,0.002239505856187929,0.024144351692694688,-0.023174152318131802,-0.0033705150413156915
2026-01-14,0.023430323261439234,-0.0002705347127912594,0.00555918629315566,0.015106493862141912,-0.007907955275622158,-0.001242271216367441
2026-01-15,0.0008891393603005504,-0.007713050424173251,-0.012538168650713666,-0.012626868623707321,0.01195651880960158,0.0020039615277347433
2026-01-16,-0.022873683392021116,0.006409342878300528,0.0052643506622909175,0.005366550862453856,-0.012531341841942822,0.0
2026-01-19,0.05000005612006109,0.00027097458903146965,0.009415055383878768,-0.005792141386845806,0.009064539546467243,
2026-01-20,0.015151560501057038,-0.005689442989240123,0.0020420283249742432,-0.00011429047995870079,-0.015450963217915836,
2026-01-21,-0.035607684617560253,0.031198902356964098,-0.001597231163429691,0.017251257112327112,0.0014598874483302549,0.011590291440082945
2026-01-22,-0.013707766016187506,0.024706000074794954,0.02388702890162908,-0.018867945224788185,0.007653027710841753,0.005555191183066466
2026-01-23,-0.0049315907427309735,-0.008896302913038112,0.00167024541163463,0.01568223241659439,0.001808359678083793,0.0024170023438747634
2026-01-26,-0.010813332367648587,-0.018212567098250476,0.002904595102446672,0.0027048772341276006,0.0050541294509907075,0.00385779515339002
2026-01-27,-0.009792665729865035,-0.023718105904812714,-0.010619446285583534,0.016185209214299112,-0.007183935411037012,0.009195692606817296
2026-01-28,-0.0022999310440942056,-0.028637287502044195,0.0040657017132161855,0.00884853698075938,0.007235917776986511,-0.001495996357646301
2026-01-29,0.0034577924591367992,-0.0008383599656660579,-0.01409135402845374,0.01447208996146676,-0.0007184072433208399,-0.0009534145542082761
2026-01-30,0.015851171862635516,-0.009369416518754559,-0.0013143064036026386,0.0024856670728741204,-0.0050323289426377205,-0.008179938467657633
2026-02-02,0.008367193365034664,0.04376069413552086,,-0.0042043245948119035,0.027817935306152952,0.005566993529853903
2026-02-03,0.010989000035220187,0.02434401959821675,,0.01006820428427524,0.005975397952023842,-0.00526282745751927
2026-02-04,0.015527997601268329,0.04753104594886293,-0.012568893876946818,0.02411574794829585,0.037386431287500965,-0.0037789461202425434
2026-02-05,0.008955868882713824,-0.016007036670409813,0.01435385779092524,-0.01810572857212589,0.0006735786478715422,-0.012276699854189554
2026-02-06,0.004113475162139224,0.00858203309655603,0.019650732054382836,0.01907910703259663,-0.0003365305231001203,0.021436994075166194
2026-02-09,0.006468263703612864,0.009271028117289859,0.0063367726274181635,-0.0008367669231258423,0.0013467679175491742,0.007724944573710424
2026-02-10,-0.002784872586498399,0.006669165108670105,0.010147777430682403,-0.061341920241969716,0.0006725103536515675,-0.0006784214166689617
2026-02-11,,0.03137499599553806,0.0024213137871582635,0.05442175527763382,0.027553752974383894,0.002715424356139362
2026-02-12,,0.0053326899811370065,-0.0016446054127217113,-0.031200428587532136,0.013734469501039959,-0.013946332162676822
2026-02-13,0.008278465046574146,0.010970432614046954,0.012354623819311294,0.006550220668684936,0.011612922914566504,0.0019911332445916585
2026-02-16,-0.03305262181673074,,0.004271312530502502,0.010303663687442732,-0.010522956546025197,
2026-02-17,0.013281116939375615,,-0.0052151836926424,-0.011379471328086255,-0.007734442984445478,
2026-02-18,-0.006016369210264605,-0.0008379265904876476,-0.013997047808386842,0.019654680407861003,-0.048392388248205354,0.0043151019370719634
2026-02-19,-0.010592293681721765,0.008026828072102976,-0.0006194255442462104,0.02036959315421072,0.03515360796810851,-0.0019778253786028044
2026-02-20,-0.0426042693286508,-0.004040828718124834,0.004080543704685802,-0.023799569721261737,0.009561520483245323,0.008815146762360948
2026-02-23,,0.017422451776311076,-0.009516981888596843,0.013900769707348992,0.03625077310842806,-0.009280026625102855
2026-02-24,,-0.010556017112801963,-0.004674321844121532,-0.006116840031955562,0.01670339700419432,0.007315789446229903
2026-02-25,-0.007395783492508579,-0.007823617601747546,0.009497011740843497,-0.0020161548862902556,0.000930024660730222,0.008959424754120038
2026-02-26,-0.009819593514501013,-0.010752669498593548,0.005117286260819975,0.008612414232788357,-0.008671495387276185,-0.004709027763093232
2026-02-27,0.012684501845018348,-0.00024152083098682997,-0.0042169816317763065,0.007063053320123469,0.0024992763276987517,-0.0038525993726724606
2026-03-02,-0.02231837850148033,-0.006281705534205595,0.005835818806632309,0.0213545741387402,-0.009348682942787456,-0.005631712603854644
2026-03-03,-0.03424178895877006,-0.0074154861502880864,-0.0051345246878454764,0.010556510878451553,-0.03869145687832254,-0.01958383020273935
2026-03-04,-0.02315484804630974,0.013716972821377071,0.014244476898597425,-0.02383367139959436,-0.003926666687887215,0.0091871338495777
2026-03-05,-0.009382716049382678,0.009906960438059942,-0.02045595453421367,0.022233791599026054,0.0006569825908071536,-0.011586156384698287
2026-03-06,0.03315054835493525,-0.033855600033167565,0.01329868861607153,0.014127414405934235,-0.0006565512480672941,-0.011443026546373636
2026-03-09,-0.003618817852834688,0.0014858245611109044,-0.01173994317027982,0.022248960191045386,-0.0052562366821607975,0.009669751883116362
2026-03-10,-0.004842615012106588,0.01755694438756006,-0.006951349105049132,-0.020490220013786753,0.003302459440339245,0.0
2026-03-11,-0.0048661800486617945,-0.018226062066828752,0.007679053841854522,0.028926058572980695,-0.0009874516170367276,-0.0007689661517291668
2026-03-12,-0.008068459657701754,0.009901004160711269,-0.006376338861882602,0.02957200818488559,0.016803961201701245,-0.017419934592380892
2026-03-13,0.0061621888094651744,0.012500015235002992,-0.006886795419417724,0.009637141852412379,0.004536597112103635,-0.006479200298200927
2026-03-16,0.0019598236158746563,0.01972886845800592,,0.011229646522703751,0.012580625472530249,0.013902841728164583
2026-03-17,0.0034229828850855792,-0.015311618000370175,,0.02146962221575799,0.011787220338571158,0.0028273195317574107
2026-03-18,0.02777777777777768,-0.051470504833227126,-0.002756369098836031,0.0070664308867294245,-0.011964769060979763,-0.015294601735724833
2026-03-19,-0.02110004741583693,-0.027449551816373763,-0.0018604480648031219,0.049298353752877055,-0.02517523993966264,-0.002362048637865599
2026-03-20,,-0.004704049349083417,-0.030727469964693,-0.035836803800757044,-0.0032690546247436947,-0.02037603312661318
2026-03-23,,0.036628610272012585,0.006208477099701515,-0.04214834202656481,-0.015742851618221754,0.016625196895271088
2026-03-24,0.0073818897637796255,-0.012537952434144128,0.03134217272192763,0.035091023525393394,0.021659433974436038,-0.005547181658409728
2026-03-25,0.016121152906692693,0.008336557350332008,0.025095246250739223,0.014170447379484363,0.005218520815668315,0.009417582693322268
2026-03-26,0.009855769230769251,-0.002614749616632772,-0.009916321750670698,0.0313051828927986,0.009085032103116175,-0.021242941961189143
2026-03-27,0.012378005236848288,-0.007416805937269233,0.016536245276003836,0.0017149717747717563,-0.013826376202618618,-0.013418402738929025
2026-03-30,0.004467434751939781,-0.001932511215809174,0.004926395740349143,0.03064548050375482,0.018910985401475733,-0.0026755897598388367
2026-03-31,-0.005852059925093633,0.017813311367925744,0.014349167810445929,0.007142836865396518,0.017919982910156174,0.03114980698809089
2026-04-01,0.0336708264657406,-0.00266327315835746,0.015656467075652047,-0.04997524064492509,0.0037724250628132783,0.009395122480540863
2026-04-02,-0.006833712984054663,-0.004323452956885188,,0.02638891008165145,0.014406485439278027,-0.0016467081732245425
2026-04-03,0.0,,,,,
2026-04-06,0.006651376146789012,,,,,
2026-04-07,0.016632490316700776,-0.00856855216665764,0.006084645181626769,,,0.00035678240410597084
2026-04-08,-0.014567458538771838,0.024656868758027084,-0.010079668613141357,-0.05824265739408996,0.009663264990641629,0.031526378496121055
2026-04-09,-0.04639526950193318,-0.028528937898793627,-0.007450454409962837,0.03163317470556537,0.008335920433822697,0.003111687333875235
2026-04-10,-0.033150488910088205,-0.006256356814080988,0.009808294235693404,-0.011025020523794171,0.0018371516708923785,-0.00020689347605018504
2026-04-13,-0.013320177602368033,-0.017987941577052524,0.005104386106130621,0.008883533945265532,0.006112375940733328,0.009445742135921309
2026-04-14,-0.015750000000000042,0.012298867429712645,-0.02110252383160649,-0.024343985365894216,0.010024357515487026,0.011611207606861962
