Date,Open,High,Low,Close,Adj Close,Volume
2021-01-04,43.869998931884766,44.4900016784668,43.70000076293945,44.040000915527344,41.96910858154297,8000
2021-01-05,44.0,44.5,43.5,43.79999923706055,41.740394592285156,11400
2021-01-06,43.95000076293945,43.95000076293945,43.04999923706055,43.20000076293945,41.16862106323242,30900
2021-01-07,43.849998474121094,43.849998474121094,42.849998474121094,43.099998474121094,41.07331085205078,41800
2021-01-08,43.5,43.5,42.650001525878906,42.970001220703125,40.94942092895508,15900
2021-01-11,42.61000061035156,42.900001525878906,42.349998474121094,42.470001220703125,40.47294998168945,13700
2021-01-12,42.630001068115234,42.630001068115234,41.349998474121094,41.349998474121094,39.405601501464844,53000
2021-01-13,40.79999923706055,40.79999923706055,37.20000076293945,37.290000915527344,35.53651428222656,484600
2021-01-14,39.45000076293945,39.45000076293945,36.900001525878906,36.97999954223633,35.241092681884766,410400
2021-01-15,37.97999954223633,38.790000915527344,37.349998474121094,38.45000076293945,36.641971588134766,222600
2021-01-18,40.63999938964844,40.810001373291016,38.90999984741211,39.29999923706055,37.452003479003906,134900
2021-01-19,40.0,40.0,38.06999969482422,38.400001525878906,36.59431838989258,125700
2021-01-20,38.7400016784668,38.880001068115234,38.400001525878906,38.650001525878906,36.83255386352539,71700
2021-01-21,38.939998626708984,38.939998626708984,38.25,38.310001373291016,36.5085563659668,51500
2021-01-22,38.52000045776367,38.650001525878906,38.29999923706055,38.630001068115234,36.81351089477539,40500
2021-01-25,39.38999938964844,39.79999923706055,38.63999938964844,39.33000183105469,37.4805908203125,115900
2021-01-26,39.349998474121094,39.95000076293945,39.0,39.619998931884766,37.7569580078125,67300
2021-01-27,39.86000061035156,39.86000061035156,39.150001525878906,39.22999954223633,37.38528823852539,73300
2021-01-28,39.689998626708984,39.689998626708984,39.349998474121094,39.54999923706055,37.690250396728516,46600
2021-01-29,39.599998474121094,39.630001068115234,39.20000076293945,39.52000045776367,37.661659240722656,33000
2021-02-01,39.849998474121094,39.97999954223633,39.41999816894531,39.689998626708984,37.82366180419922,48900
2021-02-02,40.0,40.22999954223633,39.650001525878906,39.90999984741211,38.03331756591797,73300
2021-02-03,40.09000015258789,40.779998779296875,40.04999923706055,40.40999984741211,38.50979995727539,119700
2021-02-04,40.790000915527344,41.369998931884766,40.40999984741211,41.119998931884766,39.18642044067383,90600
2021-02-05,41.34000015258789,41.34000015258789,39.90999984741211,39.959999084472656,38.08096694946289,181300
2021-02-08,40.0,40.349998474121094,39.65999984741211,39.86000061035156,37.98567199707031,83800
2021-02-09,39.75,39.95000076293945,38.90999984741211,39.18000030517578,37.337642669677734,83800
2021-02-10,39.20000076293945,39.630001068115234,39.150001525878906,39.2400016784668,37.39482879638672,49600
2021-02-11,39.279998779296875,39.52000045776367,38.93000030517578,39.36000061035156,37.509185791015625,57600
2021-02-12,39.459999084472656,40.029998779296875,39.15999984741211,39.88999938964844,38.014259338378906,76000
2021-02-16,39.900001525878906,40.0,39.310001373291016,39.5,37.642601013183594,58600
2021-02-17,39.4900016784668,39.599998474121094,39.0,39.0,37.16611099243164,50300
2021-02-18,38.900001525878906,39.54999923706055,38.65999984741211,38.84000015258789,37.013633728027344,47300
2021-02-19,38.84000015258789,38.84000015258789,38.09000015258789,38.29999923706055,36.4990234375,76900
2021-02-22,38.099998474121094,38.2599983215332,37.790000915527344,38.119998931884766,36.327491760253906,25200
2021-02-23,38.18000030517578,38.29999923706055,37.790000915527344,37.900001525878906,36.117835998535156,23300
2021-02-24,38.0,38.75,37.599998474121094,38.09000015258789,36.298892974853516,29600
2021-02-25,38.08000183105469,38.63999938964844,38.04999923706055,38.59000015258789,36.77538299560547,35600
2021-02-26,38.75,38.75,38.349998474121094,38.630001068115234,36.81351089477539,83200
2021-03-01,38.599998474121094,39.029998779296875,38.599998474121094,38.79999923706055,36.97550964355469,26300
2021-03-02,39.09000015258789,39.56999969482422,38.97999954223633,39.54999923706055,37.690250396728516,50800
2021-03-03,39.560001373291016,39.560001373291016,39.06999969482422,39.220001220703125,37.37576675415039,16100
2021-03-04,39.18000030517578,40.0,39.18000030517578,39.88999938964844,38.014259338378906,69200
2021-03-05,39.93000030517578,40.709999084472656,39.91999816894531,40.58000183105469,38.67182159423828,35200
2021-03-08,40.75,41.06999969482422,40.41999816894531,40.84000015258789,38.91958999633789,38000
2021-03-09,41.20000076293945,41.52000045776367,40.779998779296875,40.91999816894531,38.99583053588867,15500
2021-03-10,40.95000076293945,41.36000061035156,40.72999954223633,41.27000045776367,39.329376220703125,19500
2021-03-11,41.2400016784668,41.63999938964844,41.02000045776367,41.099998474121094,39.167362213134766,58100
2021-03-12,41.25,42.25,41.2400016784668,41.68000030517578,39.7200927734375,85400
2021-03-15,42.09000015258789,42.380001068115234,41.349998474121094,41.61000061035156,39.65338134765625,59500
2021-03-16,41.77000045776367,42.099998474121094,41.7599983215332,41.88999938964844,39.92021179199219,21800
2021-03-17,41.90999984741211,41.90999984741211,41.2599983215332,41.560001373291016,39.60573959350586,54600
2021-03-18,40.7599983215332,40.900001525878906,39.77000045776367,40.70000076293945,38.78616714477539,83300
2021-03-19,40.56999969482422,40.79999923706055,39.97999954223633,40.130001068115234,38.24297332763672,23300
2021-03-22,40.130001068115234,40.70000076293945,39.58000183105469,40.529998779296875,38.62416076660156,27000
2021-03-23,40.38999938964844,40.97999954223633,40.380001068115234,40.459999084472656,38.557456970214844,22800
2021-03-24,40.43000030517578,40.439998626708984,39.849998474121094,39.849998474121094,37.97613525390625,13500
2021-03-25,40.0,40.130001068115234,39.650001525878906,40.029998779296875,38.23208999633789,20800
2021-03-26,40.0,40.40999984741211,39.849998474121094,40.189998626708984,38.384918212890625,29000
2021-03-29,39.77000045776367,41.45000076293945,39.77000045776367,41.29999923706055,39.44506072998047,50100
2021-03-30,41.310001373291016,41.310001373291016,40.9900016784668,41.16999816894531,39.320899963378906,19800
2021-03-31,41.099998474121094,41.369998931884766,40.72999954223633,40.72999954223633,38.90066146850586,20600
2021-04-01,40.779998779296875,41.380001068115234,40.189998626708984,41.29999923706055,39.44506072998047,46100
2021-04-05,41.36000061035156,41.380001068115234,41.0099983215332,41.189998626708984,39.34000015258789,12900
2021-04-06,41.0099983215332,41.0099983215332,40.599998474121094,40.7599983215332,38.92931365966797,13300
2021-04-07,40.79999923706055,42.34000015258789,40.79999923706055,42.34000015258789,40.43834686279297,79600
2021-04-08,42.209999084472656,42.209999084472656,41.2400016784668,41.70000076293945,39.82709503173828,31800
2021-04-09,41.7400016784668,41.7400016784668,41.2400016784668,41.54999923706055,39.68383026123047,6600
2021-04-12,41.560001373291016,41.970001220703125,41.47999954223633,41.720001220703125,39.846195220947266,8700
2021-04-13,41.79999923706055,42.02000045776367,41.630001068115234,41.720001220703125,39.846195220947266,14800
2021-04-14,41.79999923706055,41.95000076293945,41.31999969482422,41.77000045776367,39.89395523071289,11800
2021-04-15,41.86000061035156,42.2599983215332,41.86000061035156,41.91999816894531,40.03721618652344,32600
2021-04-16,41.9900016784668,42.08000183105469,41.5099983215332,41.63999938964844,39.7697868347168,19200
2021-04-19,41.65999984741211,42.150001525878906,41.65999984741211,42.119998931884766,40.22822952270508,18500
2021-04-20,42.119998931884766,42.27000045776367,41.849998474121094,42.27000045776367,40.37149429321289,13100
2021-04-21,42.27000045776367,42.650001525878906,42.0,42.33000183105469,40.428810119628906,12600
2021-04-22,42.18000030517578,42.18000030517578,41.72999954223633,41.869998931884766,39.98945617675781,12000
2021-04-23,41.869998931884766,42.08000183105469,41.72999954223633,41.83000183105469,39.95126724243164,7700
2021-04-26,41.83000183105469,41.83000183105469,41.25,41.619998931884766,39.750675201416016,23100
2021-04-27,41.459999084472656,42.099998474121094,41.369998931884766,41.63999938964844,39.7697868347168,25200
2021-04-28,41.88999938964844,42.22999954223633,41.630001068115234,41.70000076293945,39.82709503173828,9000
2021-04-29,41.7599983215332,42.61000061035156,41.7599983215332,41.939998626708984,40.056312561035156,62700
2021-04-30,41.88999938964844,42.15999984741211,41.70000076293945,41.7599983215332,39.88439178466797,15600
2021-05-03,41.779998779296875,42.25,41.7599983215332,41.83000183105469,39.95126724243164,11800
2021-05-04,41.83000183105469,41.83000183105469,41.220001220703125,41.529998779296875,39.664737701416016,11800
2021-05-05,41.04999923706055,42.130001068115234,41.04999923706055,42.130001068115234,40.23778533935547,32400
2021-05-06,42.0,42.11000061035156,41.45000076293945,41.88999938964844,40.00856018066406,12000
2021-05-07,41.7599983215332,42.029998779296875,41.45000076293945,42.0,40.11362838745117,12500
2021-05-10,41.93000030517578,43.0,41.91999816894531,42.70000076293945,40.78219223022461,20300
2021-05-11,42.59000015258789,42.810001373291016,42.0099983215332,42.0099983215332,40.12318420410156,13700
2021-05-12,42.0,42.68000030517578,42.0,42.20000076293945,40.30464172363281,27800
2021-05-13,42.25,42.52000045776367,41.70000076293945,42.459999084472656,40.5529670715332,8100
2021-05-14,42.52000045776367,43.45000076293945,42.52000045776367,43.45000076293945,41.498504638671875,22300
2021-05-17,43.15999984741211,43.84000015258789,43.15999984741211,43.70000076293945,41.737266540527344,30400
2021-05-18,43.59000015258789,44.08000183105469,43.54999923706055,43.900001525878906,41.92829132080078,17300
2021-05-19,43.61000061035156,44.02000045776367,43.34000015258789,44.02000045776367,42.042903900146484,17000
2021-05-20,44.0,44.959999084472656,44.0,44.959999084472656,42.940673828125,44000
2021-05-21,44.4900016784668,44.70000076293945,44.099998474121094,44.099998474121094,42.119300842285156,10700
2021-05-25,44.0099983215332,44.599998474121094,44.0099983215332,44.2599983215332,42.27211380004883,9600
2021-05-26,43.5099983215332,44.68000030517578,43.5099983215332,44.47999954223633,42.48223876953125,21300
2021-05-27,44.540000915527344,44.849998474121094,44.310001373291016,44.79999923706055,42.787864685058594,11700
2021-05-28,44.93000030517578,44.93000030517578,44.349998474121094,44.349998474121094,42.35807418823242,16700
2021-05-31,44.68000030517578,44.68000030517578,43.66999816894531,43.66999816894531,41.70861053466797,9300
2021-06-01,43.66999816894531,44.59000015258789,43.66999816894531,44.2400016784668,42.25301742553711,10400
2021-06-02,44.29999923706055,44.81999969482422,44.279998779296875,44.81999969482422,42.806976318359375,10900
2021-06-03,44.2400016784668,45.0099983215332,44.2400016784668,44.84000015258789,42.82606887817383,13900
2021-06-04,44.90999984741211,45.130001068115234,44.70000076293945,45.029998779296875,43.00752639770508,10100
2021-06-07,45.099998474121094,45.099998474121094,44.72999954223633,45.0,42.97887420654297,12500
2021-06-08,45.13999938964844,45.29999923706055,44.84000015258789,45.2400016784668,43.208106994628906,8900
2021-06-09,45.220001220703125,45.25,44.5,45.02000045776367,42.997982025146484,15900
2021-06-10,45.130001068115234,45.5,44.95000076293945,45.11000061035156,43.08394241333008,10200
2021-06-11,45.25,45.5099983215332,45.25,45.5099983215332,43.465972900390625,1500
2021-06-14,45.470001220703125,45.529998779296875,45.099998474121094,45.529998779296875,43.48507308959961,7100
2021-06-15,45.529998779296875,45.779998779296875,45.349998474121094,45.349998474121094,43.31315994262695,7900
2021-06-16,45.18000030517578,45.18000030517578,44.70000076293945,44.849998474121094,42.83561325073242,55600
2021-06-17,44.84000015258789,45.599998474121094,44.83000183105469,45.380001068115234,43.341827392578125,19600
2021-06-18,45.31999969482422,45.31999969482422,44.7599983215332,44.970001220703125,42.95022201538086,6600
2021-06-21,44.77000045776367,44.849998474121094,43.58000183105469,43.58000183105469,41.62266159057617,22900
2021-06-22,43.970001220703125,45.099998474121094,43.7400016784668,44.29999923706055,42.31032180786133,16200
2021-06-23,44.369998931884766,44.369998931884766,43.27000045776367,43.86000061035156,41.89008331298828,87400
2021-06-24,43.79999923706055,44.060001373291016,43.56999969482422,43.7599983215332,41.79457473754883,4000
2021-06-25,43.7599983215332,44.209999084472656,43.75,44.099998474121094,42.119300842285156,6500
2021-06-28,43.9900016784668,44.400001525878906,43.84000015258789,44.400001525878906,42.40583419799805,8800
2021-06-29,44.400001525878906,45.40999984741211,44.400001525878906,44.61000061035156,42.60639953613281,19200
2021-06-30,45.189998626708984,46.75,45.189998626708984,46.119998931884766,44.04857635498047,31200
2021-07-02,45.849998474121094,47.25,45.849998474121094,47.25,45.1278190612793,27200
2021-07-05,47.27000045776367,47.27000045776367,46.65999984741211,46.79999923706055,44.69804382324219,15200
2021-07-06,46.470001220703125,46.470001220703125,45.959999084472656,46.22999954223633,44.15363311767578,8100
2021-07-07,45.810001373291016,46.209999084472656,45.59000015258789,45.66999816894531,43.70198059082031,2800
2021-07-08,45.349998474121094,46.0,45.279998779296875,46.0,44.01774978637695,4600
2021-07-09,46.15999984741211,46.959999084472656,46.0099983215332,46.849998474121094,44.83112335205078,9800
2021-07-12,47.0,47.72999954223633,46.849998474121094,47.5,45.45311737060547,24700
2021-07-13,47.599998474121094,47.630001068115234,47.029998779296875,47.47999954223633,45.433982849121094,6200
2021-07-14,47.88999938964844,47.88999938964844,47.18000030517578,47.25,45.21388626098633,13900
2021-07-15,47.470001220703125,49.779998779296875,47.470001220703125,49.5,47.366943359375,31300
2021-07-16,49.689998626708984,50.470001220703125,49.2400016784668,49.560001373291016,47.424354553222656,19600
2021-07-19,49.43000030517578,49.43000030517578,48.2400016784668,48.61000061035156,46.51528549194336,18200
2021-07-20,48.5099983215332,49.59000015258789,48.5099983215332,49.36000061035156,47.232967376708984,14300
2021-07-21,49.369998931884766,49.7400016784668,49.279998779296875,49.279998779296875,47.15641403198242,9100
2021-07-22,49.95000076293945,49.959999084472656,48.97999954223633,49.2400016784668,47.118141174316406,5100
2021-07-23,49.29999923706055,49.95000076293945,48.97999954223633,49.68000030517578,47.539180755615234,5000
2021-07-26,49.970001220703125,50.31999969482422,49.560001373291016,50.2599983215332,48.09418487548828,13200
2021-07-27,50.2400016784668,50.2400016784668,49.65999984741211,49.970001220703125,47.816680908203125,14800
2021-07-28,49.79999923706055,49.83000183105469,49.2599983215332,49.52000045776367,47.386070251464844,4700
2021-07-29,49.97999954223633,49.97999954223633,49.650001525878906,49.959999084472656,47.807106018066406,6100
2021-07-30,49.83000183105469,50.970001220703125,49.83000183105469,50.970001220703125,48.773590087890625,11200
2021-08-03,50.970001220703125,52.540000915527344,50.970001220703125,51.959999084472656,49.72092056274414,32400
2021-08-04,51.79999923706055,52.060001373291016,51.650001525878906,51.91999816894531,49.68264389038086,9500
2021-08-05,51.9900016784668,51.9900016784668,50.95000076293945,50.970001220703125,48.773590087890625,4400
2021-08-06,51.029998779296875,51.650001525878906,50.599998474121094,51.4900016784668,49.27117156982422,11800
2021-08-09,51.58000183105469,51.58000183105469,51.04999923706055,51.2400016784668,49.031951904296875,5900
2021-08-10,50.5099983215332,52.0,50.5099983215332,51.59000015258789,49.36687469482422,8200
2021-08-11,51.5099983215332,51.5099983215332,50.86000061035156,51.5,49.28075408935547,4700
2021-08-12,51.75,51.75,50.9900016784668,51.5,49.28075408935547,6800
2021-08-13,51.0,51.779998779296875,51.0,51.33000183105469,49.118080139160156,3100
2021-08-16,51.400001525878906,51.79999923706055,51.349998474121094,51.790000915527344,49.558258056640625,15200
2021-08-17,51.790000915527344,52.06999969482422,51.61000061035156,52.0,49.75920104980469,5100
2021-08-18,51.91999816894531,52.470001220703125,51.7599983215332,51.81999969482422,49.58695983886719,7600
2021-08-19,51.91999816894531,52.349998474121094,51.20000076293945,52.31999969482422,50.06541442871094,9400
2021-08-20,52.310001373291016,52.369998931884766,52.0,52.29999923706055,50.046268463134766,6900
2021-08-23,52.63999938964844,52.63999938964844,51.810001373291016,52.099998474121094,49.85488510131836,9000
2021-08-24,52.029998779296875,52.18000030517578,51.540000915527344,51.599998474121094,49.37643814086914,4800
2021-08-25,51.4900016784668,51.83000183105469,51.119998931884766,51.75,49.519981384277344,5500
2021-08-26,51.7400016784668,51.7400016784668,50.81999969482422,51.209999084472656,49.00324630737305,6000
2021-08-27,51.33000183105469,51.810001373291016,51.29999923706055,51.380001068115234,49.16592025756836,9000
2021-08-30,51.400001525878906,52.279998779296875,51.400001525878906,52.279998779296875,50.027130126953125,9500
2021-08-31,52.02000045776367,52.02000045776367,51.189998626708984,51.41999816894531,49.20420455932617,7000
2021-09-01,51.0,51.56999969482422,50.599998474121094,50.599998474121094,48.419532775878906,11000
2021-09-02,50.150001525878906,51.619998931884766,50.150001525878906,51.619998931884766,49.395572662353516,8000
2021-09-03,51.529998779296875,51.529998779296875,50.650001525878906,50.72999954223633,48.54393005371094,8300
2021-09-07,50.72999954223633,50.86000061035156,50.400001525878906,50.47999954223633,48.30471420288086,8300
2021-09-08,50.29999923706055,50.939998626708984,50.290000915527344,50.939998626708984,48.83000564575195,5200
2021-09-09,50.900001525878906,50.900001525878906,50.279998779296875,50.56999969482422,48.47532653808594,3400
2021-09-10,50.849998474121094,50.849998474121094,50.0099983215332,50.060001373291016,47.986454010009766,4700
2021-09-13,50.220001220703125,50.95000076293945,50.15999984741211,50.15999984741211,48.08230972290039,7000
2021-09-14,50.34000015258789,50.400001525878906,50.15999984741211,50.38999938964844,48.30278778076172,4900
2021-09-15,50.439998626708984,50.54999923706055,49.970001220703125,50.45000076293945,48.36029815673828,9200
2021-09-16,50.439998626708984,50.540000915527344,50.11000061035156,50.150001525878906,48.07272720336914,6400
2021-09-17,49.29999923706055,49.959999084472656,48.70000076293945,49.04999923706055,47.01828384399414,17500
2021-09-20,48.9900016784668,49.0,48.20000076293945,48.31999969482422,46.31852340698242,10800
2021-09-21,48.56999969482422,49.65999984741211,48.5099983215332,49.47999954223633,47.43048858642578,7900
2021-09-22,49.709999084472656,49.790000915527344,48.9900016784668,49.11000061035156,47.075801849365234,3000
2021-09-23,49.33000183105469,49.33000183105469,48.54999923706055,48.54999923706055,46.538997650146484,5200
2021-09-24,48.790000915527344,49.5099983215332,48.290000915527344,49.310001373291016,47.267520904541016,4600
2021-09-27,49.20000076293945,49.20000076293945,48.5,49.189998626708984,47.152496337890625,4600
2021-09-28,48.849998474121094,48.849998474121094,47.75,48.7400016784668,46.721134185791016,10600
2021-09-29,48.7400016784668,49.279998779296875,48.7400016784668,48.97999954223633,46.9511833190918,2400
2021-09-30,49.0,49.16999816894531,48.38999938964844,48.75,46.73072052001953,6400
2021-10-01,48.58000183105469,48.75,48.150001525878906,48.75,46.73072052001953,6600
2021-10-04,48.0099983215332,48.59000015258789,47.61000061035156,47.869998931884766,45.887168884277344,11600
2021-10-05,47.9900016784668,48.5,47.84000015258789,48.5,46.49107360839844,4100
2021-10-06,48.099998474121094,48.5,47.81999969482422,48.0,46.011775970458984,3900
2021-10-07,48.0,48.58000183105469,48.0,48.58000183105469,46.56776809692383,3600
2021-10-08,48.47999954223633,48.47999954223633,47.349998474121094,48.0099983215332,46.0213737487793,8500
2021-10-12,48.439998626708984,48.439998626708984,46.75,47.220001220703125,45.264102935791016,14800
2021-10-13,47.099998474121094,47.79999923706055,47.0,47.79999923706055,45.82007598876953,4200
2021-10-14,48.0,48.349998474121094,47.81999969482422,47.970001220703125,45.983028411865234,7500
2021-10-15,48.189998626708984,48.189998626708984,47.650001525878906,47.790000915527344,45.810489654541016,2700
2021-10-18,47.5099983215332,49.33000183105469,47.5099983215332,49.33000183105469,47.28669357299805,8600
2021-10-19,48.29999923706055,48.459999084472656,47.86000061035156,48.459999084472656,46.452728271484375,16900
2021-10-20,48.97999954223633,48.97999954223633,47.900001525878906,47.900001525878906,45.91592025756836,7100
2021-10-21,48.0,48.65999984741211,48.0,48.560001373291016,46.54859161376953,2700
2021-10-22,48.630001068115234,48.84000015258789,48.349998474121094,48.650001525878906,46.63486099243164,7100
2021-10-25,48.869998931884766,49.470001220703125,48.43000030517578,49.470001220703125,47.4208984375,3400
2021-10-26,49.369998931884766,49.369998931884766,48.0099983215332,48.0099983215332,46.0213737487793,10800
2021-10-27,48.2599983215332,48.2599983215332,47.0,47.209999084472656,45.25450134277344,6900
2021-10-28,47.220001220703125,47.95000076293945,46.849998474121094,47.95000076293945,45.96385192871094,7400
2021-10-29,46.959999084472656,47.439998626708984,46.75,47.099998474121094,45.1490592956543,4000
2021-11-01,47.0,48.31999969482422,47.0,48.31999969482422,46.31852340698242,11100
2021-11-02,48.45000076293945,48.939998626708984,48.349998474121094,48.349998474121094,46.34728240966797,109300
2021-11-03,48.349998474121094,48.79999923706055,48.130001068115234,48.45000076293945,46.443145751953125,9400
2021-11-04,48.630001068115234,49.900001525878906,48.630001068115234,49.900001525878906,47.83307647705078,24900
2021-11-05,49.709999084472656,50.33000183105469,49.689998626708984,49.689998626708984,47.63178253173828,14000
2021-11-08,49.70000076293945,49.869998931884766,49.130001068115234,49.7599983215332,47.698883056640625,9300
2021-11-09,49.75,50.599998474121094,49.7400016784668,50.599998474121094,48.504085540771484,7900
2021-11-10,50.650001525878906,50.72999954223633,50.25,50.369998931884766,48.28361511230469,6500
2021-11-11,50.369998931884766,50.79999923706055,50.2599983215332,50.41999816894531,48.33153533935547,3600
2021-11-12,50.560001373291016,50.79999923706055,50.13999938964844,50.41999816894531,48.33153533935547,9900
2021-11-15,50.41999816894531,51.279998779296875,50.41999816894531,51.099998474121094,48.98337936401367,15800
2021-11-16,51.08000183105469,51.45000076293945,50.97999954223633,51.34000015258789,49.21343231201172,22900
2021-11-17,51.59000015258789,52.29999923706055,51.34000015258789,52.2599983215332,50.09531784057617,16000
2021-11-18,51.869998931884766,52.650001525878906,51.81999969482422,52.2400016784668,50.07615280151367,24700
2021-11-19,52.16999816894531,52.58000183105469,51.040000915527344,51.09000015258789,48.973793029785156,32700
2021-11-22,51.13999938964844,51.5,50.4900016784668,51.02000045776367,48.90669250488281,27700
2021-11-23,50.63999938964844,51.599998474121094,50.0099983215332,50.75,48.64787292480469,12200
2021-11-24,49.88999938964844,49.88999938964844,47.2599983215332,48.5,46.49107360839844,77900
2021-11-25,48.369998931884766,48.95000076293945,48.25,48.25,46.251426696777344,31800
2021-11-26,47.5,48.150001525878906,46.84000015258789,46.939998626708984,44.995689392089844,53800
2021-11-29,47.02000045776367,48.150001525878906,46.95000076293945,47.470001220703125,45.50373840332031,45600
2021-11-30,47.75,47.75,45.75,46.97999954223633,45.03403091430664,40200
2021-12-01,47.15999984741211,47.779998779296875,46.18000030517578,46.2599983215332,44.447933197021484,23900
2021-12-02,46.2599983215332,48.189998626708984,46.2599983215332,47.709999084472656,45.84113311767578,45500
2021-12-03,48.0,48.599998474121094,47.70000076293945,47.849998474121094,45.97564697265625,32600
2021-12-06,48.04999923706055,49.150001525878906,48.040000915527344,48.84000015258789,46.92687225341797,179600
2021-12-07,49.36000061035156,49.790000915527344,49.150001525878906,49.630001068115234,47.6859245300293,36200
2021-12-08,49.779998779296875,51.75,49.060001373291016,51.5,49.48267364501953,2228000
2021-12-09,51.5,52.88999938964844,51.15999984741211,52.45000076293945,50.39545822143555,936400
2021-12-10,52.189998626708984,52.189998626708984,49.54999923706055,50.0,48.04142379760742,1402300
2021-12-13,49.40999984741211,50.869998931884766,48.810001373291016,49.54999923706055,47.60905456542969,2476200
2021-12-14,48.790000915527344,49.56999969482422,47.650001525878906,48.29999923706055,46.408016204833984,1507900
2021-12-15,49.20000076293945,49.20000076293945,47.5,48.0099983215332,46.1293830871582,2293800
2021-12-16,47.79999923706055,48.349998474121094,47.2599983215332,47.41999816894531,45.56248092651367,1193000
2021-12-17,47.41999816894531,49.0,47.0099983215332,47.849998474121094,45.97564697265625,3952400
2021-12-20,47.849998474121094,48.90999984741211,47.70000076293945,48.279998779296875,46.388797760009766,1271700
2021-12-21,48.720001220703125,51.470001220703125,48.54999923706055,50.939998626708984,48.944610595703125,1167000
2021-12-22,50.84000015258789,52.040000915527344,50.22999954223633,51.58000183105469,49.55953598022461,1244400
2021-12-23,51.68000030517578,53.0,51.66999816894531,52.68000030517578,50.616455078125,1752200
2021-12-24,52.619998931884766,52.90999984741211,51.93000030517578,52.45000076293945,50.39545822143555,327600
2021-12-29,51.75,53.349998474121094,51.75,53.0,50.923912048339844,954500
2021-12-30,52.900001525878906,53.95000076293945,52.349998474121094,53.47999954223633,51.385108947753906,617800
2021-12-31,53.099998474121094,53.970001220703125,52.66999816894531,53.0,50.923912048339844,797900
2022-01-04,52.900001525878906,53.290000915527344,51.75,52.099998474121094,50.05915832519531,1726600
2022-01-05,52.13999938964844,52.65999984741211,50.619998931884766,50.7599983215332,48.77165603637695,2080200
2022-01-06,50.41999816894531,51.59000015258789,50.380001068115234,50.630001068115234,48.64674758911133,1299000
2022-01-07,50.650001525878906,51.09000015258789,50.13999938964844,50.20000076293945,48.23359298706055,1187300
2022-01-10,50.2400016784668,50.939998626708984,49.66999816894531,50.79999923706055,48.810089111328125,1358500
2022-01-11,50.33000183105469,50.88999938964844,49.77000045776367,50.66999816894531,48.685184478759766,1174600
2022-01-12,50.47999954223633,51.75,50.34000015258789,51.56999969482422,49.549930572509766,1163700
2022-01-13,51.5099983215332,52.11000061035156,51.38999938964844,51.5099983215332,49.492279052734375,1172900
2022-01-14,51.5,51.869998931884766,51.11000061035156,51.380001068115234,49.36737060546875,1200400
2022-01-17,51.63999938964844,51.84000015258789,51.150001525878906,51.77000045776367,49.742095947265625,346100
2022-01-18,51.189998626708984,51.97999954223633,51.13999938964844,51.459999084472656,49.44423294067383,1511400
2022-01-19,51.630001068115234,51.72999954223633,50.33000183105469,50.47999954223633,48.50263595581055,2280300
2022-01-20,50.7400016784668,51.29999923706055,49.88999938964844,50.130001068115234,48.16633605957031,1564000
2022-01-21,49.61000061035156,50.689998626708984,48.45000076293945,48.56999969482422,46.66744613647461,1424600
2022-01-24,48.209999084472656,49.95000076293945,47.4900016784668,49.75,47.801212310791016,2010200
2022-01-25,49.09000015258789,50.220001220703125,48.16999816894531,49.90999984741211,47.95494842529297,2100500
2022-01-26,50.099998474121094,51.02000045776367,48.779998779296875,48.95000076293945,47.032554626464844,1617900
2022-01-27,49.40999984741211,49.77000045776367,48.779998779296875,48.90999984741211,46.994117736816406,1459300
2022-01-28,48.77000045776367,49.779998779296875,48.45000076293945,49.7400016784668,47.79161071777344,1234300
2022-01-31,49.47999954223633,51.4900016784668,49.31999969482422,51.27000045776367,49.261680603027344,2218100
2022-02-01,51.5,53.72999954223633,51.45000076293945,53.119998931884766,51.03921127319336,3302600
2022-02-02,53.18000030517578,54.29999923706055,53.09000015258789,53.5099983215332,51.413936614990234,1935300
2022-02-03,53.15999984741211,53.75,52.529998779296875,52.93000030517578,50.856651306152344,1521700
2022-02-04,53.06999969482422,54.130001068115234,53.040000915527344,53.380001068115234,51.28902816772461,1733200
2022-02-07,52.95000076293945,54.20000076293945,52.58000183105469,53.91999816894531,51.8078727722168,1633100
2022-02-08,53.939998626708984,54.630001068115234,53.689998626708984,54.2599983215332,52.13454818725586,1386100
2022-02-09,54.599998474121094,55.41999816894531,54.20000076293945,55.099998474121094,52.941650390625,1863000
2022-02-10,54.630001068115234,55.349998474121094,53.81999969482422,53.900001525878906,51.78866195678711,2976200
2022-02-11,54.130001068115234,54.68000030517578,53.36000061035156,53.650001525878906,51.548458099365234,2136200
2022-02-14,53.599998474121094,53.83000183105469,52.099998474121094,52.650001525878906,50.587623596191406,1509700
2022-02-15,52.08000183105469,53.09000015258789,51.540000915527344,52.25,50.20329284667969,1813300
2022-02-16,51.90999984741211,52.45000076293945,51.400001525878906,51.5,49.48267364501953,1387800
2022-02-17,51.29999923706055,51.459999084472656,50.459999084472656,50.79999923706055,48.810089111328125,1499400
2022-02-18,50.68000030517578,51.0,49.61000061035156,49.65999984741211,47.714744567871094,1184500
2022-02-22,49.61000061035156,50.09000015258789,48.77000045776367,49.20000076293945,47.27276611328125,1417000
2022-02-23,49.25,50.09000015258789,49.08000183105469,49.27000045776367,47.34001541137695,1648500
2022-02-24,48.0099983215332,49.54999923706055,47.58000183105469,49.470001220703125,47.532196044921875,1724200
2022-02-25,49.40999984741211,51.2400016784668,48.869998931884766,51.209999084472656,49.20402908325195,2013100
2022-02-28,50.95000076293945,50.95000076293945,49.59000015258789,49.75,47.801212310791016,4333200
2022-03-01,49.689998626708984,50.029998779296875,48.7599983215332,49.13999938964844,47.215118408203125,1597100
2022-03-02,49.04999923706055,49.9900016784668,49.04999923706055,49.380001068115234,47.445709228515625,1482000
2022-03-03,49.2599983215332,49.529998779296875,48.040000915527344,48.27000045776367,46.37919616699219,1605800
2022-03-04,47.599998474121094,48.68000030517578,46.84000015258789,48.52000045776367,46.619407653808594,2241500
2022-03-07,48.0,48.619998931884766,46.439998626708984,46.529998779296875,44.70735168457031,1847000
2022-03-08,46.4900016784668,46.849998474121094,45.22999954223633,46.369998931884766,44.553619384765625,2780700
2022-03-09,47.5,48.779998779296875,47.0,48.75,46.84039306640625,2519200
2022-03-10,47.90999984741211,49.40999984741211,47.20000076293945,49.18000030517578,47.2535514831543,2174500
2022-03-11,49.45000076293945,49.58000183105469,48.529998779296875,48.84000015258789,46.92687225341797,2395500
2022-03-14,48.72999954223633,49.380001068115234,48.47999954223633,49.220001220703125,47.2919807434082,1219500
2022-03-15,49.220001220703125,49.220001220703125,47.779998779296875,47.90999984741211,46.03329086303711,2111800
2022-03-16,49.0,51.279998779296875,48.619998931884766,50.81999969482422,48.829307556152344,2645300
2022-03-17,50.75,52.7599983215332,50.5,52.68000030517578,50.616455078125,2372000
2022-03-18,52.4900016784668,53.2599983215332,51.95000076293945,53.09000015258789,51.0103874206543,7068600
2022-03-21,53.0,53.0,51.900001525878906,52.68000030517578,50.616455078125,1344500
2022-03-22,52.619998931884766,53.060001373291016,52.349998474121094,52.790000915527344,50.72213363647461,1721300
2022-03-23,52.70000076293945,52.70000076293945,52.2400016784668,52.369998931884766,50.42366027832031,1419300
2022-03-24,52.61000061035156,53.810001373291016,52.369998931884766,53.400001525878906,51.415382385253906,1852900
2022-03-25,53.400001525878906,54.380001068115234,52.93000030517578,54.29999923706055,52.28192901611328,1581700
2022-03-28,54.400001525878906,56.58000183105469,54.119998931884766,55.40999984741211,53.350677490234375,2016800
2022-03-29,55.689998626708984,56.20000076293945,54.97999954223633,55.13999938964844,53.09071350097656,1312600
2022-03-30,54.91999816894531,55.63999938964844,54.560001373291016,55.29999923706055,53.24475860595703,1405800
2022-03-31,55.650001525878906,56.91999816894531,55.279998779296875,56.31999969482422,54.226863861083984,2078000
2022-04-01,56.5,56.70000076293945,55.119998931884766,55.560001373291016,53.4951057434082,1503200
2022-04-04,55.529998779296875,56.95000076293945,55.529998779296875,56.459999084472656,54.36165237426758,1397900
2022-04-05,56.04999923706055,57.220001220703125,56.04999923706055,56.790000915527344,54.679386138916016,1123400
2022-04-06,56.599998474121094,57.02000045776367,56.41999816894531,56.70000076293945,54.592742919921875,1058900
2022-04-07,56.900001525878906,57.599998474121094,56.75,57.40999984741211,55.2763557434082,1943900
2022-04-08,57.400001525878906,57.97999954223633,56.959999084472656,57.41999816894531,55.285980224609375,1525700
2022-04-11,57.18000030517578,58.130001068115234,56.66999816894531,57.34000015258789,55.208946228027344,2031900
2022-04-12,57.540000915527344,58.25,56.61000061035156,56.66999816894531,54.56385040283203,1840300
2022-04-13,56.650001525878906,57.130001068115234,56.36000061035156,56.7400016784668,54.631248474121094,1593300
2022-04-14,56.66999816894531,57.34000015258789,56.380001068115234,56.41999816894531,54.32313919067383,1356800
2022-04-18,56.29999923706055,56.970001220703125,56.20000076293945,56.58000183105469,54.477195739746094,1338700
2022-04-19,56.709999084472656,58.439998626708984,56.529998779296875,58.18000030517578,56.01773452758789,2294300
2022-04-20,58.27000045776367,58.400001525878906,57.439998626708984,57.720001220703125,55.5748291015625,1304400
2022-04-21,57.75,57.970001220703125,57.2400016784668,57.31999969482422,55.18968963623047,1139300
2022-04-22,57.130001068115234,57.779998779296875,56.63999938964844,56.68000030517578,54.573482513427734,1829300
2022-04-25,56.400001525878906,57.150001525878906,56.209999084472656,56.970001220703125,54.85270309448242,1099700
2022-04-26,57.25,57.25,56.029998779296875,56.11000061035156,54.024658203125,1647800
2022-04-27,56.27000045776367,57.27000045776367,55.689998626708984,56.61000061035156,54.50607681274414,1631300
2022-04-28,56.75,58.70000076293945,56.130001068115234,58.38999938964844,56.21992111206055,1627000
2022-04-29,58.0,58.5,56.900001525878906,57.189998626708984,55.06452941894531,1910900
2022-05-02,57.5,59.599998474121094,57.40999984741211,58.11000061035156,55.95032501220703,2494600
2022-05-03,58.290000915527344,59.22999954223633,57.86000061035156,57.95000076293945,55.7962760925293,1771300
2022-05-04,58.20000076293945,58.47999954223633,56.689998626708984,57.4900016784668,55.35337829589844,1751100
2022-05-05,57.099998474121094,57.439998626708984,55.099998474121094,55.2599983215332,53.20624542236328,1998200
2022-05-06,54.900001525878906,56.18000030517578,54.56999969482422,55.209999084472656,53.15810775756836,1889400
2022-05-09,54.77000045776367,56.16999816894531,54.72999954223633,54.91999816894531,52.87888717651367,1960300
2022-05-10,55.810001373291016,56.0,54.189998626708984,54.91999816894531,52.87888717651367,2838700
2022-05-11,54.939998626708984,55.459999084472656,53.79999923706055,54.91999816894531,52.87888717651367,2963900
2022-05-12,54.41999816894531,57.83000183105469,54.41999816894531,57.75,55.60371780395508,2732200
2022-05-13,58.0,58.880001068115234,57.5,58.439998626708984,56.26806640625,1633600
2022-05-16,58.25,59.40999984741211,57.900001525878906,58.959999084472656,56.768741607666016,1553100
2022-05-17,59.38999938964844,59.38999938964844,57.66999816894531,57.900001525878906,55.74814224243164,1444400
2022-05-18,57.38999938964844,57.7400016784668,54.43000030517578,54.65999984741211,52.62854766845703,1704200
2022-05-19,53.41999816894531,56.22999954223633,53.41999816894531,55.529998779296875,53.46621322631836,2012600
2022-05-20,55.5,56.400001525878906,55.209999084472656,55.61000061035156,53.543243408203125,2348200
2022-05-24,56.0,56.029998779296875,54.84000015258789,55.2599983215332,53.20624542236328,1601200
2022-05-25,55.79999923706055,56.09000015258789,55.349998474121094,55.630001068115234,53.562496185302734,1266100
2022-05-26,55.630001068115234,56.52000045776367,55.290000915527344,56.2599983215332,54.16909408569336,1649300
2022-05-27,56.86000061035156,57.27000045776367,56.470001220703125,57.029998779296875,54.91047668457031,2016000
2022-05-30,57.31999969482422,58.380001068115234,57.04999923706055,58.06999969482422,55.91181945800781,435300
2022-05-31,57.72999954223633,58.75,57.369998931884766,57.470001220703125,55.3341178894043,3903800
2022-06-01,57.349998474121094,58.099998474121094,57.02000045776367,57.43000030517578,55.29560852050781,1009400
2022-06-02,57.43000030517578,58.150001525878906,57.040000915527344,58.0,55.844417572021484,815500
2022-06-03,57.70000076293945,58.209999084472656,57.4900016784668,57.70000076293945,55.555572509765625,922800
2022-06-06,57.939998626708984,58.08000183105469,57.2599983215332,57.33000183105469,55.19932556152344,769200
2022-06-07,57.0,57.52000045776367,56.70000076293945,57.470001220703125,55.3341178894043,1026200
2022-06-08,57.47999954223633,58.279998779296875,56.83000183105469,57.150001525878906,55.02601623535156,1928700
2022-06-09,57.189998626708984,57.619998931884766,56.56999969482422,56.650001525878906,54.544593811035156,1212800
2022-06-10,56.2599983215332,56.380001068115234,54.4900016784668,54.70000076293945,52.66706848144531,2673000
2022-06-13,53.63999938964844,54.630001068115234,53.529998779296875,53.689998626708984,51.69459915161133,2667600
2022-06-14,53.65999984741211,54.540000915527344,53.18000030517578,54.349998474121094,52.330074310302734,1943800
2022-06-15,54.5,54.650001525878906,53.470001220703125,54.04999923706055,52.04121780395508,1148700
2022-06-16,53.0099983215332,53.400001525878906,51.630001068115234,52.68000030517578,50.72213363647461,1581600
2022-06-17,52.95000076293945,53.459999084472656,52.22999954223633,53.040000915527344,51.068763732910156,4468900
2022-06-20,53.0,53.7400016784668,52.869998931884766,53.5099983215332,51.52129364013672,483200
2022-06-21,53.52000045776367,53.90999984741211,53.279998779296875,53.5,51.51166534423828,1908400
2022-06-22,52.90999984741211,54.0099983215332,52.2400016784668,53.279998779296875,51.299842834472656,1373900
2022-06-23,53.56999969482422,54.209999084472656,53.220001220703125,53.36000061035156,51.376869201660156,1352700
2022-06-24,54.119998931884766,55.189998626708984,53.79999923706055,55.16999816894531,53.11960220336914,1465900
2022-06-27,55.41999816894531,56.369998931884766,54.939998626708984,55.34000015258789,53.28327178955078,2698500
2022-06-28,55.7599983215332,55.900001525878906,53.16999816894531,53.380001068115234,51.396121978759766,1719500
2022-06-29,52.959999084472656,53.380001068115234,51.47999954223633,52.63999938964844,50.683624267578125,1784700
2022-06-30,51.5099983215332,51.9900016784668,49.58000183105469,50.209999084472656,48.343936920166016,2802100
2022-07-04,50.25,52.279998779296875,50.25,51.7400016784668,49.817073822021484,1061300
2022-07-05,51.619998931884766,52.20000076293945,50.209999084472656,51.150001525878906,49.249000549316406,1725400
2022-07-06,51.13999938964844,51.84000015258789,50.650001525878906,51.0099983215332,49.11420440673828,1180200
2022-07-07,51.25,53.279998779296875,50.88999938964844,53.20000076293945,51.33351516723633,1778300
2022-07-08,52.689998626708984,53.25,52.290000915527344,52.849998474121094,50.99578857421875,1247600
2022-07-11,52.36000061035156,52.470001220703125,51.5099983215332,51.56999969482422,49.76069259643555,889100
2022-07-12,51.630001068115234,52.79999923706055,51.630001068115234,51.9900016784668,50.16596221923828,1447900
2022-07-13,51.4900016784668,53.25,51.20000076293945,52.880001068115234,51.02473068237305,1893300
2022-07-14,52.5099983215332,53.25,51.70000076293945,52.75,50.899295806884766,2257500
2022-07-15,53.25,53.470001220703125,52.2599983215332,52.43000030517578,50.59053039550781,1009700
2022-07-18,53.0,53.0,51.38999938964844,51.439998626708984,49.635250091552734,939900
2022-07-19,51.84000015258789,52.400001525878906,51.36000061035156,52.27000045776367,50.436134338378906,1256300
2022-07-20,52.13999938964844,52.77000045776367,51.47999954223633,52.61000061035156,50.76420974731445,725300
2022-07-21,52.470001220703125,52.9900016784668,52.2599983215332,52.650001525878906,50.80281066894531,844000
2022-07-22,52.68000030517578,53.88999938964844,52.619998931884766,53.709999084472656,51.82561111450195,926600
2022-07-25,54.0,55.0,53.290000915527344,54.93000030517578,53.002811431884766,1034700
2022-07-26,54.47999954223633,54.61000061035156,53.09000015258789,54.400001525878906,52.49140167236328,881600
2022-07-27,54.290000915527344,55.599998474121094,54.15999984741211,55.029998779296875,53.099300384521484,1358600
2022-07-28,55.04999923706055,56.900001525878906,54.880001068115234,56.689998626708984,54.70106887817383,1328100
2022-07-29,57.0,57.65999984741211,56.7400016784668,57.209999084472656,55.202823638916016,1263500
2022-08-02,56.27000045776367,57.84000015258789,56.220001220703125,57.470001220703125,55.453697204589844,1607500
2022-08-03,57.38999938964844,57.810001373291016,57.04999923706055,57.54999923706055,55.53089141845703,772000
2022-08-04,57.38999938964844,58.5,57.27000045776367,58.47999954223633,56.42826843261719,896200
2022-08-05,58.13999938964844,58.150001525878906,56.529998779296875,57.29999923706055,55.28965759277344,961900
2022-08-08,57.31999969482422,57.970001220703125,57.08000183105469,57.119998931884766,55.11597442626953,1072300
2022-08-09,57.36000061035156,57.36000061035156,55.66999816894531,55.72999954223633,53.77474594116211,1096200
2022-08-10,56.40999984741211,57.25,56.36000061035156,57.13999938964844,55.135276794433594,1256800
2022-08-11,57.13999938964844,58.439998626708984,57.06999969482422,58.40999984741211,56.3607177734375,1022600
2022-08-12,58.52000045776367,59.529998779296875,58.38999938964844,59.4900016784668,57.40283203125,1058500
2022-08-15,59.36000061035156,60.06999969482422,59.33000183105469,59.4900016784668,57.40283203125,1056200
2022-08-16,59.33000183105469,60.380001068115234,59.33000183105469,60.11000061035156,58.001075744628906,1160800
2022-08-17,60.040000915527344,60.380001068115234,59.36000061035156,59.599998474121094,57.50896072387695,1051600
2022-08-18,59.790000915527344,60.65999984741211,59.61000061035156,59.720001220703125,57.624755859375,1393800
2022-08-19,59.369998931884766,59.709999084472656,58.849998474121094,59.060001373291016,56.98792266845703,927300
2022-08-22,58.47999954223633,59.619998931884766,58.43000030517578,59.400001525878906,57.315982818603516,1158100
2022-08-23,59.33000183105469,59.38999938964844,58.900001525878906,59.099998474121094,57.02651596069336,959500
2022-08-24,59.06999969482422,59.459999084472656,57.9900016784668,58.02000045776367,55.984397888183594,1262900
2022-08-25,58.25,58.439998626708984,57.75,58.310001373291016,56.26423263549805,2103900
2022-08-26,58.20000076293945,58.43000030517578,56.95000076293945,56.970001220703125,54.97124481201172,1027100
2022-08-29,56.72999954223633,57.400001525878906,56.58000183105469,56.84000015258789,54.84579849243164,855800
2022-08-30,56.959999084472656,57.459999084472656,56.310001373291016,56.56999969482422,54.58527374267578,1279100
2022-08-31,57.779998779296875,59.0,55.689998626708984,56.439998626708984,54.4598388671875,3042200
2022-09-01,56.939998626708984,58.790000915527344,56.720001220703125,58.77000045776367,56.70808410644531,1690600
2022-09-02,59.45000076293945,59.97999954223633,58.63999938964844,59.459999084472656,57.37388229370117,2100500
2022-09-06,60.0,60.040000915527344,58.54999923706055,58.790000915527344,56.72739028930664,1323500
2022-09-07,58.86000061035156,59.47999954223633,58.290000915527344,58.900001525878906,56.94007110595703,1116600
2022-09-08,58.650001525878906,58.7599983215332,57.40999984741211,58.5099983215332,56.563045501708984,1512600
2022-09-09,58.63999938964844,59.79999923706055,58.380001068115234,59.41999816894531,57.44275665283203,1151800
2022-09-12,59.31999969482422,60.470001220703125,59.25,60.189998626708984,58.1871337890625,1509300
2022-09-13,59.4900016784668,60.2599983215332,58.91999816894531,58.97999954223633,57.017398834228516,1626600
2022-09-14,59.279998779296875,59.47999954223633,58.75,59.060001373291016,57.09474182128906,1203700
2022-09-15,59.04999923706055,59.13999938964844,58.150001525878906,58.66999816894531,56.717716217041016,1489100
2022-09-16,58.310001373291016,59.11000061035156,58.09000015258789,59.08000183105469,57.114078521728516,4739100
2022-09-19,58.650001525878906,59.060001373291016,58.27000045776367,58.65999984741211,56.70804977416992,1183000
2022-09-20,58.560001373291016,58.689998626708984,57.33000183105469,57.59000015258789,55.67365646362305,1426000
2022-09-21,57.68000030517578,58.20000076293945,56.2599983215332,56.290000915527344,54.41691207885742,1241800
2022-09-22,56.290000915527344,56.54999923706055,54.59000015258789,54.79999923706055,52.97649383544922,1851700
2022-09-23,54.4900016784668,55.81999969482422,54.119998931884766,54.529998779296875,52.715476989746094,2172900
2022-09-26,54.459999084472656,55.2400016784668,54.380001068115234,54.81999969482422,52.995826721191406,1233500
2022-09-27,55.18000030517578,55.779998779296875,54.38999938964844,55.68000030517578,53.82721710205078,1729600
2022-09-28,55.5,56.75,55.279998779296875,56.040000915527344,54.17523956298828,1633300
2022-09-29,55.810001373291016,56.900001525878906,55.209999084472656,56.540000915527344,54.65859603881836,1824000
2022-09-30,56.779998779296875,56.84000015258789,55.5099983215332,55.61000061035156,53.75954055786133,1611500
2022-10-03,55.25,57.349998474121094,55.25,56.63999938964844,54.75527572631836,1544300
2022-10-04,57.5,58.25,57.36000061035156,57.790000915527344,55.867008209228516,1786900
2022-10-05,57.400001525878906,57.83000183105469,56.68000030517578,57.310001373291016,55.402976989746094,1096700
2022-10-06,57.16999816894531,58.36000061035156,56.7599983215332,57.09000015258789,55.1902961730957,1854600
2022-10-07,56.7599983215332,57.02000045776367,55.599998474121094,55.779998779296875,53.923885345458984,1254400
2022-10-11,55.619998931884766,57.09000015258789,55.560001373291016,56.27000045776367,54.397579193115234,1424500
2022-10-12,56.38999938964844,58.0,56.150001525878906,57.04999923706055,55.15162658691406,1503400
2022-10-13,56.06999969482422,59.150001525878906,56.06999969482422,58.06999969482422,56.137691497802734,1696500
2022-10-14,58.599998474121094,58.599998474121094,57.380001068115234,57.650001525878906,55.731666564941406,1183900
2022-10-17,58.029998779296875,58.540000915527344,57.84000015258789,57.970001220703125,56.041015625,1122900
2022-10-18,58.779998779296875,58.779998779296875,57.470001220703125,57.81999969482422,55.89600372314453,829600
2022-10-19,57.709999084472656,57.959999084472656,56.650001525878906,57.06999969482422,55.170955657958984,1380400
2022-10-20,57.150001525878906,57.91999816894531,56.75,57.11000061035156,55.209632873535156,1033100
2022-10-21,56.9900016784668,58.52000045776367,56.810001373291016,58.189998626708984,56.25368881225586,1464200
2022-10-24,58.209999084472656,59.77000045776367,57.83000183105469,59.119998931884766,57.152748107910156,1212100
2022-10-25,59.060001373291016,60.31999969482422,58.779998779296875,59.58000183105469,57.59743881225586,1400000
2022-10-26,59.58000183105469,60.970001220703125,59.29999923706055,60.0099983215332,58.01313781738281,1376600
2022-10-27,60.27000045776367,60.959999084472656,60.029998779296875,60.470001220703125,58.45782470703125,1652900
2022-10-28,60.439998626708984,61.93000030517578,60.22999954223633,61.45000076293945,59.405216217041016,1629100
2022-10-31,61.15999984741211,61.4900016784668,60.599998474121094,61.0,58.970184326171875,2220100
2022-11-01,61.47999954223633,62.0,61.36000061035156,61.84000015258789,59.78224182128906,1280900
2022-11-02,61.650001525878906,62.2400016784668,61.349998474121094,61.40999984741211,59.36654281616211,1400400
2022-11-03,61.0099983215332,62.349998474121094,60.88999938964844,61.939998626708984,59.878910064697266,1348300
2022-11-04,62.29999923706055,62.689998626708984,61.099998474121094,61.650001525878906,59.59855651855469,1185800
2022-11-07,61.650001525878906,62.279998779296875,61.0,62.189998626708984,60.12059783935547,1087900
2022-11-08,62.220001220703125,62.5,61.849998474121094,62.119998931884766,60.05291748046875,1081300
2022-11-09,62.0,62.029998779296875,60.95000076293945,61.31999969482422,59.279541015625,1609200
2022-11-10,62.290000915527344,62.880001068115234,61.88999938964844,62.81999969482422,60.7296257019043,1461200
2022-11-11,63.0,63.47999954223633,62.47999954223633,62.900001525878906,60.80696487426758,1690300
2022-11-14,62.900001525878906,63.31999969482422,62.27000045776367,62.29999923706055,60.2269287109375,2098100
2022-11-15,62.880001068115234,63.040000915527344,61.86000061035156,62.08000183105469,60.014251708984375,1407300
2022-11-16,62.11000061035156,63.150001525878906,62.11000061035156,62.619998931884766,60.536285400390625,1688800
2022-11-17,62.560001373291016,63.029998779296875,61.83000183105469,62.060001373291016,59.99490737915039,1563100
2022-11-18,62.25,62.439998626708984,61.2400016784668,61.720001220703125,59.66622543334961,1825700
2022-11-21,61.70000076293945,62.150001525878906,61.45000076293945,61.880001068115234,59.82090759277344,3095800
2022-11-22,62.099998474121094,62.099998474121094,61.08000183105469,61.459999084472656,59.414878845214844,2021600
2022-11-23,60.58000183105469,61.2400016784668,59.86000061035156,60.099998474121094,58.10013198852539,2459300
2022-11-24,60.349998474121094,60.380001068115234,59.099998474121094,60.150001525878906,58.14846420288086,1047400
2022-11-25,60.27000045776367,61.060001373291016,60.130001068115234,60.880001068115234,58.85417938232422,1129400
2022-11-28,60.810001373291016,62.08000183105469,60.810001373291016,62.0,59.93690872192383,2616900
2022-11-29,61.970001220703125,62.099998474121094,61.20000076293945,61.25,59.21186447143555,1321700
2022-11-30,61.5,61.83000183105469,59.79999923706055,61.279998779296875,59.3765869140625,4372200
2022-12-01,61.540000915527344,62.11000061035156,61.310001373291016,61.709999084472656,59.79323196411133,1281000
2022-12-02,61.189998626708984,61.65999984741211,61.09000015258789,61.380001068115234,59.47349166870117,1318300
2022-12-05,61.119998931884766,61.56999969482422,61.09000015258789,61.5,59.589752197265625,1280100
2022-12-06,61.5,61.91999816894531,60.15999984741211,60.43000030517578,58.55299377441406,1698300
2022-12-07,60.439998626708984,61.400001525878906,60.439998626708984,60.88999938964844,58.99870300292969,1881800
2022-12-08,60.970001220703125,62.939998626708984,60.86000061035156,62.369998931884766,60.43272399902344,2002300
2022-12-09,62.279998779296875,62.4900016784668,61.560001373291016,61.779998779296875,59.86105728149414,1141800
2022-12-12,61.77000045776367,62.709999084472656,61.75,62.31999969482422,60.384281158447266,1644900
2022-12-13,62.95000076293945,63.2400016784668,62.59000015258789,63.040000915527344,61.08192825317383,1597700
2022-12-14,63.11000061035156,63.540000915527344,62.130001068115234,62.33000183105469,60.39397048950195,1759000
2022-12-15,62.189998626708984,62.54999923706055,60.93000030517578,61.209999084472656,59.30876541137695,1232600
2022-12-16,60.81999969482422,61.540000915527344,60.5,61.25,59.34751892089844,3465600
2022-12-19,61.36000061035156,62.09000015258789,61.0099983215332,61.310001373291016,59.405662536621094,1116200
2022-12-20,61.0,61.63999938964844,60.36000061035156,61.060001373291016,59.163429260253906,1124900
2022-12-21,61.290000915527344,62.220001220703125,61.20000076293945,61.4900016784668,59.58006286621094,891500
2022-12-22,61.189998626708984,61.59000015258789,60.099998474121094,60.189998626708984,58.32044219970703,1227000
2022-12-23,60.209999084472656,60.36000061035156,59.31999969482422,59.72999954223633,57.87472915649414,878700
2022-12-28,59.22999954223633,60.150001525878906,59.0099983215332,59.59000015258789,57.73908615112305,1796100
2022-12-29,59.810001373291016,60.97999954223633,59.31999969482422,60.599998474121094,58.717708587646484,1937900
2022-12-30,60.220001220703125,60.400001525878906,59.02000045776367,59.5,57.65187454223633,1777600
2023-01-03,60.38999938964844,60.9900016784668,60.029998779296875,60.13999938964844,58.27199172973633,1139200
2023-01-04,60.33000183105469,60.72999954223633,59.650001525878906,60.08000183105469,58.213863372802734,1062100
2023-01-05,60.099998474121094,60.869998931884766,59.04999923706055,60.81999969482422,58.93088150024414,1233700
2023-01-06,60.88999938964844,62.16999816894531,60.59000015258789,61.869998931884766,59.94826889038086,1289000
2023-01-09,61.869998931884766,62.709999084472656,61.869998931884766,62.08000183105469,60.151737213134766,1185600
2023-01-10,62.09000015258789,62.599998474121094,61.86000061035156,62.56999969482422,60.626522064208984,1260600
2023-01-11,62.70000076293945,63.310001373291016,62.02000045776367,62.11000061035156,60.18080520629883,1442000
2023-01-12,62.2400016784668,62.65999984741211,61.779998779296875,62.279998779296875,60.345523834228516,1313400
2023-01-13,62.310001373291016,63.25,62.310001373291016,62.97999954223633,61.02378845214844,1356000
2023-01-16,62.70000076293945,63.4900016784668,62.70000076293945,63.31999969482422,61.35322952270508,418600
2023-01-17,63.2400016784668,63.54999923706055,63.0,63.06999969482422,61.11098861694336,1266100
2023-01-18,63.08000183105469,63.540000915527344,62.70000076293945,62.959999084472656,61.00440216064453,1292400
2023-01-19,62.790000915527344,63.31999969482422,62.75,62.93000030517578,60.975345611572266,1467700
2023-01-20,63.02000045776367,63.11000061035156,62.11000061035156,62.16999816894531,60.23894119262695,1234300
2023-01-23,62.119998931884766,62.119998931884766,61.25,61.709999084472656,59.79323196411133,1330800
2023-01-24,61.709999084472656,62.380001068115234,61.56999969482422,62.36000061035156,60.42304229736328,1342900
2023-01-25,62.040000915527344,62.68000030517578,61.560001373291016,62.2599983215332,60.326148986816406,1266100
2023-01-26,62.5,62.529998779296875,60.790000915527344,60.91999816894531,59.02776336669922,1490200
2023-01-27,60.849998474121094,60.970001220703125,59.630001068115234,59.66999816894531,57.81659698486328,1692000
2023-01-30,59.5,60.529998779296875,59.310001373291016,60.119998931884766,58.25261688232422,1622200
2023-01-31,60.15999984741211,60.849998474121094,59.779998779296875,60.7599983215332,58.87274169921875,1882800
2023-02-01,60.65999984741211,60.959999084472656,59.88999938964844,60.0,58.136348724365234,2205100
2023-02-02,60.11000061035156,60.36000061035156,58.939998626708984,59.22999954223633,57.390262603759766,2950700
2023-02-03,59.20000076293945,60.400001525878906,59.150001525878906,60.33000183105469,58.45609664916992,1784600
2023-02-06,60.0,60.130001068115234,59.41999816894531,59.65999984741211,57.80691146850586,1156400
2023-02-07,59.29999923706055,59.83000183105469,58.91999816894531,59.72999954223633,57.87472915649414,1475600
2023-02-08,59.70000076293945,60.88999938964844,59.529998779296875,60.86000061035156,58.969635009765625,1211000
2023-02-09,61.0,61.83000183105469,60.79999923706055,61.59000015258789,59.67695999145508,2507300
2023-02-10,61.400001525878906,62.68000030517578,61.130001068115234,62.560001373291016,60.61682891845703,1726600
2023-02-13,62.38999938964844,63.45000076293945,62.279998779296875,63.36000061035156,61.3919792175293,1062700
2023-02-14,63.15999984741211,64.2699966430664,62.849998474121094,63.9900016784668,62.00241470336914,1514500
2023-02-15,63.84000015258789,65.04000091552734,63.68000030517578,64.56999969482422,62.564395904541016,1306100
2023-02-16,64.55999755859375,65.05000305175781,64.16000366210938,64.83999633789062,62.82600784301758,1217100
2023-02-17,64.63999938964844,65.94999694824219,64.58000183105469,65.58999633789062,63.55270767211914,1268500
2023-02-21,65.16999816894531,65.41000366210938,63.54999923706055,63.65999984741211,61.68266296386719,1516200
2023-02-22,63.66999816894531,65.81999969482422,63.66999816894531,65.58999633789062,63.55270767211914,1751700
2023-02-23,65.0999984741211,65.58000183105469,63.849998474121094,64.33000183105469,62.33186340332031,2023100
2023-02-24,64.04000091552734,64.33000183105469,63.099998474121094,64.29000091552734,62.2931022644043,1309200
2023-02-27,64.0,64.47000122070312,63.810001373291016,64.12000274658203,62.12838363647461,649500
2023-02-28,64.02999877929688,64.12000274658203,63.290000915527344,64.01000213623047,62.02178955078125,2580400
2023-03-01,63.72999954223633,63.7400016784668,63.029998779296875,63.16999816894531,61.20787811279297,1549400
2023-03-02,62.900001525878906,63.63999938964844,62.290000915527344,63.56999969482422,61.595455169677734,1058600
2023-03-03,63.70000076293945,65.47000122070312,63.56999969482422,65.30000305175781,63.27171325683594,870000
2023-03-06,65.0999984741211,65.45999908447266,64.83000183105469,65.08000183105469,63.05855178833008,672300
2023-03-07,65.5,65.68000030517578,64.98999786376953,65.18000030517578,63.155452728271484,789900
2023-03-08,65.16000366210938,65.80000305175781,64.87000274658203,65.11000061035156,63.08762741088867,1031500
2023-03-09,65.20999908447266,65.55000305175781,64.37999725341797,64.58999633789062,62.583778381347656,1258300
2023-03-10,64.5999984741211,64.7300033569336,62.709999084472656,62.900001525878906,60.94626998901367,1689700
2023-03-13,62.75,63.220001220703125,62.06999969482422,62.52000045776367,60.57807159423828,1889100
2023-03-14,62.47999954223633,63.13999938964844,62.11000061035156,62.93000030517578,60.975345611572266,1619200
2023-03-15,62.0,62.0,60.25,60.939998626708984,59.047149658203125,1848400
2023-03-16,61.0,62.7599983215332,59.95000076293945,62.61000061035156,60.665283203125,2159500
2023-03-17,62.58000183105469,62.61000061035156,60.06999969482422,61.59000015258789,59.67695999145508,4994100
2023-03-20,61.880001068115234,64.9000015258789,61.5099983215332,62.720001220703125,60.7718620300293,1592900
2023-03-21,62.869998931884766,63.040000915527344,62.400001525878906,62.83000183105469,60.87844467163086,906400
2023-03-22,62.7599983215332,64.79000091552734,62.7599983215332,63.47999954223633,61.64561462402344,1456900
2023-03-23,63.56999969482422,64.44000244140625,63.150001525878906,63.970001220703125,62.1214599609375,2264500
2023-03-24,63.70000076293945,64.8499984741211,63.65999984741211,64.66000366210938,62.79152297973633,1375100
2023-03-27,65.0,65.41999816894531,64.77999877929688,65.37000274658203,63.48100662231445,1227100
2023-03-28,65.22000122070312,65.80999755859375,65.19000244140625,65.68000030517578,63.782047271728516,948300
2023-03-29,65.8499984741211,67.0,65.62000274658203,66.80000305175781,64.86968994140625,1770600
2023-03-30,67.0999984741211,67.70999908447266,66.45999908447266,67.58000183105469,65.62713623046875,1379500
2023-03-31,67.55000305175781,68.18000030517578,67.4000015258789,67.94999694824219,65.9864501953125,1709300
2023-04-03,67.31999969482422,68.4000015258789,67.31999969482422,67.48999786376953,65.53974914550781,1935400
2023-04-04,67.75,67.94999694824219,66.16000366210938,66.43000030517578,64.5103759765625,970400
2023-04-05,66.25,66.83999633789062,66.25,66.7300033569336,64.80168914794922,918800
2023-04-06,66.58000183105469,67.33999633789062,66.58000183105469,67.0999984741211,65.16099548339844,1128900
2023-04-10,66.9000015258789,67.69999694824219,66.8499984741211,67.58000183105469,65.62713623046875,1178400
2023-04-11,67.58999633789062,68.37000274658203,67.58999633789062,67.93000030517578,65.9670181274414,1082700
2023-04-12,68.01000213623047,68.12999725341797,67.05000305175781,67.47000122070312,65.52030944824219,1281400
2023-04-13,67.58999633789062,67.98999786376953,67.36000061035156,67.72000122070312,65.76310729980469,769900
2023-04-14,67.76000213623047,68.18000030517578,67.75,67.94999694824219,65.9864501953125,397200
2023-04-17,67.9800033569336,67.98999786376953,66.70999908447266,66.76000213623047,64.83082580566406,1295100
2023-04-18,66.80000305175781,67.16000366210938,66.05999755859375,66.44999694824219,64.52980041503906,1159200
2023-04-19,66.38999938964844,67.05999755859375,66.30000305175781,66.62000274658203,64.69487762451172,894100
2023-04-20,66.0,67.38999938964844,66.0,66.79000091552734,64.85997009277344,904100
2023-04-21,66.9000015258789,67.73999786376953,66.87999725341797,67.69999694824219,65.7436752319336,771300
2023-04-24,67.44000244140625,67.94999694824219,67.2300033569336,67.44999694824219,65.5008773803711,660000
2023-04-25,67.44999694824219,67.76000213623047,66.37000274658203,66.58000183105469,64.65604400634766,1102600
2023-04-26,66.41000366210938,67.0999984741211,66.41000366210938,66.66000366210938,64.73371887207031,768200
2023-04-27,67.55000305175781,68.05000305175781,67.05999755859375,67.54000091552734,65.58829498291016,1086700
2023-04-28,67.30999755859375,67.93000030517578,67.20999908447266,67.62000274658203,65.6659927368164,804000
2023-05-01,67.62000274658203,67.88999938964844,67.19000244140625,67.2699966430664,65.32610321044922,486700
2023-05-02,67.01000213623047,67.33999633789062,66.43000030517578,67.23999786376953,65.29695129394531,886200
2023-05-03,67.30000305175781,67.80000305175781,67.19999694824219,67.33000183105469,65.38436126708984,707100
2023-05-04,67.13999938964844,67.26000213623047,66.5,66.54000091552734,64.61719512939453,697100
2023-05-05,66.83999633789062,67.37000274658203,66.5,67.20999908447266,65.267822265625,455500
2023-05-08,67.3499984741211,67.72000122070312,66.80000305175781,67.54000091552734,65.58829498291016,539000
2023-05-09,67.29000091552734,67.98999786376953,67.1500015258789,67.98999786376953,66.02529907226562,587000
2023-05-10,67.88999938964844,67.94999694824219,66.44000244140625,66.97000122070312,65.0347671508789,629400
2023-05-11,66.94999694824219,67.31999969482422,66.29000091552734,67.20999908447266,65.267822265625,646300
2023-05-12,67.20999908447266,67.95999908447266,66.43000030517578,66.68000030517578,64.75314331054688,1047300
2023-05-15,66.77999877929688,67.04000091552734,66.27999877929688,66.62000274658203,64.69487762451172,600700
2023-05-16,66.16999816894531,66.76000213623047,65.0999984741211,66.01000213623047,64.10250854492188,907600
2023-05-17,66.01000213623047,66.4800033569336,65.4000015258789,66.41999816894531,64.50065612792969,893600
2023-05-18,66.36000061035156,66.8499984741211,65.36000061035156,66.05999755859375,64.15106201171875,851900
2023-05-19,65.72000122070312,66.30999755859375,65.2699966430664,66.01000213623047,64.10250854492188,1232700
2023-05-23,65.27999877929688,66.12000274658203,64.58000183105469,65.4800033569336,63.587833404541016,1361500
2023-05-24,65.38999938964844,66.12000274658203,64.9800033569336,66.0199966430664,64.11222076416016,851200
2023-05-25,65.88999938964844,67.0,65.54000091552734,66.61000061035156,64.68517303466797,662300
2023-05-26,66.61000061035156,67.43000030517578,66.30000305175781,67.38999938964844,65.44263458251953,749500
2023-05-29,67.5,67.5,66.44999694824219,66.70999908447266,64.78227233886719,336600
2023-05-30,66.22000122070312,66.22000122070312,65.2699966430664,65.4000015258789,63.51013946533203,952500
2023-05-31,65.1500015258789,66.06999969482422,64.87000274658203,65.7300033569336,63.830596923828125,3013700
2023-06-01,65.55000305175781,66.76000213623047,65.38999938964844,66.62999725341797,64.70457458496094,805200
2023-06-02,66.72000122070312,67.73999786376953,66.5999984741211,67.66999816894531,65.71453857421875,1092800
2023-06-05,67.41000366210938,68.11000061035156,67.41000366210938,67.70999908447266,65.75337219238281,1212500
2023-06-06,67.76000213623047,67.76000213623047,66.72000122070312,67.2699966430664,65.32610321044922,945000
2023-06-07,67.27999877929688,67.62000274658203,66.0199966430664,66.16000366210938,64.24818420410156,1238600
2023-06-08,66.0199966430664,66.13999938964844,65.06999969482422,65.18000030517578,63.29650115966797,1178500
2023-06-09,65.11000061035156,65.41999816894531,64.45999908447266,64.58000183105469,62.71383285522461,1315200
2023-06-12,64.58000183105469,64.9000015258789,64.16999816894531,64.58999633789062,62.723533630371094,1268200
2023-06-13,64.7300033569336,64.97000122070312,64.38999938964844,64.83999633789062,62.966304779052734,704000
2023-06-14,64.69000244140625,65.20999908447266,64.69000244140625,65.04000091552734,63.16054153442383,911200
2023-06-15,65.19000244140625,65.93000030517578,64.87999725341797,64.95999908447266,63.08283615112305,1258500
2023-06-16,64.9800033569336,65.7300033569336,64.63999938964844,64.7300033569336,62.85950469970703,4846400
2023-06-19,64.94000244140625,65.33000183105469,64.55000305175781,65.13999938964844,63.25764846801758,288900
2023-06-20,64.94000244140625,65.4000015258789,64.80999755859375,65.30000305175781,63.41302490234375,1738500
2023-06-21,65.18000030517578,65.61000061035156,64.51000213623047,64.54000091552734,62.674983978271484,980100
2023-06-22,64.75,65.4800033569336,64.4800033569336,64.73999786376953,62.86920928955078,1342900
2023-06-23,64.51000213623047,64.54000091552734,63.349998474121094,63.47999954223633,61.64561462402344,1272800
2023-06-26,63.310001373291016,64.9800033569336,63.290000915527344,64.76000213623047,62.88862609863281,4136500
2023-06-27,64.7300033569336,65.43000030517578,64.47000122070312,65.3499984741211,63.461570739746094,915000
2023-06-28,66.66000366210938,68.9000015258789,66.52999877929688,68.0,66.03499603271484,2037700
2023-06-29,68.19999694824219,68.26000213623047,67.66000366210938,67.93000030517578,65.9670181274414,1309400
2023-06-30,67.7699966430664,68.22000122070312,67.47000122070312,67.93000030517578,65.9670181274414,1906800
2023-07-04,68.11000061035156,68.58000183105469,67.51000213623047,67.68000030517578,65.72425079345703,436800
2023-07-05,67.5199966430664,68.38999938964844,67.51000213623047,68.0,66.03499603271484,1122800
2023-07-06,67.38999938964844,67.6500015258789,66.16000366210938,66.19999694824219,64.41964721679688,1539600
2023-07-07,66.0,66.37000274658203,65.1500015258789,65.26000213623047,63.50492477416992,1256600
2023-07-10,65.36000061035156,65.69000244140625,64.94000244140625,65.08999633789062,63.339500427246094,670600
2023-07-11,65.12999725341797,65.55999755859375,64.81999969482422,65.4000015258789,63.64116287231445,747500
2023-07-12,65.66000366210938,65.66000366210938,64.94000244140625,65.44999694824219,63.68981170654297,689300
2023-07-13,65.56999969482422,66.58999633789062,65.56999969482422,66.30999755859375,64.52668762207031,924900
2023-07-14,66.30999755859375,66.87999725341797,66.30000305175781,66.87999725341797,65.08135986328125,904600
2023-07-17,66.5999984741211,67.33000183105469,66.4000015258789,67.13999938964844,65.3343505859375,641300
2023-07-18,67.98999786376953,68.01000213623047,67.05000305175781,67.33000183105469,65.51927947998047,952800
2023-07-19,67.3499984741211,67.55999755859375,67.0199966430664,67.08000183105469,65.27597045898438,633500
2023-07-20,66.98999786376953,67.30999755859375,66.52999877929688,67.12999725341797,65.32463073730469,481600
2023-07-21,67.4000015258789,67.94999694824219,67.19999694824219,67.62999725341797,65.81117248535156,1004200
2023-07-24,67.58999633789062,67.66999816894531,67.0999984741211,67.1500015258789,65.34410095214844,696800
2023-07-25,67.30999755859375,67.4800033569336,66.55000305175781,67.08999633789062,65.28571319580078,870900
2023-07-26,66.94000244140625,67.29000091552734,66.30000305175781,67.1500015258789,65.34410095214844,1630300
2023-07-27,67.29000091552734,67.7300033569336,66.75,66.94999694824219,65.14948272705078,531700
2023-07-28,67.25,67.54000091552734,66.69000244140625,66.69000244140625,64.896484375,720900
2023-07-31,66.80999755859375,67.44000244140625,66.58999633789062,66.76000213623047,64.96459197998047,878700
2023-08-01,66.5,67.01000213623047,66.0999984741211,66.7699966430664,64.97430419921875,593700
2023-08-02,66.44000244140625,66.58999633789062,65.55999755859375,66.02999877929688,64.25421142578125,1135900
2023-08-03,65.73999786376953,66.23999786376953,65.33000183105469,65.80999755859375,64.04013061523438,1069400
2023-08-04,65.81999969482422,66.38999938964844,65.08000183105469,65.98999786376953,64.21528625488281,614700
2023-08-08,66.08999633789062,67.33999633789062,65.86000061035156,67.2300033569336,65.42194366455078,1284300
2023-08-09,67.23999786376953,67.7300033569336,67.02999877929688,67.61000061035156,65.7917251586914,703700
2023-08-10,67.66000366210938,68.97000122070312,67.66000366210938,68.91000366210938,67.05675506591797,903100
2023-08-11,68.66999816894531,69.77999877929688,68.5999984741211,69.7300033569336,67.8547134399414,834600
2023-08-14,69.56999969482422,69.9000015258789,68.08999633789062,69.5199966430664,67.65035247802734,1037400
2023-08-15,69.11000061035156,69.58000183105469,68.30000305175781,68.48999786376953,66.64806365966797,1177200
2023-08-16,68.52999877929688,69.20999908447266,68.19999694824219,68.5999984741211,66.75509643554688,925600
2023-08-17,68.98999786376953,69.95999908447266,68.7300033569336,69.8499984741211,67.97148132324219,1290800
2023-08-18,69.86000061035156,69.86000061035156,68.94999694824219,69.5,67.63088989257812,1139200
2023-08-21,69.63999938964844,69.83000183105469,69.02999877929688,69.16999816894531,67.30976104736328,1436300
2023-08-22,69.1500015258789,69.33999633789062,68.41000366210938,68.5999984741211,66.75509643554688,1172700
2023-08-23,68.77999877929688,69.88999938964844,68.61000061035156,69.6500015258789,67.77685546875,1102000
2023-08-24,69.7699966430664,70.98999786376953,69.43000030517578,70.8499984741211,68.944580078125,1601800
2023-08-25,70.94999694824219,71.87999725341797,70.93000030517578,71.29000091552734,69.37274932861328,1560100
2023-08-28,71.38999938964844,71.62999725341797,70.0,70.04000091552734,68.15636444091797,823700
2023-08-29,69.73999786376953,71.37000274658203,69.5999984741211,71.30999755859375,69.39220428466797,979100
2023-08-30,71.5,71.7699966430664,71.16000366210938,71.26000213623047,69.34355926513672,1015300
2023-08-31,71.22000122070312,71.66000366210938,70.51000213623047,70.66000366210938,68.75970458984375,1866200
2023-09-01,71.01000213623047,72.55999755859375,70.91999816894531,72.38999938964844,70.44317626953125,2019300
2023-09-05,72.2300033569336,72.9800033569336,71.5,71.93000030517578,69.99553680419922,1021100
2023-09-06,71.83999633789062,72.08000183105469,70.77999877929688,71.55999755859375,69.63548278808594,1363000
2023-09-07,70.58999633789062,71.76000213623047,70.11000061035156,70.1500015258789,68.26342010498047,1848900
2023-09-08,70.1500015258789,71.51000213623047,70.1500015258789,71.5,69.57711029052734,1027400
2023-09-11,71.58000183105469,72.31999969482422,71.36000061035156,72.0999984741211,70.16096496582031,1222900
2023-09-12,72.0999984741211,72.41000366210938,71.6500015258789,72.13999938964844,70.19991302490234,1576500
2023-09-13,72.37000274658203,73.0999984741211,72.05999755859375,73.01000213623047,71.04650115966797,1278500
2023-09-14,73.22000122070312,73.97000122070312,73.1500015258789,73.80999755859375,71.96298217773438,1942100
2023-09-15,73.98999786376953,74.48999786376953,72.95999908447266,73.38999938964844,71.55348205566406,5200300
2023-09-18,73.37999725341797,73.54000091552734,72.69000244140625,72.73999786376953,70.91973876953125,844500
2023-09-19,72.48999786376953,72.58000183105469,71.33000183105469,71.41999816894531,69.63276672363281,1162000
2023-09-20,71.4000015258789,72.2300033569336,71.37999725341797,71.38999938964844,69.60352325439453,1016200
2023-09-21,71.37999725341797,71.63999938964844,70.06999969482422,70.62999725341797,68.86255645751953,1535300
2023-09-22,70.70999908447266,71.16000366210938,70.26000213623047,70.7300033569336,68.96005249023438,832100
2023-09-25,70.61000061035156,70.87000274658203,70.05000305175781,70.37999725341797,68.61882019042969,788800
2023-09-26,70.01000213623047,70.36000061035156,69.41000366210938,69.94999694824219,68.19956970214844,2666300
2023-09-27,70.13999938964844,70.58999633789062,69.63999938964844,70.2699966430664,68.51155853271484,1562900
2023-09-28,70.27999877929688,71.37000274658203,70.12999725341797,71.31999969482422,69.53529357910156,1152200
2023-09-29,71.31999969482422,71.4800033569336,68.93000030517578,68.9800033569336,67.25382995605469,2356500
2023-10-02,68.98999786376953,70.47000122070312,68.93000030517578,70.13999938964844,68.38481903076172,1283300
2023-10-03,69.8499984741211,71.1500015258789,69.41999816894531,71.05000305175781,69.27204895019531,1171600
2023-10-04,71.0,71.94000244140625,70.70999908447266,71.66000366210938,69.86676788330078,1013500
2023-10-05,71.05000305175781,73.0199966430664,71.05000305175781,72.0199966430664,70.21775817871094,1428000
2023-10-06,71.81999969482422,72.33000183105469,71.68000030517578,71.87000274658203,70.07152557373047,787900
2023-10-10,72.27999877929688,73.08000183105469,71.88999938964844,72.63999938964844,70.82225799560547,1234500
2023-10-11,72.9800033569336,74.38999938964844,72.68000030517578,74.33999633789062,72.47972106933594,1299100
2023-10-12,74.5199966430664,75.20999908447266,74.0999984741211,74.68000030517578,72.81121063232422,1077700
2023-10-13,75.0,75.41000366210938,74.01000213623047,74.4000015258789,72.5382080078125,1119500
2023-10-16,74.63999938964844,74.63999938964844,73.73999786376953,74.01000213623047,72.15796661376953,1066200
2023-10-17,73.80000305175781,74.8499984741211,73.80000305175781,74.5,72.63570404052734,792800
2023-10-18,74.08000183105469,74.94999694824219,73.91000366210938,73.93000030517578,72.0799789428711,892800
2023-10-19,73.80000305175781,74.19999694824219,73.44000244140625,73.80000305175781,71.9532241821289,710500
2023-10-20,73.80000305175781,74.0199966430664,73.29000091552734,73.48999786376953,71.65098571777344,675500
2023-10-23,73.30000305175781,74.02999877929688,73.19000244140625,73.29000091552734,71.45598602294922,584700
2023-10-24,73.45999908447266,73.45999908447266,72.44999694824219,72.93000030517578,71.1050033569336,772000
2023-10-25,72.79000091552734,74.45999908447266,72.79000091552734,73.80999755859375,71.96298217773438,814400
2023-10-26,73.72000122070312,74.41000366210938,73.62000274658203,73.75,71.90447998046875,635500
2023-10-27,73.87000274658203,74.02999877929688,72.58999633789062,72.86000061035156,71.03673553466797,692900
2023-10-30,73.20999908447266,74.94000244140625,73.20999908447266,74.91999816894531,73.04519653320312,969000
2023-10-31,74.91999816894531,76.0199966430664,74.48999786376953,75.48999786376953,73.60093688964844,1416000
2023-11-01,75.88999938964844,76.9000015258789,75.48999786376953,76.38999938964844,74.47840881347656,866300
2023-11-02,76.69000244140625,78.0999984741211,76.66999816894531,78.0,76.0481185913086,947200
2023-11-03,78.0,78.0,76.29000091552734,76.80000305175781,74.8781509399414,1109700
2023-11-06,77.0,77.5999984741211,76.55000305175781,77.2699966430664,75.3364028930664,608500
2023-11-07,77.4000015258789,78.0,76.93000030517578,77.43000030517578,75.49239349365234,760800
2023-11-08,77.79000091552734,78.4800033569336,77.56999969482422,78.12000274658203,76.16513061523438,589000
2023-11-09,78.1500015258789,79.05999755859375,78.08000183105469,78.56999969482422,76.60386657714844,754900
2023-11-10,78.68000030517578,78.9000015258789,78.01000213623047,78.6500015258789,76.68185424804688,977600
2023-11-13,78.7699966430664,78.94999694824219,78.62000274658203,78.80000305175781,76.82810974121094,750600
2023-11-14,79.12000274658203,79.5199966430664,78.30000305175781,78.54000091552734,76.57461547851562,887500
2023-11-15,79.0,79.12000274658203,77.19000244140625,77.37999725341797,75.44364166259766,1478600
2023-11-16,77.0999984741211,78.33999633789062,77.0999984741211,78.08000183105469,76.12612915039062,899000
2023-11-17,78.12999725341797,78.66000366210938,77.83999633789062,78.23999786376953,76.28211212158203,752900
2023-11-20,78.11000061035156,78.95999908447266,77.70999908447266,78.8499984741211,76.8768539428711,719300
2023-11-21,78.4000015258789,79.23999786376953,77.97000122070312,78.29000091552734,76.33087921142578,1001600
2023-11-22,78.19999694824219,80.25,78.16000366210938,80.02999877929688,78.02732849121094,1237900
2023-11-23,80.25,80.27999877929688,78.9000015258789,78.95999908447266,76.98410034179688,323300
2023-11-24,78.7699966430664,79.48999786376953,78.6500015258789,79.19999694824219,77.21810150146484,318200
2023-11-27,79.19999694824219,79.47000122070312,78.5999984741211,78.75,76.77936553955078,1085300
2023-11-28,78.80000305175781,79.54000091552734,78.0999984741211,78.75,76.77936553955078,1267300
2023-11-29,77.9000015258789,77.9000015258789,74.5,76.2300033569336,74.32241821289062,2255400
2023-11-30,76.41000366210938,77.58000183105469,75.0999984741211,77.4000015258789,75.46315002441406,2433900
2023-12-01,77.26000213623047,77.5,75.66000366210938,76.93000030517578,75.00489807128906,1289100
2023-12-04,77.48999786376953,78.27999877929688,76.38999938964844,77.98999786376953,76.03836059570312,1081400
2023-12-05,78.12000274658203,78.80999755859375,77.16999816894531,77.5199966430664,75.58014678955078,1681200
2023-12-06,77.55000305175781,78.47000122070312,77.4800033569336,77.58999633789062,75.81954956054688,1170600
2023-12-07,77.9000015258789,77.9000015258789,76.88999938964844,77.01000213623047,75.2527847290039,1213200
2023-12-08,77.12999725341797,77.4800033569336,76.37999725341797,76.55999755859375,74.81305694580078,1100400
2023-12-11,76.54000091552734,77.12999725341797,76.08999633789062,76.45999908447266,74.71532440185547,1274200
2023-12-12,76.51000213623047,76.95999908447266,75.37000274658203,76.83000183105469,75.07688903808594,1773500
2023-12-13,76.94000244140625,77.41000366210938,76.08000183105469,77.27999877929688,75.51661682128906,1374800
2023-12-14,77.04000091552734,77.31999969482422,73.04000091552734,74.4800033569336,72.78052520751953,1881300
2023-12-15,74.51000213623047,75.0,74.08999633789062,74.27999877929688,72.58507537841797,5933200
2023-12-18,74.29000091552734,74.9800033569336,73.95999908447266,74.73999786376953,73.03458404541016,1064200
2023-12-19,75.38999938964844,76.30000305175781,75.0,76.04000091552734,74.30491638183594,998200
2023-12-20,76.0,76.26000213623047,74.68000030517578,74.7300033569336,73.02481842041016,1434600
2023-12-21,74.76000213623047,75.55999755859375,74.55000305175781,74.72000122070312,73.01502990722656,908200
2023-12-22,74.62000274658203,76.37000274658203,74.62000274658203,76.0199966430664,74.28536987304688,964000
2023-12-27,76.0,77.66999816894531,75.97000122070312,77.4000015258789,75.6338882446289,903500
2023-12-28,77.37999725341797,78.69000244140625,77.37999725341797,77.48999786376953,75.72183227539062,957900
2023-12-29,77.75,78.08999633789062,77.23999786376953,78.02999877929688,76.24950408935547,610800
2024-01-02,77.75,78.19000244140625,77.26000213623047,78.06999969482422,76.28858184814453,762700
2024-01-03,77.8499984741211,78.8499984741211,77.8499984741211,78.30999755859375,76.52310943603516,543400
2024-01-04,78.5,79.38999938964844,78.45999908447266,79.30999755859375,77.50028991699219,870100
2024-01-05,79.25,79.87999725341797,78.73999786376953,79.16999816894531,77.36348724365234,940500
2024-01-08,79.33000183105469,80.05000305175781,78.69000244140625,80.0199966430664,78.194091796875,1070700
2024-01-09,79.88999938964844,79.9000015258789,79.0999984741211,79.62000274658203,77.80322265625,1554200
2024-01-10,79.63999938964844,80.81999969482422,79.43000030517578,80.36000061035156,78.5263442993164,1151200
2024-01-11,80.4000015258789,80.77999877929688,78.8499984741211,79.79000091552734,77.96935272216797,901100
2024-01-12,80.08000183105469,80.22000122070312,77.88999938964844,78.0199966430664,76.2397232055664,1233200
2024-01-15,78.0,78.44000244140625,77.80999755859375,78.16999816894531,76.38630676269531,438400
2024-01-16,78.37000274658203,79.5,77.11000061035156,78.80999755859375,77.01171112060547,1745000
2024-01-17,78.5199966430664,79.23999786376953,77.5999984741211,78.91000366210938,77.10942840576172,1223100
2024-01-18,79.19999694824219,81.30999755859375,79.1500015258789,81.30000305175781,79.44489288330078,1259900
2024-01-19,81.48999786376953,81.7300033569336,80.66999816894531,81.69999694824219,79.83576202392578,1413400
2024-01-22,81.94999694824219,81.94999694824219,80.4800033569336,81.11000061035156,79.25923156738281,925300
2024-01-23,80.91999816894531,81.69999694824219,80.62999725341797,81.44999694824219,79.5914535522461,1025000
2024-01-24,81.56999969482422,82.31999969482422,81.19999694824219,81.36000061035156,79.50352478027344,699400
2024-01-25,81.30999755859375,81.5199966430664,80.38999938964844,80.58999633789062,78.75109100341797,743500
2024-01-26,80.58000183105469,80.88999938964844,79.55999755859375,79.6500015258789,77.8325424194336,674500
2024-01-29,79.6500015258789,80.08999633789062,79.4000015258789,80.0199966430664,78.194091796875,546500
2024-01-30,79.98999786376953,80.58999633789062,79.43000030517578,80.27999877929688,78.44815826416016,682700
2024-01-31,80.02999877929688,80.41999816894531,78.66000366210938,78.77999877929688,76.98237609863281,1330700
2024-02-01,79.0999984741211,80.41999816894531,79.0999984741211,80.29000091552734,78.45792388916016,715400
2024-02-02,80.29000091552734,80.5999984741211,79.4000015258789,80.05999755859375,78.23316955566406,641000
2024-02-05,80.52999877929688,80.62999725341797,78.55999755859375,78.69999694824219,76.90421295166016,666500
2024-02-06,79.30999755859375,79.45999908447266,78.62000274658203,79.19000244140625,77.38304138183594,549900
2024-02-07,79.06999969482422,79.77999877929688,78.72000122070312,79.23999786376953,77.43190002441406,501600
2024-02-08,79.25,80.20999908447266,78.61000061035156,80.08999633789062,78.26249694824219,820400
2024-02-09,80.08000183105469,81.37999725341797,79.97000122070312,81.12999725341797,79.27877044677734,1444100
2024-02-12,81.01000213623047,81.66999816894531,80.4000015258789,80.58000183105469,78.74132537841797,487000
2024-02-13,80.26000213623047,80.94000244140625,79.9000015258789,80.63999938964844,78.79995727539062,1491700
2024-02-14,80.9000015258789,84.45999908447266,80.9000015258789,84.29000091552734,82.36666870117188,1676300
2024-02-15,84.31999969482422,84.9000015258789,83.01000213623047,83.2699966430664,81.36993408203125,1386100
2024-02-16,83.75,83.75,81.86000061035156,82.0,80.12892150878906,1030600
2024-02-20,82.01000213623047,85.25,82.01000213623047,85.06999969482422,83.12887573242188,1619800
2024-02-21,84.79000091552734,85.61000061035156,84.51000213623047,84.66000366210938,82.72823333740234,1002200
2024-02-22,85.0999984741211,86.76000213623047,85.08000183105469,86.19000244140625,84.22331237792969,1443400
2024-02-23,86.19000244140625,86.80999755859375,85.7300033569336,86.2699966430664,84.3014907836914,1039500
2024-02-26,86.41000366210938,87.2699966430664,85.9800033569336,86.0999984741211,84.1353759765625,1184500
2024-02-27,85.80000305175781,86.55000305175781,85.4000015258789,85.97000122070312,84.00833129882812,1032600
2024-02-28,86.0,86.30000305175781,84.3499984741211,84.55000305175781,82.62073516845703,1153600
2024-02-29,84.5,85.08000183105469,84.05999755859375,84.16999816894531,82.24940490722656,2057900
2024-03-01,83.86000061035156,84.47000122070312,83.30999755859375,84.0199966430664,82.10282135009766,775800
2024-03-04,83.91000366210938,84.19999694824219,83.33000183105469,83.55000305175781,81.6435546875,591900
2024-03-05,83.5,84.77999877929688,83.31999969482422,83.6500015258789,81.74127197265625,1138100
2024-03-06,83.80999755859375,84.37000274658203,83.36000061035156,83.56999969482422,81.6630859375,680700
2024-03-07,84.08000183105469,85.1500015258789,83.66000366210938,85.0199966430664,83.08001708984375,799100
2024-03-08,85.23999786376953,85.2699966430664,82.19999694824219,82.55999755859375,80.67613220214844,1019600
2024-03-11,82.93000030517578,83.55999755859375,82.16999816894531,82.52999877929688,80.64683532714844,1086100
2024-03-12,82.88999938964844,83.68000030517578,82.75,83.4800033569336,81.57515716552734,1133500
2024-03-13,83.20999908447266,83.73999786376953,82.7300033569336,83.08000183105469,81.18428039550781,1797100
2024-03-14,82.62000274658203,83.05000305175781,81.93000030517578,82.52999877929688,80.64683532714844,1370400
2024-03-15,83.41999816894531,84.58999633789062,82.45999908447266,83.72000122070312,81.8096694946289,5387100
2024-03-18,83.8499984741211,84.37999725341797,80.62999725341797,80.86000061035156,79.01493072509766,1456700
2024-03-19,80.93000030517578,82.6500015258789,80.93000030517578,82.36000061035156,80.48070526123047,1158500
2024-03-20,82.3499984741211,82.4800033569336,80.91000366210938,81.5199966430664,79.65986633300781,985900
2024-03-21,76.0,79.0,74.83000183105469,78.08999633789062,76.30814361572266,3891800
2024-03-22,77.68000030517578,78.25,76.08999633789062,77.9000015258789,76.12247467041016,2241300
2024-03-25,77.52999877929688,78.5,77.08999633789062,77.7699966430664,75.99542999267578,3240200
2024-03-26,76.63999938964844,78.27999877929688,76.22000122070312,77.16999816894531,75.40911865234375,2867100
2024-03-27,77.7300033569336,77.91999816894531,77.0,77.26000213623047,75.49707794189453,2360000
2024-03-28,77.05000305175781,77.94999694824219,77.0,77.30999755859375,75.71743774414062,3175600
2024-04-01,77.0,77.0199966430664,75.5199966430664,75.63999938964844,74.08184051513672,2238100
2024-04-02,75.06999969482422,75.29000091552734,74.33000183105469,74.68000030517578,73.14161682128906,2582600
2024-04-03,74.44000244140625,75.11000061035156,74.08000183105469,74.58999633789062,73.053466796875,2055800
2024-04-04,75.0,75.23999786376953,74.04000091552734,74.18000030517578,72.65192413330078,1825600
2024-04-05,74.01000213623047,75.86000061035156,73.66000366210938,75.44999694824219,73.89576721191406,1497200
2024-04-08,75.33999633789062,77.25,75.33999633789062,76.13999938964844,74.5715560913086,1488200
2024-04-09,76.08000183105469,76.44000244140625,75.08000183105469,75.73999786376953,74.17977905273438,1974400
2024-04-10,75.33999633789062,75.66999816894531,74.93000030517578,75.44999694824219,73.89576721191406,1351100
2024-04-11,75.83000183105469,75.87999725341797,75.08999633789062,75.75,74.1895751953125,1475600
2024-04-12,75.48999786376953,75.6500015258789,75.01000213623047,75.43000030517578,73.87617492675781,1040300
2024-04-15,75.87000274658203,76.55000305175781,75.41999816894531,76.08000183105469,74.51278686523438,1766300
2024-04-16,76.19999694824219,76.30000305175781,75.02999877929688,75.0999984741211,73.5529556274414,2822400
2024-04-17,75.45999908447266,75.62000274658203,74.62000274658203,75.2699966430664,73.7194595336914,1283500
2024-04-18,75.41000366210938,76.0199966430664,74.68000030517578,75.41000366210938,73.85657501220703,1469400
2024-04-19,75.18000030517578,76.5999984741211,75.05999755859375,76.05999755859375,74.49319458007812,1399100
2024-04-22,76.04000091552734,78.25,76.04000091552734,77.76000213623047,76.15817260742188,1890300
2024-04-23,78.0,78.91000366210938,77.61000061035156,77.80999755859375,76.20713806152344,2124700
2024-04-24,77.80999755859375,78.55000305175781,77.38999938964844,77.58999633789062,75.99166870117188,1104200
2024-04-25,77.01000213623047,77.5,75.88999938964844,77.37999725341797,75.78599548339844,1007400
2024-04-26,77.5,78.25,77.3499984741211,77.75,76.14837646484375,780200
2024-04-29,77.77999877929688,78.29000091552734,77.37999725341797,77.68000030517578,76.07982635498047,1334000
2024-04-30,77.5,77.51000213623047,76.30000305175781,76.30000305175781,74.72824096679688,1779700
2024-05-01,76.0199966430664,76.18000030517578,75.56999969482422,75.76000213623047,74.19937896728516,674100
2024-05-02,75.81999969482422,76.11000061035156,74.80999755859375,75.0,73.45502471923828,1641000
2024-05-03,75.38999938964844,75.66000366210938,74.19999694824219,74.98999786376953,73.44524383544922,796300
2024-05-06,75.12999725341797,75.62000274658203,74.81999969482422,75.25,73.69988250732422,1190700
2024-05-07,75.41999816894531,75.87999725341797,74.37999725341797,74.72000122070312,73.18080139160156,1018000
2024-05-08,74.48999786376953,75.2300033569336,74.26000213623047,75.0199966430664,73.47461700439453,1968100
2024-05-09,75.23999786376953,75.55000305175781,74.61000061035156,74.76000213623047,73.219970703125,1485600
2024-05-10,74.69999694824219,75.87000274658203,74.69999694824219,75.69000244140625,74.13082122802734,970500
2024-05-13,75.7699966430664,76.91000366210938,74.69999694824219,75.37000274658203,73.81741333007812,1126500
2024-05-14,75.41999816894531,76.25,75.36000061035156,76.2300033569336,74.6596908569336,935100
2024-05-15,76.16999816894531,77.04000091552734,76.0999984741211,76.70999908447266,75.12981414794922,1076700
2024-05-16,76.91000366210938,77.0999984741211,75.44999694824219,75.48999786376953,73.93492889404297,1535500
2024-05-17,75.51000213623047,75.95999908447266,75.19000244140625,75.41000366210938,73.85657501220703,866900
2024-05-21,75.22000122070312,76.30000305175781,74.66999816894531,75.91000366210938,74.3462905883789,1239000
2024-05-22,75.91999816894531,77.69000244140625,75.47000122070312,77.61000061035156,76.01126861572266,1258100
2024-05-23,77.73999786376953,79.98999786376953,77.55999755859375,79.37000274658203,77.7350082397461,1704000
2024-05-24,79.41000366210938,80.2300033569336,78.76000213623047,80.20999908447266,78.5577163696289,800100
2024-05-27,80.13999938964844,80.80000305175781,79.86000061035156,80.55000305175781,78.89069366455078,346500
2024-05-28,80.19000244140625,80.69999694824219,79.62000274658203,80.3499984741211,78.69480895996094,975000
2024-05-29,80.16999816894531,80.19999694824219,78.05000305175781,78.08999633789062,76.48136901855469,2564100
2024-05-30,77.98999786376953,78.76000213623047,77.0,78.16999816894531,76.55972290039062,1637300
2024-05-31,78.19000244140625,79.7300033569336,77.54000091552734,79.55000305175781,77.91130828857422,2821800
2024-06-03,79.16999816894531,79.91999816894531,78.72000122070312,79.58000183105469,77.94068908691406,1197000
2024-06-04,79.56999969482422,79.87999725341797,78.77999877929688,79.66000366210938,78.01902770996094,1272100
2024-06-05,79.83000183105469,79.93000030517578,79.22000122070312,79.56999969482422,77.9308853149414,872000
2024-06-06,79.41000366210938,80.69000244140625,79.41000366210938,80.01000213623047,78.36182403564453,1018800
2024-06-07,80.0,80.3499984741211,79.70999908447266,80.13999938964844,78.48914337158203,686800
2024-06-10,79.94999694824219,80.02999877929688,77.27999877929688,77.94000244140625,76.33446502685547,2076000
2024-06-11,77.76000213623047,77.77999877929688,76.83000183105469,77.0999984741211,75.51176452636719,1552500
2024-06-12,77.25,80.18000030517578,77.25,80.08000183105469,78.43037414550781,1930800
2024-06-13,79.80000305175781,79.80000305175781,78.41000366210938,78.87999725341797,77.2551040649414,925000
2024-06-14,78.83000183105469,78.83000183105469,75.62000274658203,75.9000015258789,74.33648681640625,1832500
2024-06-17,75.73999786376953,76.79000091552734,75.23999786376953,76.73999786376953,75.15918731689453,2591300
2024-06-18,76.51000213623047,77.23999786376953,76.08000183105469,76.30000305175781,74.72824096679688,1223400
2024-06-19,76.19999694824219,77.0999984741211,75.9000015258789,76.44999694824219,74.87515258789062,684500
2024-06-20,76.5,77.80000305175781,76.0,77.0199966430664,75.43341827392578,2463400
2024-06-21,77.83999633789062,79.12000274658203,77.31999969482422,78.05000305175781,76.44219970703125,7460500
2024-06-24,78.20999908447266,79.30000305175781,77.3499984741211,78.41999816894531,76.80457305908203,1254900
2024-06-25,78.3499984741211,79.75,77.80000305175781,79.5,77.86233520507812,1456100
2024-06-26,75.0,78.31999969482422,74.94999694824219,77.12000274658203,75.53135681152344,2939200
2024-06-27,77.0,77.66999816894531,76.06999969482422,77.5,75.90352630615234,1550700
2024-06-28,77.44999694824219,77.72000122070312,76.58000183105469,76.7699966430664,75.18856048583984,2801500
2024-07-02,76.13999938964844,77.80000305175781,76.08000183105469,77.61000061035156,76.01126861572266,3197900
2024-07-03,77.55999755859375,78.66999816894531,77.4800033569336,77.76000213623047,76.15817260742188,590400
2024-07-04,77.62000274658203,78.0999984741211,77.5199966430664,77.9800033569336,76.37364959716797,1243400
2024-07-05,77.9800033569336,78.27999877929688,77.11000061035156,77.91999816894531,76.48653411865234,1488100
2024-07-08,77.55000305175781,79.44999694824219,77.38999938964844,79.37000274658203,77.90985107421875,1686700
2024-07-09,79.22000122070312,80.0999984741211,78.86000061035156,79.73999786376953,78.27304077148438,3505100
2024-07-10,79.80999755859375,81.87000274658203,79.72000122070312,81.66000366210938,80.15772247314453,3341200
2024-07-11,81.6500015258789,82.02999877929688,80.27999877929688,80.91000366210938,79.42151641845703,1816900
2024-07-12,80.73999786376953,81.91000366210938,80.62000274658203,81.48999786376953,79.9908447265625,802200
2024-07-15,81.68000030517578,82.05999755859375,81.0,81.55999755859375,80.05956268310547,1068500
2024-07-16,81.79000091552734,82.98999786376953,81.79000091552734,82.23999786376953,80.72704315185547,645800
2024-07-17,81.77999877929688,81.77999877929688,80.86000061035156,81.30000305175781,79.80435180664062,870500
2024-07-18,81.19000244140625,82.66999816894531,81.0,82.23999786376953,80.72704315185547,1007500
2024-07-19,82.08999633789062,82.48999786376953,81.58000183105469,82.05000305175781,80.5405502319336,672000
2024-07-22,82.3499984741211,83.12000274658203,81.23999786376953,82.98999786376953,81.4632568359375,875500
2024-07-23,82.5999984741211,83.27999877929688,82.2300033569336,82.48999786376953,80.97245025634766,933000
2024-07-24,82.37000274658203,83.0999984741211,82.18000030517578,82.8499984741211,81.32582092285156,1081400
2024-07-25,82.66999816894531,82.91000366210938,81.77999877929688,82.4000015258789,80.88411712646484,597400
2024-07-26,82.76000213623047,83.16000366210938,82.12000274658203,82.62000274658203,81.10006713867188,914800
2024-07-29,82.94999694824219,83.88999938964844,82.68000030517578,83.31999969482422,81.78717041015625,1745600
2024-07-30,83.62000274658203,84.25,83.30999755859375,84.0,82.45467376708984,1123200
2024-07-31,84.5,85.52999877929688,84.11000061035156,85.11000061035156,83.54424285888672,986800
2024-08-01,85.0,85.16000366210938,82.4000015258789,82.5999984741211,81.0804214477539,1041300
2024-08-02,81.43000030517578,82.22000122070312,80.04000091552734,81.76000213623047,80.2558822631836,1299500
2024-08-06,79.6500015258789,81.62000274658203,79.26000213623047,80.70999908447266,79.22521209716797,2296100
2024-08-07,81.30000305175781,81.30000305175781,78.06999969482422,78.38999938964844,76.94788360595703,1217500
2024-08-08,79.0199966430664,79.94000244140625,78.58000183105469,79.66000366210938,78.19451141357422,745500
2024-08-09,79.81999969482422,80.18000030517578,78.98999786376953,79.88999938964844,78.42027282714844,2393100
2024-08-12,79.88999938964844,80.69000244140625,79.44999694824219,80.5999984741211,79.1172103881836,964600
2024-08-13,81.0,82.4800033569336,80.83999633789062,82.33000183105469,80.8154067993164,1443000
2024-08-14,82.38999938964844,82.69000244140625,81.19999694824219,82.55000305175781,81.0313491821289,721100
2024-08-15,83.08000183105469,84.0199966430664,82.9800033569336,83.83999633789062,82.29761505126953,1126200
2024-08-16,83.58999633789062,84.16000366210938,83.41999816894531,83.56999969482422,82.03257751464844,471000
2024-08-19,80.0,83.87999725341797,79.80000305175781,81.7699966430664,80.26569366455078,1668500
2024-08-20,81.88999938964844,82.36000061035156,80.80999755859375,80.87000274658203,79.38225555419922,921900
2024-08-21,80.30000305175781,81.98999786376953,80.1500015258789,80.43000030517578,78.95034790039062,1201000
2024-08-22,80.51000213623047,80.80000305175781,78.55000305175781,78.91999816894531,77.46813201904297,1394900
2024-08-23,79.20999908447266,79.5,78.05999755859375,78.2699966430664,76.830078125,1182900
2024-08-26,78.30999755859375,78.7699966430664,78.18000030517578,78.38999938964844,76.94788360595703,1795700
2024-08-27,79.05000305175781,80.11000061035156,79.02999877929688,79.44999694824219,77.98836517333984,1134400
2024-08-28,79.33000183105469,79.8499984741211,78.79000091552734,78.97000122070312,77.51720428466797,852200
2024-08-29,79.13999938964844,79.1500015258789,77.5999984741211,77.76000213623047,76.3294677734375,2471300
2024-08-30,77.5,77.56999969482422,76.11000061035156,76.93000030517578,75.51473999023438,2471200
2024-09-03,76.9000015258789,76.91999816894531,74.88999938964844,75.0,73.6202392578125,1415500
2024-09-04,74.0,75.80000305175781,73.9800033569336,74.43000030517578,73.06072998046875,1963200
2024-09-05,73.66000366210938,75.5199966430664,72.36000061035156,75.41000366210938,74.02269744873047,1685500
2024-09-06,75.69000244140625,77.19000244140625,75.11000061035156,76.86000061035156,75.44601440429688,1494800
2024-09-09,77.12999725341797,77.9800033569336,76.30000305175781,77.91999816894531,76.48653411865234,2847800
2024-09-10,77.80000305175781,77.83000183105469,76.01000213623047,76.83999633789062,75.42639923095703,2173200
2024-09-11,76.94000244140625,77.1500015258789,75.79000091552734,76.66999816894531,75.25951385498047,1352600
2024-09-12,77.01000213623047,77.30999755859375,75.68000030517578,75.87000274658203,74.47423553466797,3773400
2024-09-13,75.80999755859375,76.19999694824219,74.94999694824219,75.0,73.79044342041016,1526200
2024-09-16,75.41999816894531,75.9000015258789,75.0,75.75,74.5283432006836,2916600
2024-09-17,76.16999816894531,76.25,75.23999786376953,75.31999969482422,74.10528564453125,2180600
2024-09-18,75.33999633789062,75.88999938964844,75.30000305175781,75.37999725341797,74.16432189941406,1921400
2024-09-19,76.23999786376953,76.80000305175781,75.69000244140625,75.88999938964844,74.66609191894531,1395200
2024-09-20,75.55000305175781,76.4800033569336,75.22000122070312,76.08999633789062,74.86286163330078,11452600
2024-09-23,76.5999984741211,77.55999755859375,76.23999786376953,76.56999969482422,75.33512878417969,1037800
2024-09-24,76.7300033569336,76.7300033569336,75.20999908447266,75.3499984741211,74.13480377197266,970900
2024-09-25,75.47000122070312,75.55000305175781,74.81999969482422,74.93000030517578,73.7215805053711,667100
2024-09-26,75.19000244140625,75.5,74.20999908447266,75.12000274658203,73.90850830078125,1272700
2024-09-27,75.0199966430664,76.18000030517578,75.0,75.31999969482422,74.10528564453125,1168700
2024-09-30,74.5,75.66999816894531,74.5,74.7699966430664,73.56415557861328,1127900
2024-10-01,74.66999816894531,74.8499984741211,74.0999984741211,74.19999694824219,73.00334167480469,1057900
2024-10-02,73.0,74.22000122070312,72.76000213623047,73.1500015258789,71.97027587890625,1941800
2024-10-03,73.20999908447266,74.62000274658203,73.05999755859375,73.8499984741211,72.65899658203125,1167500
2024-10-04,73.83999633789062,74.43000030517578,73.69000244140625,73.95999908447266,72.76721954345703,762900
2024-10-07,73.56999969482422,74.12000274658203,73.44000244140625,73.81999969482422,72.62947845458984,846900
2024-10-08,74.0,74.5999984741211,73.80000305175781,74.4000015258789,73.20012664794922,938300
2024-10-09,74.0,74.41999816894531,73.45999908447266,73.79000091552734,72.59996032714844,1401200
2024-10-10,73.80000305175781,75.12000274658203,73.56999969482422,74.80000305175781,73.59367370605469,1368900
2024-10-11,74.87999725341797,75.08999633789062,72.22000122070312,72.2699966430664,71.10447692871094,2172300
2024-10-15,72.7699966430664,73.41999816894531,72.05000305175781,73.0,71.82270812988281,1651300
2024-10-16,73.01000213623047,74.3499984741211,72.91000366210938,74.19000244140625,72.99351501464844,1409500
2024-10-17,74.16000366210938,74.55000305175781,72.7300033569336,73.75,72.56060028076172,1198000
2024-10-18,73.79000091552734,74.2699966430664,73.36000061035156,73.7300033569336,72.54093170166016,831500
2024-10-21,73.76000213623047,74.29000091552734,73.69000244140625,74.18000030517578,72.98367309570312,763300
2024-10-22,73.93000030517578,74.44999694824219,73.19999694824219,74.08999633789062,72.8951187133789,704700
2024-10-23,73.93000030517578,74.33000183105469,73.38999938964844,73.47000122070312,72.28512573242188,691600
2024-10-24,73.02999877929688,73.80999755859375,71.9800033569336,72.0,70.83882141113281,1519300
2024-10-25,72.12000274658203,72.61000061035156,71.30999755859375,71.43000030517578,70.27801513671875,1372700
2024-10-28,71.47000122070312,74.31999969482422,71.36000061035156,74.19000244140625,72.99351501464844,1895500
2024-10-29,73.91999816894531,74.18000030517578,72.73999786376953,73.30999755859375,72.12770080566406,1175200
2024-10-30,72.94000244140625,74.22000122070312,72.44000244140625,74.18000030517578,72.98367309570312,1187200
2024-10-31,74.0,74.0,72.25,72.61000061035156,71.43899536132812,2188000
2024-11-01,72.54000091552734,73.80000305175781,72.5199966430664,73.04000091552734,71.862060546875,786300
2024-11-04,72.80000305175781,73.56999969482422,72.30999755859375,72.58999633789062,71.41930389404297,809800
2024-11-05,72.56999969482422,73.97000122070312,72.29000091552734,73.63999938964844,72.452392578125,754600
2024-11-06,74.72000122070312,76.44999694824219,74.56999969482422,76.33999633789062,75.10884857177734,1543600
2024-11-07,76.29000091552734,76.9800033569336,75.79000091552734,76.80000305175781,75.5614242553711,736600
2024-11-08,76.80000305175781,77.58999633789062,76.2699966430664,77.02999877929688,75.78771209716797,968900
2024-11-11,77.33999633789062,78.2300033569336,76.52999877929688,76.77999877929688,75.54174041748047,717100
2024-11-12,76.5999984741211,77.5199966430664,75.94999694824219,77.38999938964844,76.14190673828125,737000
2024-11-13,77.36000061035156,78.83999633789062,77.2699966430664,78.7300033569336,77.46028900146484,1039000
2024-11-14,78.86000061035156,82.5,78.7300033569336,81.33000183105469,80.01836395263672,2497900
2024-11-15,81.0,81.19999694824219,78.45999908447266,79.37000274658203,78.08997344970703,1560000
2024-11-18,79.1500015258789,79.70999908447266,77.83999633789062,78.36000061035156,77.09626007080078,2886200
2024-11-19,78.12999725341797,78.4000015258789,77.47000122070312,77.58999633789062,76.33867645263672,1039000
2024-11-20,77.66999816894531,77.69999694824219,76.13999938964844,77.19999694824219,75.95497131347656,1198500
2024-11-21,77.29000091552734,78.76000213623047,76.91000366210938,78.69000244140625,77.42094421386719,1145500
2024-11-22,78.61000061035156,79.16000366210938,78.11000061035156,78.58999633789062,77.32254028320312,936700
2024-11-25,78.75,79.2699966430664,77.55999755859375,77.81999969482422,76.56495666503906,3709900
2024-11-26,75.0,79.38999938964844,75.0,79.08999633789062,77.81449127197266,1986600
2024-11-27,79.0,82.86000061035156,78.68000030517578,82.47000122070312,81.13997650146484,1884400
2024-11-28,82.4000015258789,83.2300033569336,82.2300033569336,82.80000305175781,81.46466064453125,707200
2024-11-29,82.63999938964844,82.8499984741211,81.63999938964844,81.91000366210938,80.5890121459961,739700
2024-12-02,81.7699966430664,83.29000091552734,81.44000244140625,83.02999877929688,81.6909408569336,1075600
2024-12-03,82.52999877929688,83.7300033569336,82.19000244140625,83.02999877929688,81.6909408569336,1912800
2024-12-04,83.0,83.43000030517578,81.72000122070312,82.70999908447266,81.56768035888672,1037500
2024-12-05,82.47000122070312,83.29000091552734,81.43000030517578,81.55000305175781,80.42369079589844,925100
2024-12-06,81.62000274658203,82.4800033569336,81.0999984741211,81.37999725341797,80.25603485107422,781100
2024-12-09,81.5,82.18000030517578,81.29000091552734,81.5199966430664,80.39409637451172,1234600
2024-12-10,81.22000122070312,81.43000030517578,80.52999877929688,80.9800033569336,79.861572265625,1186100
2024-12-11,80.97000122070312,81.62000274658203,80.66000366210938,81.58000183105469,80.45327758789062,1189900
2024-12-12,80.98999786376953,81.06999969482422,79.63999938964844,80.48999786376953,79.37832641601562,1409900
2024-12-13,80.97000122070312,82.1500015258789,80.02999877929688,80.9000015258789,79.78266906738281,1090900
2024-12-16,80.6500015258789,80.93000030517578,79.83000183105469,80.3499984741211,79.24026489257812,1519700
2024-12-17,80.23999786376953,81.33999633789062,80.05000305175781,80.11000061035156,79.00358581542969,1132700
2024-12-18,81.5,81.5,79.2300033569336,79.94999694824219,78.84578704833984,1782000
2024-12-19,79.5199966430664,80.43000030517578,78.08000183105469,79.54000091552734,78.44144439697266,1575100
2024-12-20,80.01000213623047,81.55999755859375,79.55000305175781,80.79000091552734,79.67420196533203,4988800
2024-12-23,80.0999984741211,80.94000244140625,78.97000122070312,80.43000030517578,79.31916046142578,1113100
2024-12-24,80.58999633789062,80.58999633789062,79.18000030517578,80.58999633789062,79.4769515991211,313200
2024-12-27,80.20999908447266,80.47000122070312,79.4800033569336,80.13999938964844,79.03316497802734,1225400
2024-12-30,79.61000061035156,79.66999816894531,78.41999816894531,79.12999725341797,78.037109375,867100
2024-12-31,79.20999908447266,80.11000061035156,78.73999786376953,79.72000122070312,78.61897277832031,1290800
2025-01-02,80.02999877929688,80.08000183105469,78.51000213623047,79.05000305175781,77.95822143554688,940200
2025-01-03,79.22000122070312,79.41999816894531,78.19000244140625,78.55999755859375,77.4749755859375,1079800
2025-01-06,79.0,79.0,76.69000244140625,76.80999755859375,75.74915313720703,1145900
2025-01-07,76.83999633789062,77.0199966430664,75.7300033569336,75.88999938964844,74.84185791015625,1506600
2025-01-08,76.5,77.98999786376953,76.30000305175781,77.79000091552734,76.71561431884766,1473500
2025-01-09,77.44000244140625,78.0199966430664,77.16999816894531,77.97000122070312,76.89314270019531,404800
2025-01-10,77.5999984741211,77.80000305175781,76.0,76.54000091552734,75.4828872680664,965800
2025-01-13,75.5,76.41999816894531,75.22000122070312,75.25,74.21070861816406,1152800
2025-01-14,75.12999725341797,75.5999984741211,74.05999755859375,74.69000244140625,73.65843200683594,1011100
2025-01-15,75.16000366210938,76.0,74.63999938964844,75.27999877929688,74.24028778076172,1185200
2025-01-16,75.37999725341797,76.44999694824219,75.37999725341797,76.27999877929688,75.22647857666016,892500
2025-01-17,76.66999816894531,77.52999877929688,76.25,76.77999877929688,75.71956634521484,859400
2025-01-20,76.87999725341797,77.22000122070312,76.2699966430664,76.83000183105469,75.76888275146484,189600
2025-01-21,77.16999816894531,77.16999816894531,75.55999755859375,76.0,74.95034790039062,1184400
2025-01-22,76.0,76.69000244140625,75.38999938964844,76.31999969482422,75.26592254638672,860300
2025-01-23,76.29000091552734,77.12000274658203,76.29000091552734,76.75,75.68998718261719,1159300
2025-01-24,76.61000061035156,76.61000061035156,75.68000030517578,75.79000091552734,74.74324798583984,1100200
2025-01-27,75.5,76.3499984741211,75.31999969482422,75.69000244140625,74.6446304321289,1102700
2025-01-28,75.62000274658203,76.12000274658203,74.91999816894531,75.93000030517578,74.88130187988281,1345500
2025-01-29,76.05000305175781,76.48999786376953,75.7300033569336,76.02999877929688,74.97993469238281,715000
2025-01-30,76.05000305175781,77.73999786376953,75.9000015258789,77.41999816894531,76.3507308959961,1205900
2025-01-31,77.54000091552734,77.86000061035156,76.13999938964844,76.75,75.68998718261719,1456800
2025-02-03,74.37000274658203,76.19999694824219,74.37000274658203,75.20999908447266,74.17124938964844,1359400
2025-02-04,74.79000091552734,76.41000366210938,74.7300033569336,75.70999908447266,74.66434478759766,1079900
2025-02-05,75.95999908447266,76.26000213623047,74.9000015258789,75.5999984741211,74.55587005615234,1026000
2025-02-06,75.72000122070312,76.0,74.62999725341797,75.20999908447266,74.17124938964844,1024500
2025-02-07,75.27999877929688,75.55000305175781,74.20999908447266,74.5199966430664,73.49078369140625,1277800
2025-02-10,74.05000305175781,74.27999877929688,72.72000122070312,72.97000122070312,71.96219635009766,2058900
2025-02-11,72.98999786376953,73.0,72.2699966430664,72.48999786376953,71.48881530761719,1352600
2025-02-12,72.05000305175781,72.58000183105469,71.83000183105469,72.58000183105469,71.57758331298828,1457800
2025-02-13,72.80999755859375,74.54000091552734,72.6500015258789,73.55999755859375,72.5440444946289,1511600
2025-02-14,73.0999984741211,73.69000244140625,72.1500015258789,72.3499984741211,71.35075378417969,1195500
2025-02-18,72.06999969482422,72.44999694824219,71.31999969482422,72.01000213623047,71.01544952392578,1169800
2025-02-19,71.91999816894531,71.94999694824219,71.25,71.58999633789062,70.60124969482422,1374100
2025-02-20,71.58999633789062,71.5999984741211,70.69000244140625,71.04000091552734,70.05884552001953,1372600
2025-02-21,70.91999816894531,71.18000030517578,69.86000061035156,70.26000213623047,69.28962707519531,1449300
2025-02-24,70.26000213623047,71.47000122070312,70.05000305175781,71.16999816894531,70.18704223632812,1012100
2025-02-25,71.18000030517578,72.69999694824219,70.94000244140625,71.9800033569336,70.98587799072266,1088000
2025-02-26,71.94000244140625,71.97000122070312,70.30000305175781,70.5,69.52630615234375,1055300
2025-02-27,70.63999938964844,71.19000244140625,69.88999938964844,70.62999725341797,69.65451049804688,1097500
2025-02-28,71.83000183105469,71.97000122070312,70.63999938964844,71.93000030517578,70.93655395507812,3238700
2025-03-03,71.75,71.94000244140625,70.55000305175781,70.80999755859375,69.83202362060547,1146400
2025-03-04,70.1500015258789,71.16000366210938,69.52999877929688,70.63999938964844,69.66436767578125,1023100
2025-03-05,70.68000030517578,71.43000030517578,70.0,71.30999755859375,70.32511901855469,829600
2025-03-06,70.75,74.27999877929688,70.75,74.05999755859375,73.0371322631836,1872700
2025-03-07,73.61000061035156,73.80999755859375,72.41000366210938,72.75,71.74523162841797,1286200
2025-03-10,72.0,72.37999725341797,70.9000015258789,71.44999694824219,70.46318054199219,2288600
2025-03-11,71.0,71.19000244140625,69.2699966430664,69.58999633789062,68.62886810302734,1637500
2025-03-12,69.55999755859375,69.86000061035156,67.94000244140625,69.62000274658203,68.65846252441406,1903400
2025-03-13,69.44999694824219,69.45999908447266,68.11000061035156,68.1500015258789,67.2087631225586,1716100
2025-03-14,68.1500015258789,68.37999725341797,67.62999725341797,67.7699966430664,66.8340072631836,1945000
2025-03-17,67.5,68.66999816894531,67.5,67.98999786376953,67.05097198486328,1549200
2025-03-18,67.86000061035156,67.86000061035156,65.94999694824219,66.54000091552734,65.62100219726562,2271000
2025-03-19,68.0,71.3499984741211,67.01000213623047,70.73999786376953,69.76298522949219,2055500
2025-03-20,71.63999938964844,71.63999938964844,70.27999877929688,70.6500015258789,69.67423248291016,1655500
2025-03-21,70.5999984741211,71.45999908447266,70.2300033569336,70.37000274658203,69.39810180664062,2758000
2025-03-24,70.54000091552734,71.5,70.0,70.08000183105469,69.11210632324219,1376500
2025-03-25,69.76000213623047,70.75,69.70999908447266,70.25,69.2797622680664,1246700
2025-03-26,70.2300033569336,70.31999969482422,68.73999786376953,69.41000366210938,68.45136260986328,1327900
2025-03-27,69.22000122070312,70.41999816894531,69.1500015258789,70.38999938964844,69.6134033203125,1119700
2025-03-28,70.05999755859375,70.37999725341797,69.66999816894531,69.77999877929688,69.01012420654297,888500
2025-03-31,69.52999877929688,71.02999877929688,69.2699966430664,70.97000122070312,70.18700408935547,1505600
2025-04-01,70.73999786376953,72.05000305175781,70.44000244140625,71.44000244140625,70.65180969238281,903800
2025-04-02,71.26000213623047,72.9800033569336,70.79000091552734,72.95999908447266,72.15503692626953,1163500
2025-04-03,71.44000244140625,74.23999786376953,70.77999877929688,73.0199966430664,72.2143783569336,1676200
2025-04-04,71.83000183105469,72.1500015258789,70.11000061035156,70.16000366210938,69.38594055175781,1928900
2025-04-07,68.44000244140625,70.29000091552734,67.87999725341797,68.7300033569336,67.97171783447266,1848200
2025-04-08,69.86000061035156,70.20999908447266,68.25,69.0,68.23873901367188,2113100
2025-04-09,68.5,70.05000305175781,68.26000213623047,69.3499984741211,68.5848617553711,1807100
2025-04-10,69.0,69.23999786376953,67.80999755859375,68.77999877929688,68.02116394042969,1972000
2025-04-11,68.43000030517578,71.16000366210938,68.37999725341797,70.91000366210938,70.12767028808594,1145400
2025-04-14,71.4000015258789,71.47000122070312,69.7699966430664,70.37000274658203,69.59362030029297,1085600
2025-04-15,70.63999938964844,70.63999938964844,69.33999633789062,69.61000061035156,68.84200286865234,1141100
2025-04-16,69.75,70.54000091552734,69.13999938964844,70.37999725341797,69.60350799560547,1563800
2025-04-17,70.36000061035156,71.30999755859375,69.61000061035156,71.30000305175781,70.51335906982422,645900
2025-04-21,70.94999694824219,71.95999908447266,70.87999725341797,71.94999694824219,71.15618133544922,862700
2025-04-22,72.36000061035156,73.43000030517578,72.2300033569336,73.29000091552734,72.48139953613281,1017600
2025-04-23,73.70999908447266,74.37999725341797,73.08000183105469,73.1500015258789,72.34294128417969,970100
2025-04-24,73.06999969482422,73.08000183105469,71.52999877929688,72.2300033569336,71.43309783935547,918200
2025-04-25,72.2699966430664,72.72000122070312,71.91000366210938,72.41999816894531,71.6209945678711,592400
2025-04-28,72.37999725341797,73.72000122070312,72.3499984741211,72.9000015258789,72.095703125,860900
2025-04-29,72.75,73.56999969482422,72.30999755859375,72.45999908447266,71.66056060791016,665300
2025-04-30,72.37000274658203,72.37000274658203,71.38999938964844,71.95999908447266,71.16607666015625,1553400
2025-05-01,71.95999908447266,71.95999908447266,69.37000274658203,69.68000030517578,68.9112319946289,1405400
2025-05-02,70.12000274658203,71.43000030517578,69.94999694824219,71.43000030517578,70.64192199707031,1029300
2025-05-05,71.36000061035156,71.87999725341797,70.38999938964844,71.08000183105469,70.2957763671875,661400
2025-05-06,70.66000366210938,71.41000366210938,70.5,70.77999877929688,69.99909973144531,850400
2025-05-07,70.81999969482422,71.02999877929688,70.05999755859375,70.55999755859375,69.78152465820312,1090500
2025-05-08,70.75,71.1500015258789,69.55000305175781,69.62000274658203,68.85189819335938,2634400
2025-05-09,69.80999755859375,70.30000305175781,69.2300033569336,70.0,69.22769165039062,1226600
2025-05-12,70.55000305175781,70.5999984741211,68.97000122070312,69.51000213623047,68.74311065673828,1621300
2025-05-13,69.5,70.08000183105469,68.61000061035156,69.01000213623047,68.24861907958984,1075000
2025-05-14,68.9800033569336,69.0,67.63999938964844,68.3499984741211,67.59590148925781,898200
2025-05-15,68.0,69.62000274658203,67.94000244140625,69.5999984741211,68.83211517333984,1402600
2025-05-16,69.55000305175781,69.5999984741211,68.72000122070312,69.04000091552734,68.27828979492188,856100
2025-05-20,68.97000122070312,69.9000015258789,68.7300033569336,69.69999694824219,68.9310073852539,1046700
2025-05-21,69.08000183105469,69.33999633789062,68.41000366210938,68.51000213623047,67.75414276123047,1272700
2025-05-22,68.5,68.56999969482422,67.8499984741211,67.91000366210938,67.1607666015625,926900
2025-05-23,67.80999755859375,69.04000091552734,67.62999725341797,68.80000305175781,68.04093933105469,1607300
2025-05-26,69.05999755859375,69.72000122070312,68.75,69.37999725341797,68.61454010009766,399800
2025-05-27,69.79000091552734,73.05999755859375,69.69999694824219,72.75,71.94735717773438,1833600
2025-05-28,72.58999633789062,73.2300033569336,72.19999694824219,72.95999908447266,72.15503692626953,1490500
2025-05-29,73.05999755859375,73.5199966430664,71.56999969482422,71.5999984741211,70.81004333496094,1020200
2025-05-30,71.58999633789062,72.86000061035156,70.87999725341797,71.1500015258789,70.3650131225586,2914000
2025-06-02,71.01000213623047,73.5,70.19999694824219,73.18000030517578,72.37261962890625,1547500
2025-06-03,73.16000366210938,73.30000305175781,71.61000061035156,72.66999816894531,71.86824035644531,1163700
2025-06-04,72.63999938964844,73.31999969482422,72.37999725341797,72.9800033569336,72.1748275756836,786600
2025-06-05,73.05000305175781,73.30000305175781,72.16999816894531,72.38999938964844,71.59133911132812,740700
2025-06-06,72.70999908447266,73.19999694824219,72.0199966430664,72.13999938964844,71.34408569335938,705400
2025-06-09,72.0199966430664,72.44000244140625,71.4000015258789,71.7699966430664,70.9781723022461,756500
2025-06-10,71.75,74.80999755859375,71.69000244140625,74.31999969482422,73.50003814697266,1249300
2025-06-11,74.26000213623047,74.69999694824219,72.62999725341797,72.66999816894531,71.86824035644531,1226500
2025-06-12,72.73999786376953,74.02999877929688,72.3499984741211,73.69000244140625,72.87699127197266,1080600
2025-06-13,73.30999755859375,74.18000030517578,72.86000061035156,73.12000274658203,72.31327819824219,906600
2025-06-16,73.25,73.83000183105469,72.41000366210938,72.68000030517578,71.87812805175781,1327400
2025-06-17,72.5,72.94999694824219,71.86000061035156,72.01000213623047,71.21552276611328,921500
2025-06-18,72.05999755859375,72.3499984741211,71.26000213623047,71.37000274658203,70.58258819580078,1354800
2025-06-19,71.0999984741211,71.61000061035156,70.70999908447266,70.87000274658203,70.0881118774414,546800
2025-06-20,71.38999938964844,71.38999938964844,69.33999633789062,70.02999877929688,69.25736999511719,3086900
2025-06-23,70.01000213623047,71.13999938964844,70.01000213623047,70.29000091552734,69.5145034790039,958200
2025-06-24,70.11000061035156,70.87000274658203,69.9800033569336,70.81999969482422,70.03865051269531,1620300
2025-06-25,70.72000122070312,70.77999877929688,68.73999786376953,68.80999755859375,68.05082702636719,1563200
2025-06-26,69.0,69.69999694824219,68.0999984741211,68.9000015258789,68.13983917236328,1986800
2025-06-27,68.79000091552734,68.80000305175781,67.16999816894531,67.63999938964844,66.89373016357422,3414000
2025-06-30,67.55000305175781,68.0,66.93000030517578,67.69000244140625,66.94318389892578,1387000
2025-07-02,67.86000061035156,68.54000091552734,67.20999908447266,68.4800033569336,67.72447204589844,2958000
2025-07-03,68.68000030517578,69.16000366210938,68.41000366210938,68.95999908447266,68.19917297363281,768700
2025-07-04,68.66000366210938,69.7300033569336,68.55000305175781,69.12999725341797,68.36729431152344,493100
2025-07-07,68.9800033569336,70.16999816894531,68.75,69.0999984741211,68.53094482421875,1152700
2025-07-08,69.12000274658203,69.41999816894531,68.77999877929688,69.0999984741211,68.53094482421875,1273400
2025-07-09,69.06999969482422,69.5,68.68000030517578,69.41000366210938,68.83839416503906,815900
2025-07-10,69.37999725341797,70.44000244140625,69.27999877929688,69.66000366210938,69.0863265991211,1531000
2025-07-11,69.02999877929688,69.51000213623047,68.37999725341797,68.62999725341797,68.06480407714844,1292500
2025-07-14,68.72000122070312,69.2300033569336,67.91999816894531,68.9000015258789,68.33258819580078,1432300
2025-07-15,68.81999969482422,68.94999694824219,67.9000015258789,68.0999984741211,67.53916931152344,974200
2025-07-16,68.41999816894531,68.41999816894531,67.91999816894531,68.31999969482422,67.75736236572266,817500
2025-07-17,79.26000213623047,80.95999908447266,72.44999694824219,74.0,73.39059448242188,6754700
2025-07-18,74.41000366210938,75.5,73.91000366210938,75.43000030517578,74.80880737304688,3618500
2025-07-21,75.88999938964844,78.11000061035156,75.87999725341797,76.66999816894531,76.03860473632812,3401900
2025-07-22,76.6500015258789,77.66000366210938,76.55999755859375,76.80999755859375,76.17744445800781,1743700
2025-07-23,76.8499984741211,77.68000030517578,76.11000061035156,76.2699966430664,75.64189147949219,1846600
2025-07-24,76.19999694824219,76.69999694824219,74.68000030517578,74.87999725341797,74.26333618164062,1802700
2025-07-25,75.0199966430664,75.08999633789062,74.19999694824219,74.33000183105469,73.71786499023438,1310000
2025-07-28,74.04000091552734,74.05000305175781,73.16999816894531,73.48999786376953,72.8847885131836,1401700
2025-07-29,73.69000244140625,73.69000244140625,72.62999725341797,72.68000030517578,72.08145904541016,1890300
2025-07-30,72.58999633789062,73.27999877929688,71.93000030517578,73.12999725341797,72.52774047851562,1702500
2025-07-31,72.66999816894531,73.80000305175781,71.80999755859375,72.0,71.40705871582031,1802400
2025-08-01,71.68000030517578,71.68000030517578,70.02999877929688,70.18000030517578,69.60205078125,1447100
2025-08-05,70.63999938964844,71.47000122070312,70.2699966430664,71.02999877929688,70.4450454711914,2421700
2025-08-06,71.0,71.56999969482422,70.25,70.79000091552734,70.20702362060547,1344500
2025-08-07,70.6500015258789,71.0,69.88999938964844,70.26000213623047,69.68138885498047,1082900
2025-08-08,70.5199966430664,70.8499984741211,69.94999694824219,69.98999786376953,69.41361236572266,592900
2025-08-11,69.80000305175781,70.48999786376953,69.80000305175781,69.94000244140625,69.36402893066406,1330100
2025-08-12,70.0,70.19000244140625,68.55999755859375,69.66000366210938,69.0863265991211,1624700
2025-08-13,69.76000213623047,70.43000030517578,69.58000183105469,70.08999633789062,69.51278686523438,1273800
2025-08-14,69.91000366210938,70.08999633789062,69.02999877929688,69.29000091552734,68.71937561035156,1064800
2025-08-15,69.29000091552734,70.11000061035156,69.25,70.0199966430664,69.44336700439453,1224900
2025-08-18,70.0,70.75,69.93000030517578,70.69999694824219,70.11775970458984,1007500
2025-08-19,69.9800033569336,70.75,69.91999816894531,70.33000183105469,69.75081634521484,1145000
2025-08-20,70.36000061035156,70.55000305175781,70.05999755859375,70.2300033569336,69.6516342163086,804800
2025-08-21,70.2300033569336,70.5199966430664,69.93000030517578,70.30999755859375,69.73097229003906,906800
2025-08-22,70.37999725341797,71.0199966430664,69.69999694824219,69.69999694824219,69.12599182128906,1281000
2025-08-25,69.52999877929688,70.0,69.05000305175781,69.5999984741211,69.02682495117188,981000
2025-08-26,69.47000122070312,69.73999786376953,68.47000122070312,68.83999633789062,68.27307891845703,2480300
2025-08-27,68.91999816894531,69.9000015258789,68.88999938964844,69.80000305175781,69.22518157958984,1543500
2025-08-28,69.31999969482422,69.62000274658203,68.55000305175781,68.81999969482422,68.25325012207031,1356900
2025-08-29,68.9800033569336,69.8499984741211,68.77999877929688,69.61000061035156,69.03673553466797,1274500
2025-09-02,69.43000030517578,69.80999755859375,68.80000305175781,69.23999786376953,68.66978454589844,1453900
2025-09-03,70.75,74.56999969482422,70.69999694824219,73.58000183105469,72.97405242919922,2760800
2025-09-04,73.91000366210938,74.83999633789062,73.80000305175781,74.11000061035156,73.49967956542969,1871500
2025-09-05,74.1500015258789,76.30999755859375,74.1500015258789,76.23999786376953,75.61213684082031,2467700
2025-09-08,76.13999938964844,76.16999816894531,74.0999984741211,74.33000183105469,73.71786499023438,1848500
2025-09-09,74.16000366210938,74.25,73.41000366210938,73.97000122070312,73.36083221435547,1331400
2025-09-10,73.7300033569336,74.25,73.20999908447266,74.0,73.39059448242188,1877900
2025-09-11,73.80999755859375,74.11000061035156,73.37000274658203,73.91000366210938,73.49500274658203,1557900
2025-09-12,72.9800033569336,73.83000183105469,72.81999969482422,73.63999938964844,73.22651672363281,842100
2025-09-15,73.62999725341797,73.72000122070312,72.61000061035156,73.20999908447266,72.7989273071289,2067800
2025-09-16,73.2300033569336,73.55999755859375,72.37999725341797,72.81999969482422,72.41111755371094,2855200
2025-09-17,72.83000183105469,73.12999725341797,72.12999725341797,72.19999694824219,71.79460144042969,1599400
2025-09-18,72.23999786376953,72.3499984741211,71.7300033569336,71.80000305175781,71.3968505859375,1406800
2025-09-19,74.5,74.5,72.0999984741211,73.62000274658203,73.20662689208984,5212900
2025-09-22,73.19999694824219,73.33000183105469,72.55000305175781,72.55999755859375,72.15258026123047,1431300
2025-09-23,72.66000366210938,73.9000015258789,72.5,73.61000061035156,73.1966781616211,1569200
2025-09-24,73.83999633789062,74.62999725341797,73.19000244140625,74.30000305175781,73.8828125,1414200
2025-09-25,73.93000030517578,74.54000091552734,73.3499984741211,73.38999938964844,72.97791290283203,1454200
2025-09-26,73.51000213623047,73.55999755859375,72.54000091552734,72.63999938964844,72.23212432861328,1359000
2025-09-29,72.94000244140625,74.02999877929688,72.7699966430664,73.75,73.33589172363281,1438200
2025-09-30,73.72000122070312,74.2699966430664,73.56999969482422,74.25,73.83309173583984,1119500
2025-10-01,74.25,74.68000030517578,74.01000213623047,74.6500015258789,74.23085021972656,907900
2025-10-02,74.45999908447266,74.62000274658203,74.04000091552734,74.27999877929688,73.8629150390625,1145600
2025-10-03,74.22000122070312,75.55999755859375,74.19999694824219,74.79000091552734,74.37005615234375,1227600
2025-10-06,74.91999816894531,74.91999816894531,73.2300033569336,73.2699966430664,72.85858917236328,814800
2025-10-07,73.43000030517578,73.44000244140625,72.16000366210938,73.0999984741211,72.68954467773438,890200
2025-10-08,73.36000061035156,73.36000061035156,72.56999969482422,72.72000122070312,72.31167602539062,989000
2025-10-09,72.73999786376953,72.91000366210938,72.01000213623047,72.66999816894531,72.26195526123047,1081300
2025-10-10,73.11000061035156,73.25,72.62999725341797,73.12999725341797,72.71936798095703,684900
2025-10-14,73.06999969482422,73.94000244140625,72.52999877929688,73.08999633789062,72.67960357666016,1880200
2025-10-15,73.33999633789062,73.91000366210938,72.86000061035156,73.4000015258789,72.98786163330078,1283000
2025-10-16,73.30999755859375,73.4000015258789,72.48999786376953,73.3499984741211,72.93814086914062,965800
2025-10-17,72.95999908447266,75.16999816894531,72.91999816894531,74.94999694824219,74.5291519165039,1100200
2025-10-20,75.05999755859375,75.30000305175781,73.76000213623047,74.45999908447266,74.04190826416016,719600
2025-10-21,74.30000305175781,74.5999984741211,73.70999908447266,73.80999755859375,73.39556121826172,673300
2025-10-22,74.08000183105469,74.19000244140625,73.37999725341797,73.9000015258789,73.48505401611328,784100
2025-10-23,73.81999969482422,73.94000244140625,72.7699966430664,72.80000305175781,72.3912353515625,1044000
2025-10-24,72.80000305175781,74.75,72.75,74.47000122070312,74.0518569946289,1366500
2025-10-27,74.38999938964844,75.29000091552734,73.6500015258789,74.06999969482422,73.65410614013672,1082100
2025-10-28,73.87000274658203,74.19000244140625,73.12000274658203,73.51000213623047,73.09724426269531,930200
2025-10-29,73.26000213623047,73.2699966430664,69.69000244140625,69.94000244140625,69.54729461669922,2466900
2025-10-30,70.19999694824219,70.9000015258789,69.88999938964844,70.69999694824219,70.30301666259766,1222900
2025-10-31,70.69000244140625,71.30999755859375,70.12999725341797,71.27999877929688,70.87976837158203,1207500
2025-11-03,71.05000305175781,71.05999755859375,69.19999694824219,69.61000061035156,69.2191390991211,1651200
2025-11-04,69.02999877929688,69.5999984741211,68.6500015258789,68.80000305175781,68.41368865966797,1403800
2025-11-05,68.69999694824219,70.4000015258789,68.54000091552734,70.23999786376953,69.84559631347656,1424200
2025-11-06,70.04000091552734,70.25,69.45999908447266,69.75,69.35835266113281,1408500
2025-11-07,69.54000091552734,69.54000091552734,68.30000305175781,68.51000213623047,68.12532043457031,1611000
2025-11-10,68.55000305175781,69.93000030517578,68.51000213623047,69.7699966430664,69.37824249267578,1400300
2025-11-11,69.70999908447266,70.43000030517578,69.4800033569336,70.4000015258789,70.00470733642578,1196800
2025-11-12,70.48999786376953,71.66000366210938,70.11000061035156,71.22000122070312,70.82010650634766,1423800
2025-11-13,71.08999633789062,71.08999633789062,70.0199966430664,70.19999694824219,69.80583190917969,1224900
2025-11-14,70.0,70.41999816894531,69.55999755859375,70.30000305175781,69.9052734375,2061200
2025-11-17,69.91000366210938,70.18000030517578,69.31999969482422,70.05000305175781,69.65666961669922,2597500
2025-11-18,69.83000183105469,70.16999816894531,69.45999908447266,69.51000213623047,69.11970520019531,1877000
2025-11-19,69.41000366210938,69.41999816894531,68.55999755859375,69.19000244140625,68.80150604248047,1862000
2025-11-20,69.47000122070312,70.05000305175781,68.87999725341797,70.01000213623047,69.61689758300781,1119900
2025-11-21,69.94999694824219,72.04000091552734,69.55999755859375,72.0199966430664,71.6156005859375,1866700
2025-11-24,72.0199966430664,72.47000122070312,70.83000183105469,70.93000030517578,70.53173065185547,2852500
2025-11-25,73.52999877929688,75.08999633789062,72.94999694824219,74.41000366210938,73.99219512939453,2630600
2025-11-26,74.69000244140625,76.5,74.16000366210938,75.7300033569336,75.3047866821289,1891800
2025-11-27,75.54000091552734,76.7699966430664,75.5,76.4000015258789,75.97101593017578,1508500
2025-11-28,76.25,76.79000091552734,75.77999877929688,76.33000183105469,75.90140533447266,2032800
2025-12-01,76.0999984741211,76.44000244140625,75.12999725341797,75.37999725341797,74.95674133300781,1386500
2025-12-02,75.6500015258789,75.6500015258789,73.73999786376953,74.44000244140625,74.02202606201172,1146000
2025-12-03,74.29000091552734,74.58999633789062,72.97000122070312,73.20999908447266,73.00979614257812,1045700
2025-12-04,73.33999633789062,74.58999633789062,73.30000305175781,74.48999786376953,74.28629302978516,1403900
2025-12-05,74.41000366210938,74.63999938964844,73.22000122070312,74.16999816894531,73.96717071533203,922300
2025-12-08,73.87999725341797,74.08999633789062,72.66000366210938,72.9000015258789,72.70064544677734,1162500
2025-12-09,72.70999908447266,73.19999694824219,72.0199966430664,72.11000061035156,71.91280364990234,1006200
2025-12-10,72.08999633789062,72.4800033569336,71.61000061035156,71.70999908447266,71.5138931274414,1055000
2025-12-11,71.83000183105469,72.63999938964844,71.83000183105469,72.3499984741211,72.15214538574219,1304200
2025-12-12,72.3499984741211,72.45999908447266,71.6500015258789,72.23999786376953,72.04244232177734,1069700
2025-12-15,72.36000061035156,73.36000061035156,72.16000366210938,73.08000183105469,72.8801498413086,917000
2025-12-16,73.08000183105469,73.75,72.5,72.7699966430664,72.57099914550781,1352800
2025-12-17,73.02999877929688,73.02999877929688,71.9000015258789,72.48999786376953,72.29176330566406,1611000
2025-12-18,72.62999725341797,74.51000213623047,72.51000213623047,74.25,74.04695129394531,1536500
2025-12-19,74.56999969482422,75.08000183105469,73.8499984741211,74.1500015258789,73.94722747802734,4774900
2025-12-22,73.7300033569336,74.66000366210938,73.22000122070312,74.43000030517578,74.22645568847656,918700
2025-12-23,74.43000030517578,74.7699966430664,74.0,74.38999938964844,74.18656921386719,1556200
2025-12-24,74.26000213623047,74.5999984741211,74.04000091552734,74.04000091552734,73.8375244140625,372400
2025-12-29,73.61000061035156,74.87999725341797,73.61000061035156,74.4000015258789,74.19654083251953,1502500
2025-12-30,74.44000244140625,75.29000091552734,74.30999755859375,74.69999694824219,74.49571990966797,1011200
2025-12-31,74.58999633789062,75.25,74.58999633789062,74.95999908447266,74.75501251220703,751100
2026-01-02,75.2300033569336,75.9000015258789,74.33000183105469,75.55000305175781,75.34339904785156,970800
2026-01-05,75.37000274658203,75.75,74.41000366210938,74.69999694824219,74.49571990966797,1472500
2026-01-06,74.62999725341797,75.18000030517578,73.55999755859375,73.80999755859375,73.608154296875,1188300
2026-01-07,73.66000366210938,75.0999984741211,73.66000366210938,74.20999908447266,74.0070571899414,1383000
2026-01-08,74.19000244140625,75.80000305175781,74.19000244140625,75.48999786376953,75.28356170654297,2223800
2026-01-09,75.4000015258789,75.7300033569336,74.58999633789062,74.80000305175781,74.59545135498047,771200
2026-01-12,74.76000213623047,75.5,74.22000122070312,75.20999908447266,75.00432586669922,1060500
2026-01-13,75.19999694824219,75.3499984741211,73.5,73.91999816894531,73.71784973144531,1362500
2026-01-14,73.97000122070312,74.5,73.62000274658203,73.9000015258789,73.69790649414062,1447500
2026-01-15,73.86000061035156,74.1500015258789,72.94999694824219,73.33000183105469,73.12947082519531,1197100
2026-01-16,73.08000183105469,73.94000244140625,72.87999725341797,73.80000305175781,73.59818267822266,1264400
2026-01-19,73.54000091552734,74.01000213623047,73.3499984741211,73.81999969482422,73.61812591552734,299200
2026-01-20,73.55999755859375,73.69999694824219,72.98999786376953,73.4000015258789,73.19927978515625,1024600
2026-01-21,73.5,75.83000183105469,73.20999908447266,75.69000244140625,75.48301696777344,1460500
2026-01-22,75.7699966430664,78.08000183105469,75.20999908447266,77.55999755859375,77.347900390625,1980800
2026-01-23,77.5,77.5999984741211,75.91000366210938,76.87000274658203,76.6597900390625,1230000
2026-01-26,77.11000061035156,77.11000061035156,74.94999694824219,75.47000122070312,75.26361846923828,1682600
2026-01-27,74.91000366210938,75.25,73.33000183105469,73.68000030517578,73.47850799560547,1138600
2026-01-28,73.41000366210938,74.0,71.55000305175781,71.56999969482422,71.37428283691406,1865700
2026-01-29,71.56999969482422,72.0,70.4800033569336,71.51000213623047,71.31444549560547,1447600
2026-01-30,71.47000122070312,71.5999984741211,70.48999786376953,70.83999633789062,70.64627075195312,2183500
2026-02-02,70.6500015258789,74.58000183105469,70.5999984741211,73.94000244140625,73.73780059814453,2037000
2026-02-03,73.68000030517578,75.83999633789062,72.7699966430664,75.73999786376953,75.53287506103516,1906000
2026-02-04,76.12000274658203,79.77999877929688,75.86000061035156,79.33999633789062,79.12303161621094,3007100
2026-02-05,78.94999694824219,80.44000244140625,77.72000122070312,78.06999969482422,77.85650634765625,3397200
2026-02-06,78.4800033569336,79.0,78.02999877929688,78.73999786376953,78.52467346191406,1272800
2026-02-09,78.91000366210938,79.48999786376953,78.33000183105469,79.47000122070312,79.25267791748047,2132100
2026-02-10,79.37999725341797,82.11000061035156,79.33999633789062,80.0,79.7812271118164,3920900
2026-02-11,80.11000061035156,83.8499984741211,80.0,82.51000213623047,82.28436279296875,3417700
2026-02-12,82.81999969482422,84.0199966430664,82.05000305175781,82.94999694824219,82.72315979003906,1963600
2026-02-13,83.0,83.91000366210938,82.77999877929688,83.86000061035156,83.63066864013672,1191400
2026-02-17,83.81999969482422,84.80999755859375,83.11000061035156,83.54000091552734,83.3115463256836,1702600
2026-02-18,83.44999694824219,83.73999786376953,82.31999969482422,83.47000122070312,83.24173736572266,1212600
2026-02-19,83.30000305175781,84.61000061035156,82.69000244140625,84.13999938964844,83.90990447998047,1189100
2026-02-20,84.06999969482422,84.37999725341797,83.36000061035156,83.80000305175781,83.57083892822266,1360100
2026-02-23,83.63999938964844,85.29000091552734,83.22000122070312,85.26000213623047,85.02684783935547,1124500
2026-02-24,85.58999633789062,85.58999633789062,83.83999633789062,84.36000061035156,84.12930297851562,1388300
2026-02-25,83.93000030517578,84.44999694824219,83.1500015258789,83.69999694824219,83.47110748291016,909600
2026-02-26,83.72000122070312,83.72000122070312,82.43000030517578,82.80000305175781,82.57357025146484,1071600
2026-02-27,82.3499984741211,84.5,82.3499984741211,82.77999877929688,82.55362701416016,3428700
2026-03-02,82.31999969482422,83.08999633789062,81.5199966430664,82.26000213623047,82.03504943847656,1509000
2026-03-03,81.27999877929688,81.94999694824219,79.86000061035156,81.6500015258789,81.42671966552734,2104700
2026-03-04,81.44000244140625,82.9800033569336,80.97000122070312,82.7699966430664,82.54364776611328,1409600
2026-03-05,82.29000091552734,83.80999755859375,81.98999786376953,83.58999633789062,83.36140441894531,1549700
2026-03-06,82.76000213623047,83.16000366210938,79.94999694824219,80.76000213623047,80.53915405273438,2032900
2026-03-09,80.16000366210938,81.05000305175781,79.5,80.87999725341797,80.65882110595703,2042700
2026-03-10,80.9000015258789,82.61000061035156,80.55000305175781,82.30000305175781,82.07494354248047,1147900
2026-03-11,82.0199966430664,82.58000183105469,80.70999908447266,80.80000305175781,80.57904052734375,1533300
2026-03-12,80.56999969482422,81.80000305175781,80.0999984741211,81.5999984741211,81.3768539428711,1194800
2026-03-13,81.75,82.6500015258789,81.5199966430664,82.62000274658203,82.3940658569336,936700
2026-03-16,82.88999938964844,84.36000061035156,82.75,84.25,84.01960754394531,1177900
2026-03-17,84.58000183105469,84.66999816894531,82.94999694824219,82.95999908447266,82.7331314086914,1146500
2026-03-18,81.29000091552734,82.0,77.56999969482422,78.69000244140625,78.47481536865234,2040200
2026-03-19,78.0,78.38999938964844,75.94999694824219,76.52999877929688,76.32071685791016,1406500
2026-03-20,76.48999786376953,77.97000122070312,75.80999755859375,76.16999816894531,75.96170043945312,4270500
2026-03-23,76.91000366210938,79.33000183105469,76.91000366210938,78.95999908447266,78.74407196044922,1618300
2026-03-24,78.48999786376953,79.08000183105469,77.73999786376953,77.97000122070312,77.75678253173828,1059600
2026-03-25,78.8499984741211,78.94999694824219,77.63999938964844,78.62000274658203,78.4050064086914,1068000
2026-03-26,78.20999908447266,79.43000030517578,77.97000122070312,78.19999694824219,78.19999694824219,744900
2026-03-27,77.73999786376953,78.06999969482422,77.08999633789062,77.62000274658203,77.62000274658203,635000
2026-03-30,77.86000061035156,78.98999786376953,77.23999786376953,77.47000122070312,77.47000122070312,1026400
2026-03-31,77.97000122070312,79.29000091552734,77.41000366210938,78.8499984741211,78.8499984741211,1335900
2026-04-01,79.69999694824219,79.69999694824219,78.0,78.63999938964844,78.63999938964844,1654200
2026-04-02,78.47000122070312,78.79000091552734,77.44999694824219,78.30000305175781,78.30000305175781,858500
2026-04-06,78.3499984741211,79.55000305175781,78.0,79.36000061035156,79.36000061035156,593400
2026-04-07,79.01000213623047,79.01000213623047,77.62999725341797,78.68000030517578,78.68000030517578,834300
2026-04-08,79.80000305175781,81.80999755859375,79.80000305175781,80.62000274658203,80.62000274658203,1628200
2026-04-09,80.2699966430664,80.37000274658203,78.12000274658203,78.31999969482422,78.31999969482422,1220800
2026-04-10,78.68000030517578,79.5199966430664,77.5199966430664,77.83000183105469,77.83000183105469,882000
2026-04-13,77.47000122070312,77.5,76.08000183105469,76.43000030517578,76.43000030517578,1374700
2026-04-14,76.33000183105469,77.4000015258789,76.19999694824219,77.37000274658203,77.37000274658203,1108100
