Date,Open,High,Low,Close,Adj Close,Volume
2021-01-04,257.3500061035156,267.7699890136719,252.8000030517578,254.5,253.8367156982422,68541911
2021-01-05,255.6999969482422,272.5,255.5500030517578,272.5,271.78973388671875,51679499
2021-01-06,280.0,291.0,275.70001220703125,289.79998779296875,289.044677734375,86834204
2021-01-07,293.25,297.3500061035156,249.75,295.0,294.2311096191406,128597618
2021-01-08,296.75,299.29998779296875,293.0899963378906,298.70001220703125,297.9214782714844,78224628
2021-01-11,297.20001220703125,299.6499938964844,292.5,298.79998779296875,298.02130126953125,37867052
2021-01-12,301.95001220703125,309.1000061035156,299.25,305.0,304.2051086425781,54675065
2021-01-13,307.95001220703125,311.95001220703125,302.5,303.8999938964844,303.1080017089844,51923962
2021-01-14,303.25,310.79998779296875,302.6499938964844,309.25,308.4440612792969,48245526
2021-01-15,309.8999938964844,311.1499938964844,296.6000061035156,302.45001220703125,301.6617736816406,44676583
2021-01-18,298.20001220703125,301.0,295.5,300.3500061035156,299.5671691894531,47700699
2021-01-19,302.1499938964844,304.29998779296875,299.29998779296875,301.25,300.4649353027344,29146696
2021-01-20,300.6499938964844,303.3500061035156,299.1700134277344,302.8500061035156,302.0606384277344,37313657
2021-01-21,302.54998779296875,303.1499938964844,292.54998779296875,293.3500061035156,292.5854797363281,42797551
2021-01-22,288.79998779296875,291.1499938964844,283.6000061035156,290.0,289.2442321777344,57008357
2021-01-25,291.0,291.29998779296875,278.29998779296875,280.6499938964844,279.9185485839844,66487011
2021-01-26,279.8500061035156,288.25,278.7950134277344,282.3500061035156,281.61419677734375,43495648
2021-01-27,279.20001220703125,282.70001220703125,273.95001220703125,282.3500061035156,281.61419677734375,56403948
2021-01-28,275.54998779296875,282.3999938964844,271.79998779296875,276.5,275.7793884277344,50159927
2021-01-29,272.8500061035156,278.3999938964844,271.5,271.5,270.7923889160156,37482798
2021-02-01,274.25,276.29998779296875,266.45001220703125,267.1000061035156,266.4039306640625,63605096
2021-02-02,260.54998779296875,263.8999938964844,250.35000610351562,255.0,254.33543395996094,127749256
2021-02-03,255.0,258.8999938964844,251.0500030517578,258.29998779296875,257.6268310546875,72784840
2021-02-04,259.1499938964844,261.79998779296875,253.64999389648438,254.9499969482422,254.2855224609375,69690819
2021-02-05,255.5500030517578,258.6830139160156,250.5,252.0500030517578,251.39312744140625,91285362
2021-02-08,253.3000030517578,263.8999938964844,252.10000610351562,261.95001220703125,261.26727294921875,77358530
2021-02-09,265.5,268.1000061035156,257.28900146484375,259.70001220703125,259.0232238769531,65410333
2021-02-10,262.54998779296875,263.45001220703125,254.0,259.1000061035156,258.42474365234375,71473243
2021-02-11,259.3999938964844,260.5,255.25,257.79998779296875,257.12811279296875,64183771
2021-02-12,256.8500061035156,262.04998779296875,254.75,261.79998779296875,261.11767578125,36714525
2021-02-15,266.04998779296875,279.45001220703125,261.79998779296875,278.8999938964844,278.173095703125,102213508
2021-02-16,281.0,284.54998779296875,275.29998779296875,278.20001220703125,277.4749450683594,94624303
2021-02-17,280.5,287.6000061035156,275.97698974609375,280.6000061035156,279.8686828613281,69601073
2021-02-18,280.29998779296875,281.3909912109375,268.5,269.3999938964844,268.73394775390625,59756797
2021-02-19,265.3999938964844,273.54998779296875,263.8999938964844,272.3500061035156,271.67669677734375,84957417
2021-02-22,273.1000061035156,281.95001220703125,268.70001220703125,279.95001220703125,279.2579040527344,76247048
2021-02-23,287.25,291.45001220703125,276.8500061035156,283.5,282.799072265625,113795489
2021-02-24,284.0,299.3999938964844,282.3890075683594,298.79998779296875,298.061279296875,93109121
2021-02-25,300.1000061035156,308.79998779296875,300.1000061035156,304.54998779296875,303.79705810546875,81321149
2021-02-26,300.0,300.8500061035156,289.04998779296875,291.75,291.0286560058594,85542566
2021-03-01,298.1000061035156,299.95001220703125,294.0,297.54998779296875,296.8143615722656,42542178
2021-03-02,291.79998779296875,299.25,289.70001220703125,296.6000061035156,295.8666687011719,42466979
2021-03-03,299.75,304.8999938964844,296.29998779296875,304.8999938964844,304.14617919921875,52751425
2021-03-04,305.0,314.45001220703125,300.0870056152344,313.1000061035156,312.325927734375,59360830
2021-03-05,313.1000061035156,326.45001220703125,311.6910095214844,318.79998779296875,318.01177978515625,79113852
2021-03-08,323.0,324.5610046386719,312.5,318.6499938964844,317.8622131347656,54714912
2021-03-09,319.45001220703125,323.8500061035156,311.1499938964844,315.25,314.4705505371094,48901741
2021-03-10,311.0,318.6499938964844,309.8999938964844,315.0,314.2212219238281,45089517
2021-03-11,319.1499938964844,321.3500061035156,313.04998779296875,319.6499938964844,318.8597106933594,39594966
2021-03-12,318.0,324.1000061035156,317.6499938964844,323.45001220703125,322.6503601074219,29485852
2021-03-15,323.3999938964844,324.95001220703125,314.29998779296875,316.1499938964844,315.3683776855469,36594480
2021-03-16,316.29998779296875,317.39801025390625,307.75,311.25,310.48046875,54169289
2021-03-17,309.95001220703125,315.6000061035156,309.1499938964844,313.79998779296875,313.02423095703125,69755338
2021-03-18,316.3500061035156,317.1000061035156,309.95001220703125,311.95001220703125,311.17877197265625,39066697
2021-03-19,304.54998779296875,309.79998779296875,300.6499938964844,306.70001220703125,305.94171142578125,129349678
2021-03-22,303.0,307.79998779296875,301.4960021972656,307.25,306.4903564453125,64448673
2021-03-23,302.45001220703125,303.04998779296875,294.1499938964844,295.75,295.018798828125,93977665
2021-03-24,292.70001220703125,302.6499938964844,291.6059875488281,301.54998779296875,300.804443359375,55064907
2021-03-25,300.20001220703125,300.3500061035156,289.70001220703125,293.70001220703125,292.9739074707031,50280532
2021-03-26,299.29998779296875,304.0,297.1000061035156,302.6499938964844,301.9017333984375,55768753
2021-03-29,301.6000061035156,304.0,297.1889953613281,300.5,299.7569885253906,44177690
2021-03-30,301.70001220703125,306.54998779296875,299.20001220703125,301.5,300.75469970703125,31140489
2021-03-31,300.0,301.6000061035156,294.6499938964844,294.6499938964844,293.9216003417969,42616572
2021-04-01,296.8500061035156,296.95001220703125,289.79998779296875,289.79998779296875,289.08349609375,48976567
2021-04-06,295.0,306.1000061035156,293.3999938964844,299.8500061035156,299.108642578125,86433178
2021-04-07,303.3500061035156,309.8999938964844,299.8500061035156,305.45001220703125,304.6947937011719,52343064
2021-04-08,307.04998779296875,308.4230041503906,295.54998779296875,298.45001220703125,297.7121276855469,45881462
2021-04-09,298.3999938964844,299.54998779296875,293.989013671875,295.0,294.2706298828125,48119553
2021-04-12,294.8500061035156,300.5,291.54998779296875,298.3999938964844,297.6623229980469,57939614
2021-04-13,299.20001220703125,299.5,295.45001220703125,298.25,297.5126037597656,27915019
2021-04-14,298.45001220703125,308.70001220703125,296.54998779296875,308.3500061035156,307.587646484375,59314326
2021-04-15,309.45001220703125,310.29998779296875,302.1000061035156,303.5,302.7496643066406,35133837
2021-04-16,305.29998779296875,307.8999938964844,300.75,302.95001220703125,302.2010498046875,43216302
2021-04-19,300.70001220703125,305.7409973144531,299.3500061035156,300.8500061035156,300.10626220703125,32154886
2021-04-20,300.95001220703125,303.29998779296875,290.1990051269531,291.75,291.0286560058594,68849957
2021-04-21,295.3500061035156,299.20001220703125,292.29998779296875,295.70001220703125,294.9689636230469,38325296
2021-04-22,296.04998779296875,296.95001220703125,292.6499938964844,295.0,294.2706298828125,28044703
2021-04-23,291.1499938964844,293.5,289.79998779296875,292.1000061035156,291.3778381347656,43951601
2021-04-26,292.8999938964844,297.79998779296875,290.25,296.54998779296875,295.8168029785156,31857250
2021-04-27,307.0,307.447998046875,294.45001220703125,295.29998779296875,294.5699157714844,57745765
2021-04-28,299.75,306.45001220703125,298.0,304.5,303.7472229003906,65529537
2021-04-29,308.0,308.25,302.0,302.0,301.25341796875,63107741
2021-04-30,303.0,307.45001220703125,301.75,303.0,302.25091552734375,60595958
2021-05-04,305.8999938964844,315.13299560546875,305.75,310.1499938964844,309.3832702636719,67583503
2021-05-05,312.79998779296875,319.0,311.54998779296875,318.5,317.7124938964844,57920336
2021-05-06,316.25,318.75,310.3999938964844,314.5,313.75909423828125,64006211
2021-05-07,318.04998779296875,318.1000061035156,309.25,313.54998779296875,312.811279296875,61513557
2021-05-10,317.3500061035156,319.8500061035156,314.1499938964844,315.70001220703125,314.9562683105469,68548250
2021-05-11,311.79998779296875,313.54998779296875,304.6000061035156,304.6000061035156,303.88232421875,59601706
2021-05-12,305.1499938964844,316.54998779296875,303.8500061035156,315.29998779296875,314.5570983886719,52081645
2021-05-13,309.0,327.75,301.4809875488281,308.3999938964844,307.6733703613281,54553767
2021-05-14,308.1000061035156,314.0,308.0,313.6499938964844,312.9110107421875,39477078
2021-05-17,313.8999938964844,317.0,308.45001220703125,315.3999938964844,314.6570129394531,33293068
2021-05-18,319.54998779296875,322.29998779296875,315.3999938964844,316.79998779296875,316.0535888671875,52448720
2021-05-19,310.3999938964844,314.3999938964844,305.6000061035156,308.3500061035156,307.62347412109375,57021039
2021-05-20,312.0,312.0,305.6499938964844,310.29998779296875,309.56890869140625,43136062
2021-05-21,311.04998779296875,314.6000061035156,307.54998779296875,312.20001220703125,311.4644775390625,36899531
2021-05-24,314.0,316.3999938964844,311.20001220703125,316.3999938964844,315.65447998046875,21611246
2021-05-25,317.25,317.95001220703125,310.04998779296875,310.04998779296875,309.31951904296875,26412542
2021-05-26,310.95001220703125,312.6499938964844,308.25,310.70001220703125,309.968017578125,35538722
2021-05-27,309.0,310.1000061035156,304.6000061035156,306.54998779296875,305.8277587890625,72964180
2021-05-28,308.1000061035156,309.79998779296875,304.70001220703125,306.1499938964844,305.42864990234375,44691217
2021-06-01,308.6000061035156,316.79998779296875,308.20001220703125,314.75,314.0084533691406,85199886
2021-06-02,316.8999938964844,321.75,315.3500061035156,321.75,320.9918518066406,47207068
2021-06-03,324.0,326.1000061035156,317.70001220703125,324.1000061035156,323.3363952636719,43079004
2021-06-04,325.1000061035156,325.95001220703125,319.3999938964844,319.45001220703125,318.6972961425781,22659543
2021-06-07,319.45001220703125,322.29998779296875,315.79998779296875,319.20001220703125,318.4479064941406,15193805
2021-06-08,319.29998779296875,324.6000061035156,316.1499938964844,323.20001220703125,322.4385681152344,51039366
2021-06-09,323.70001220703125,326.45001220703125,320.70001220703125,324.75,323.9848327636719,33239619
2021-06-10,323.6499938964844,328.2619934082031,320.70098876953125,323.3500061035156,322.5881652832031,23746817
2021-06-11,325.25,326.6499938964844,322.04998779296875,324.29998779296875,323.535888671875,29358280
2021-06-14,325.1000061035156,334.29998779296875,324.75,330.3999938964844,329.6216125488281,79496123
2021-06-15,331.1499938964844,334.6000061035156,326.55999755859375,332.70001220703125,331.9161376953125,41382961
2021-06-16,334.45001220703125,336.95001220703125,328.3999938964844,328.95001220703125,328.17498779296875,61740304
2021-06-17,327.3999938964844,334.45001220703125,323.70001220703125,324.04998779296875,323.2864685058594,59260059
2021-06-18,322.79998779296875,323.3999938964844,313.1000061035156,315.3999938964844,314.6570129394531,86947519
2021-06-21,312.6000061035156,318.8999938964844,308.70001220703125,316.8500061035156,316.10345458984375,36399543
2021-06-22,320.79998779296875,323.8500061035156,320.04998779296875,322.70001220703125,321.9397888183594,35455597
2021-06-23,323.5,329.79998779296875,323.385009765625,324.20001220703125,323.43621826171875,34230187
2021-06-24,322.0,327.3500061035156,321.0,324.29998779296875,323.535888671875,25287877
2021-06-25,326.8999938964844,329.25,325.5,325.5,324.7331237792969,27770412
2021-06-28,325.5,326.95001220703125,314.8450012207031,315.1499938964844,314.4075012207031,34241648
2021-06-29,315.04998779296875,319.6000061035156,313.70001220703125,316.0,315.2554931640625,20719788
2021-06-30,315.1499938964844,318.25,311.20001220703125,315.0,314.2578430175781,29392103
2021-07-01,318.1499938964844,327.20001220703125,316.0,324.5,323.73541259765625,36468096
2021-07-02,325.0,325.8999938964844,321.04998779296875,321.3999938964844,320.642822265625,31187847
2021-07-05,321.8500061035156,324.75,320.25,324.25,323.48602294921875,13395844
2021-07-06,327.45001220703125,328.5,310.25,310.79998779296875,310.0676574707031,55173904
2021-07-07,312.6000061035156,317.6919860839844,305.95001220703125,307.70001220703125,306.9751281738281,51089435
2021-07-08,307.70001220703125,309.3500061035156,301.20001220703125,307.70001220703125,306.9751281738281,37798725
2021-07-09,307.6000061035156,311.25,304.29998779296875,310.8999938964844,310.1675720214844,31130565
2021-07-12,310.45001220703125,311.45001220703125,305.1300048828125,309.1499938964844,308.4216613769531,20909471
2021-07-13,310.0,311.1000061035156,305.1499938964844,305.8999938964844,305.1792907714844,19229617
2021-07-14,305.1499938964844,310.6000061035156,304.1000061035156,304.75,304.03204345703125,50621963
2021-07-15,300.70001220703125,305.1499938964844,293.95001220703125,296.04998779296875,295.3525085449219,67202302
2021-07-16,295.8999938964844,361.7099914550781,290.25,292.25,291.5614013671875,34118331
2021-07-19,286.0,289.20001220703125,276.29998779296875,278.45001220703125,277.79400634765625,65451501
2021-07-20,280.8999938964844,285.0,275.8500061035156,280.1499938964844,279.4899597167969,81703580
2021-07-21,281.25,291.1000061035156,279.6000061035156,289.45001220703125,288.76806640625,53660767
2021-07-22,290.79998779296875,291.75,282.6499938964844,284.0,283.3309020996094,34370652
2021-07-23,286.0,288.1000061035156,282.04998779296875,284.1000061035156,283.4306335449219,24361379
2021-07-26,281.70001220703125,293.1499938964844,281.0,292.25,291.5614013671875,37157587
2021-07-27,295.75,295.75,288.8999938964844,291.3999938964844,290.71343994140625,30263430
2021-07-28,289.29998779296875,292.6499938964844,288.29998779296875,291.79998779296875,291.1124572753906,41006903
2021-07-29,295.25,299.8999938964844,293.1499938964844,295.6499938964844,294.95343017578125,37771558
2021-07-30,292.1499938964844,294.114990234375,287.8500061035156,289.20001220703125,288.5186462402344,45682999
2021-08-02,292.20001220703125,295.79998779296875,289.70001220703125,289.75,289.0673522949219,31427948
2021-08-03,296.0,307.1000061035156,295.6499938964844,306.1000061035156,305.3788757324219,83908375
2021-08-04,307.20001220703125,310.6499938964844,299.20001220703125,303.0,302.2861328125,73708367
2021-08-05,298.45001220703125,306.04998779296875,297.6929931640625,305.75,305.0295715332031,54836534
2021-08-06,305.79998779296875,308.0,303.0,307.45001220703125,306.7257080078125,37607345
2021-08-09,305.6499938964844,306.3999938964844,300.0,305.45001220703125,304.7303466796875,37437060
2021-08-10,305.20001220703125,310.11700439453125,302.3500061035156,308.8999938964844,308.1722412109375,41907557
2021-08-11,310.5,312.70001220703125,308.0,311.70001220703125,310.96563720703125,27870340
2021-08-12,309.29998779296875,311.04998779296875,305.79998779296875,306.95001220703125,306.26568603515625,51710456
2021-08-13,306.29998779296875,308.5,303.8869934082031,305.3500061035156,304.6692199707031,80590108
2021-08-16,300.79998779296875,301.29998779296875,295.3500061035156,298.0,297.3355712890625,72501819
2021-08-17,294.6499938964844,304.6000061035156,292.54998779296875,302.45001220703125,301.7757568359375,36927308
2021-08-18,300.95001220703125,303.3500061035156,299.1000061035156,302.6499938964844,301.97528076171875,31215425
2021-08-19,290.54998779296875,294.25,286.70001220703125,287.75,287.1084289550781,72940536
2021-08-20,287.6499938964844,289.3500061035156,286.1000061035156,287.8500061035156,287.2082214355469,39110800
2021-08-23,292.0,297.3999938964844,291.0,295.0,294.34228515625,42383976
2021-08-24,297.04998779296875,300.25,295.79998779296875,298.8500061035156,298.1837158203125,32580211
2021-08-25,299.0,299.79998779296875,296.6000061035156,298.3500061035156,297.6848449707031,20469164
2021-08-26,296.6499938964844,299.54998779296875,295.54998779296875,296.54998779296875,295.88885498046875,24901687
2021-08-27,296.5,303.29998779296875,296.20001220703125,302.5,301.8255310058594,25936073
2021-08-31,299.1000061035156,302.3999938964844,296.8500061035156,296.95001220703125,296.2879333496094,75469744
2021-09-01,298.1000061035156,300.95001220703125,294.25,294.25,293.5939025878906,32877687
2021-09-02,293.75,301.70001220703125,292.54998779296875,299.8999938964844,299.2314758300781,41292118
2021-09-03,299.6000061035156,301.95001220703125,296.6000061035156,296.6000061035156,295.93878173828125,35754065
2021-09-06,298.70001220703125,301.20001220703125,296.95098876953125,298.45001220703125,297.78460693359375,16758821
2021-09-07,298.04998779296875,301.6499938964844,296.8500061035156,298.3999938964844,297.73468017578125,24785686
2021-09-08,297.45001220703125,303.25,294.75,298.25,297.58502197265625,44406666
2021-09-09,293.3999938964844,295.79998779296875,291.29998779296875,294.70001220703125,294.04296875,48860637
2021-09-10,296.3999938964844,298.79998779296875,294.54998779296875,295.6499938964844,294.9908752441406,34101685
2021-09-13,297.10101318359375,303.1499938964844,296.93798828125,302.29998779296875,301.6259765625,50617176
2021-09-14,301.95001220703125,305.29998779296875,299.3580017089844,300.0,299.33111572265625,46189094
2021-09-15,299.95001220703125,311.25,299.29998779296875,309.25,308.5605163574219,71019810
2021-09-16,310.3999938964844,313.6000061035156,305.70001220703125,305.95001220703125,305.26788330078125,81654031
2021-09-17,308.5,309.54998779296875,302.75,304.6499938964844,303.9707946777344,98600571
2021-09-20,301.0,306.1499938964844,299.70001220703125,303.70001220703125,303.02288818359375,50856932
2021-09-21,305.29998779296875,313.29998779296875,305.25,308.79998779296875,308.1115417480469,50626001
2021-09-22,313.25,319.70001220703125,312.4590148925781,316.75,316.0438232421875,51097066
2021-09-23,318.3999938964844,319.29998779296875,312.3500061035156,317.75,317.0416564941406,31378887
2021-09-24,318.0,321.20001220703125,315.29998779296875,320.20001220703125,319.4861145019531,39785130
2021-09-27,324.3999938964844,331.3500061035156,323.8500061035156,331.29998779296875,330.5613708496094,63674198
2021-09-28,332.25,343.5,332.04998779296875,336.6000061035156,335.84954833984375,82346561
2021-09-29,334.20001220703125,338.75,328.8999938964844,338.29998779296875,337.54571533203125,54608329
2021-09-30,337.8500061035156,342.2929992675781,334.8500061035156,340.29998779296875,339.54132080078125,60020400
2021-10-01,335.6499938964844,341.29998779296875,334.1000061035156,337.95001220703125,337.196533203125,58623676
2021-10-04,338.95001220703125,347.79998779296875,337.29998779296875,344.45001220703125,343.68206787109375,48266571
2021-10-05,344.8500061035156,354.5199890136719,343.3500061035156,350.6499938964844,349.8682556152344,73082543
2021-10-06,350.1499938964844,350.3999938964844,340.6610107421875,341.54998779296875,340.7885437011719,72011909
2021-10-07,344.3999938964844,347.3999938964844,338.29998779296875,344.79998779296875,344.03131103515625,54104479
2021-10-08,348.1499938964844,354.95001220703125,346.6000061035156,353.54998779296875,352.76171875,51878353
2021-10-11,355.45001220703125,361.6499938964844,354.0,360.29998779296875,359.4967041015625,39709454
2021-10-12,356.6000061035156,359.54998779296875,353.1499938964844,358.20001220703125,357.4014587402344,58381512
2021-10-13,355.29998779296875,358.0,349.6499938964844,354.95001220703125,354.15863037109375,70908431
2021-10-14,360.0,361.1000061035156,355.95001220703125,357.70001220703125,356.90252685546875,49581753
2021-10-15,361.95001220703125,365.20001220703125,360.6000061035156,363.6000061035156,362.7893371582031,35439104
2021-10-18,365.0,366.3999938964844,361.0,361.45001220703125,360.6441650390625,39953467
2021-10-19,361.45001220703125,364.44000244140625,359.54998779296875,361.95001220703125,361.1430969238281,64669036
2021-10-20,360.3500061035156,365.9159851074219,359.20001220703125,363.1000061035156,362.29046630859375,34756900
2021-10-21,361.20001220703125,363.2879943847656,355.70001220703125,356.20001220703125,355.4058837890625,38745935
2021-10-22,354.8999938964844,358.79998779296875,352.0,355.0,354.20855712890625,27345718
2021-10-25,358.54998779296875,363.1000061035156,357.5039978027344,360.6499938964844,359.84588623046875,26259746
2021-10-26,360.6000061035156,362.95001220703125,356.54998779296875,359.20001220703125,358.39923095703125,30731421
2021-10-27,358.79998779296875,361.75,354.3500061035156,357.6000061035156,356.8027648925781,31054647
2021-10-28,353.5,356.04998779296875,349.20001220703125,352.04998779296875,351.26513671875,31937639
2021-10-29,352.20001220703125,355.29998779296875,349.21099853515625,350.20001220703125,349.4192810058594,51773323
2021-11-01,351.1000061035156,358.5,349.21099853515625,357.0,356.2040100097656,35798802
2021-11-02,357.0,358.8500061035156,341.8999938964844,344.95001220703125,344.1809997558594,86162288
2021-11-03,339.54998779296875,342.95001220703125,334.0,334.8500061035156,334.1034240722656,83459281
2021-11-04,334.8500061035156,342.8500061035156,333.8399963378906,339.5,338.7431335449219,105959776
2021-11-05,337.54998779296875,346.70001220703125,336.20001220703125,345.3999938964844,344.62994384765625,38450352
2021-11-08,345.6499938964844,350.6499938964844,344.25,345.25,344.48028564453125,36700886
2021-11-09,344.6000061035156,348.25,341.79998779296875,344.45001220703125,343.68206787109375,33226420
2021-11-10,346.0,353.4209899902344,345.3500061035156,347.79998779296875,347.0245361328125,77184530
2021-11-11,342.6000061035156,347.29998779296875,339.79998779296875,345.1499938964844,344.42108154296875,54009703
2021-11-12,342.6000061035156,344.20001220703125,340.25,340.8999938964844,340.1801452636719,72994977
2021-11-15,339.5,345.8999938964844,336.70001220703125,341.54998779296875,340.8287658691406,38450672
2021-11-16,343.29998779296875,350.6000061035156,342.54998779296875,344.54998779296875,343.8223876953125,79506785
2021-11-17,343.25,345.8500061035156,340.8999938964844,342.0,341.2778015136719,50057127
2021-11-18,335.25,338.4469909667969,333.5679931640625,336.45001220703125,335.7395324707031,33627717
2021-11-19,341.79998779296875,342.6499938964844,323.3999938964844,326.54998779296875,325.8604431152344,93905289
2021-11-22,327.0,334.8999938964844,324.20001220703125,334.3999938964844,333.69384765625,51379697
2021-11-23,330.1000061035156,342.3999938964844,330.04998779296875,339.3999938964844,338.6832580566406,50332934
2021-11-24,342.0,346.8999938964844,340.5,344.5,343.77252197265625,47066212
2021-11-25,344.75,345.8500061035156,342.54998779296875,344.75,344.0220031738281,39639265
2021-11-26,319.0,328.1000061035156,310.531005859375,317.6499938964844,316.9792175292969,106509613
2021-11-29,326.0,334.0,318.79998779296875,327.70001220703125,327.0080261230469,77994066
2021-11-30,320.29998779296875,329.1000061035156,317.6499938964844,325.45001220703125,324.7627868652344,98727251
2021-12-01,331.25,338.1000061035156,330.25,332.8999938964844,332.1969909667969,41342015
2021-12-02,327.1000061035156,338.3030090332031,326.239990234375,336.6000061035156,335.8891296386719,76610491
2021-12-03,345.0,346.3680114746094,340.79998779296875,340.8500061035156,340.1302795410156,53379455
2021-12-06,344.0,350.1499938964844,343.20001220703125,346.5,345.76824951171875,43105316
2021-12-07,349.04998779296875,352.0299987792969,347.75,350.8999938964844,350.1589660644531,43238986
2021-12-08,348.6000061035156,351.1000061035156,344.1000061035156,348.70001220703125,347.9636535644531,52399146
2021-12-09,347.3500061035156,348.3999938964844,340.20001220703125,343.54998779296875,342.8244934082031,65304586
2021-12-10,342.0,347.1499938964844,341.1499938964844,342.6000061035156,341.87646484375,44281078
2021-12-13,345.25,345.29998779296875,335.0,335.0,334.2925720214844,39065742
2021-12-14,337.3500061035156,339.70001220703125,333.0,337.6499938964844,336.9369812011719,45420398
2021-12-15,334.04998779296875,336.29998779296875,329.1000061035156,330.8999938964844,330.2012634277344,55703450
2021-12-16,335.75,339.79998779296875,335.1000061035156,338.95001220703125,338.2342834472656,67205372
2021-12-17,335.1499938964844,338.3999938964844,330.8999938964844,333.75,333.0452880859375,138032247
2021-12-20,321.6000061035156,327.29998779296875,319.95001220703125,323.29998779296875,322.6172790527344,81696810
2021-12-21,326.0,332.3500061035156,324.47601318359375,331.75,331.04937744140625,35667539
2021-12-22,331.95001220703125,334.95001220703125,329.20001220703125,334.70001220703125,333.99322509765625,37755442
2021-12-23,337.3999938964844,341.8500061035156,336.3500061035156,337.95001220703125,337.2363586425781,30092509
2021-12-24,336.70001220703125,341.04998779296875,336.1499938964844,337.8500061035156,337.1365661621094,9597346
2021-12-29,337.04998779296875,342.45001220703125,333.8500061035156,336.0,335.2904968261719,41545288
2021-12-30,334.8999938964844,336.8080139160156,332.25,333.0,332.2968444824219,19793695
2021-12-31,330.0,332.45001220703125,329.8999938964844,330.5,329.8021240234375,10633768
2022-01-04,339.79998779296875,352.3999938964844,339.1499938964844,351.0,350.2587890625,57430776
2022-01-05,353.0,358.29998779296875,351.2980041503906,354.79998779296875,354.05078125,48899585
2022-01-06,348.75,358.75,345.8500061035156,355.1499938964844,354.39996337890625,57860437
2022-01-07,359.8999938964844,362.54998779296875,356.45001220703125,362.54998779296875,361.78436279296875,51426584
2022-01-10,364.5,369.29998779296875,361.7820129394531,363.04998779296875,362.2833557128906,74320649
2022-01-11,364.5,370.95001220703125,363.04998779296875,369.6000061035156,368.81951904296875,43912140
2022-01-12,373.25,382.8500061035156,369.6000061035156,381.45001220703125,380.6445007324219,139200949
2022-01-13,379.3500061035156,383.8999938964844,378.6499938964844,383.8999938964844,383.0893249511719,60031350
2022-01-14,384.0,391.08599853515625,383.41900634765625,388.70001220703125,387.87921142578125,70163258
2022-01-17,391.95001220703125,395.62799072265625,389.3999938964844,393.75,392.91851806640625,60591123
2022-01-18,395.5,400.20001220703125,393.6000061035156,395.75,394.9143371582031,74852832
2022-01-19,397.1000061035156,400.54998779296875,388.70001220703125,394.1000061035156,393.2677917480469,60553500
2022-01-20,392.0,394.8999938964844,384.06201171875,389.1499938964844,388.3282165527344,43887033
2022-01-21,384.79998779296875,386.54998779296875,376.3999938964844,382.25,381.4427490234375,68009741
2022-01-24,382.1000061035156,383.6499938964844,360.0,364.1000061035156,363.3310852050781,67979261
2022-01-25,370.3999938964844,379.95001220703125,366.3500061035156,379.6499938964844,378.8482971191406,55892544
2022-01-26,385.0,397.20001220703125,384.79998779296875,394.1000061035156,393.2677917480469,53943299
2022-01-27,388.29998779296875,400.55999755859375,385.29998779296875,392.5,391.67120361328125,104731641
2022-01-28,397.8999938964844,397.8999938964844,383.3500061035156,385.45001220703125,384.6360778808594,146985725
2022-01-31,388.6499938964844,389.2669982910156,382.1499938964844,382.79998779296875,381.9916076660156,50951787
2022-02-01,383.1499938964844,394.0,383.04998779296875,393.29998779296875,392.4693908691406,65719741
2022-02-02,395.0,395.3489990234375,389.0,389.54998779296875,388.7273864746094,47610113
2022-02-03,393.20001220703125,394.6000061035156,389.0,392.3999938964844,391.5713806152344,55250427
2022-02-04,397.1499938964844,409.25,397.04998779296875,405.8999938964844,405.0428771972656,73990562
2022-02-07,406.04998779296875,409.45001220703125,398.0,408.6499938964844,407.787109375,65339642
2022-02-08,410.0,418.0,398.3500061035156,399.0,398.15753173828125,112333300
2022-02-09,401.8500061035156,414.95001220703125,395.3999938964844,410.29998779296875,409.43353271484375,72690506
2022-02-10,406.3999938964844,414.3999938964844,405.54998779296875,410.70001220703125,409.8327331542969,59632180
2022-02-11,406.75,419.1499938964844,405.4840087890625,417.20001220703125,416.3190002441406,79062950
2022-02-14,414.04998779296875,417.1499938964844,398.19000244140625,400.6499938964844,399.8039245605469,77689204
2022-02-15,400.3500061035156,405.70001220703125,389.25,397.3500061035156,396.5108947753906,83837943
2022-02-16,398.04998779296875,405.75,395.73699951171875,403.75,402.8973388671875,126156554
2022-02-17,400.6499938964844,402.20001220703125,392.45001220703125,397.8999938964844,397.1005859375,70519486
2022-02-18,396.3999938964844,400.2879943847656,390.79998779296875,391.3999938964844,390.61370849609375,54052070
2022-02-21,389.0,393.5,383.5920104980469,388.3999938964844,387.6197204589844,60707310
2022-02-22,389.1000061035156,396.29998779296875,382.54998779296875,386.5,385.7235412597656,63257007
2022-02-23,383.8500061035156,389.29998779296875,380.25,382.8999938964844,382.1307373046875,42269953
2022-02-24,372.6000061035156,378.1499938964844,360.8999938964844,365.3500061035156,364.6160583496094,133425410
2022-02-25,365.0,379.3999938964844,364.5060119628906,378.5,377.73956298828125,91620798
2022-02-28,352.20001220703125,365.54998779296875,349.8500061035156,363.54998779296875,362.819580078125,219782031
2022-03-01,368.04998779296875,369.6000061035156,354.3999938964844,357.1000061035156,356.3826904296875,78717225
2022-03-02,362.79998779296875,379.04998779296875,360.8630065917969,374.3999938964844,373.64788818359375,73748792
2022-03-03,377.70001220703125,385.6000061035156,358.45001220703125,358.45001220703125,357.7298889160156,85445300
2022-03-04,355.0,356.3999938964844,341.6000061035156,348.1499938964844,347.4506530761719,79610876
2022-03-07,353.0,363.8999938964844,350.947998046875,361.5,360.7737121582031,149892296
2022-03-08,361.6000061035156,383.0769958496094,359.20001220703125,380.0,379.2366943359375,87217840
2022-03-09,383.45001220703125,384.6000061035156,365.04998779296875,371.54998779296875,370.8036193847656,68459736
2022-03-10,369.0,373.1000061035156,361.9599914550781,363.5,362.769775390625,185905473
2022-03-11,367.75,371.54998779296875,358.29998779296875,360.3999938964844,359.67596435546875,86039063
2022-03-14,364.3500061035156,364.6499938964844,349.3999938964844,356.5,355.7838439941406,52431444
2022-03-15,349.04998779296875,361.0,344.6730041503906,361.0,360.2747802734375,141706131
2022-03-16,365.04998779296875,366.8999938964844,356.95001220703125,360.6499938964844,359.9255065917969,54161889
2022-03-17,364.29998779296875,371.04998779296875,361.5799865722656,368.04998779296875,367.3106689453125,86427408
2022-03-18,364.6499938964844,368.95001220703125,359.0,360.3999938964844,359.67596435546875,257457024
2022-03-21,363.5,376.0,363.5,375.0,374.2467041015625,41146800
2022-03-22,380.0,381.62200927734375,368.54998779296875,371.29998779296875,370.55413818359375,51647059
2022-03-23,377.3999938964844,390.8999938964844,375.45001220703125,387.8999938964844,387.1207580566406,102246139
2022-03-24,389.54998779296875,394.10400390625,386.25,389.20001220703125,388.4181213378906,71889985
2022-03-25,385.6499938964844,394.1000061035156,381.29998779296875,391.70001220703125,390.91314697265625,51967724
2022-03-28,385.8500061035156,391.25,379.45001220703125,380.8999938964844,380.13482666015625,46068031
2022-03-29,381.0,387.25,367.1000061035156,371.3500061035156,370.60400390625,51529814
2022-03-30,375.0,383.3500061035156,373.8500061035156,382.75,381.9811706542969,45830134
2022-03-31,376.70001220703125,380.1499938964844,374.25,375.3500061035156,374.595947265625,45119366
2022-04-01,372.75,378.95001220703125,368.8999938964844,378.95001220703125,378.1886901855469,24976836
2022-04-04,378.8500061035156,381.54998779296875,373.95001220703125,377.6000061035156,376.84136962890625,33237341
2022-04-05,380.25,384.0220031738281,377.29998779296875,382.8999938964844,382.1307373046875,52462429
2022-04-06,380.04998779296875,384.3999938964844,378.20001220703125,380.8500061035156,380.08489990234375,49193103
2022-04-07,376.95001220703125,383.70001220703125,371.3999938964844,377.3999938964844,376.64178466796875,48300305
2022-04-08,382.6499938964844,391.5,382.1000061035156,391.5,390.71343994140625,50221963
2022-04-11,390.04998779296875,393.8500061035156,385.45001220703125,386.6499938964844,385.8731994628906,38512438
2022-04-12,389.25,398.0,387.55499267578125,395.95001220703125,395.1546325683594,43879867
2022-04-13,393.3500061035156,400.70001220703125,392.5,397.3500061035156,396.5517578125,35639692
2022-04-14,395.6499938964844,400.3999938964844,393.95001220703125,399.45001220703125,398.64752197265625,62698869
2022-04-19,403.0,407.70001220703125,401.04998779296875,401.04998779296875,400.24432373046875,41992367
2022-04-20,402.79998779296875,402.79998779296875,398.0,401.1499938964844,400.34405517578125,75442419
2022-04-21,404.8500061035156,405.6000061035156,400.20001220703125,403.1499938964844,402.340087890625,67003362
2022-04-22,395.25,400.1499938964844,393.1499938964844,393.1499938964844,392.3601989746094,34518582
2022-04-25,379.1499938964844,383.1499938964844,368.8500061035156,368.8500061035156,368.1090087890625,62955005
2022-04-26,377.3500061035156,381.20001220703125,367.8999938964844,379.45001220703125,378.687744140625,47728719
2022-04-27,378.75,382.79998779296875,375.04998779296875,378.3999938964844,377.6398620605469,53157809
2022-04-28,381.79998779296875,388.5,378.3999938964844,388.04998779296875,387.2705078125,42181626
2022-04-29,392.20001220703125,393.6499938964844,388.0,391.54998779296875,390.76336669921875,61462460
2022-05-03,405.0,414.25,395.04998779296875,414.25,413.41778564453125,112955426
2022-05-04,419.6499938964844,421.75,410.8999938964844,415.8999938964844,415.06451416015625,79063745
2022-05-05,425.0,427.3500061035156,416.6499938964844,418.8999938964844,418.0584411621094,88308896
2022-05-06,419.20001220703125,430.75,419.20001220703125,426.6499938964844,425.7928466796875,156245671
2022-05-09,426.25,430.95001220703125,404.79998779296875,404.79998779296875,403.98675537109375,88818514
2022-05-10,405.54998779296875,411.6499938964844,400.1499938964844,404.95001220703125,404.13653564453125,60263673
2022-05-11,407.6000061035156,420.45001220703125,402.6000061035156,419.8999938964844,419.05645751953125,83263501
2022-05-12,403.3999938964844,410.1000061035156,398.1099853515625,400.1499938964844,399.38751220703125,71800335
2022-05-13,410.0,416.8999938964844,402.3999938964844,414.70001220703125,413.90985107421875,52225780
2022-05-16,409.1499938964844,420.45001220703125,407.04998779296875,418.3500061035156,417.5528869628906,30922807
2022-05-17,422.79998779296875,428.8500061035156,418.3500061035156,421.25,420.44732666015625,57290742
2022-05-18,421.5,430.8999938964844,421.04998779296875,422.3500061035156,421.54534912109375,102756117
2022-05-19,420.70001220703125,424.8999938964844,409.20001220703125,412.70001220703125,411.91363525390625,62607968
2022-05-20,417.5,424.8500061035156,412.70001220703125,417.20001220703125,416.4050598144531,77194004
2022-05-23,423.70001220703125,428.79998779296875,422.62200927734375,428.79998779296875,427.9829406738281,78874531
2022-05-24,419.8999938964844,425.3190002441406,418.9779968261719,423.6000061035156,422.7928466796875,91363183
2022-05-25,427.1499938964844,431.1000061035156,424.0989990234375,427.8500061035156,427.0347900390625,77303012
2022-05-26,428.0,436.3999938964844,427.70001220703125,435.25,434.420654296875,39717396
2022-05-27,432.1499938964844,433.8999938964844,425.8999938964844,430.6499938964844,429.8293762207031,35604740
2022-05-30,430.95001220703125,435.64599609375,429.50799560546875,433.5,432.6740417480469,67097357
2022-05-31,434.70001220703125,441.385009765625,431.3500061035156,434.25,433.4226379394531,88970553
2022-06-01,433.3500061035156,437.1449890136719,431.29998779296875,431.29998779296875,430.47821044921875,46327181
2022-06-06,436.20001220703125,444.5,436.20001220703125,440.45001220703125,439.6108093261719,38340956
2022-06-07,439.45001220703125,449.33599853515625,439.20001220703125,446.5,445.64923095703125,45203419
2022-06-08,450.0,452.5249938964844,448.75,451.3999938964844,450.5399475097656,74146887
2022-06-09,451.79998779296875,456.0,448.29998779296875,448.29998779296875,447.4457702636719,57899416
2022-06-10,446.6499938964844,447.6000061035156,435.29998779296875,437.45001220703125,436.6164855957031,50515237
2022-06-13,429.1499938964844,431.95001220703125,419.3500061035156,426.29998779296875,425.4877014160156,69576254
2022-06-14,432.75,441.29998779296875,425.6000061035156,434.95001220703125,434.12127685546875,53900332
2022-06-15,433.29998779296875,433.6000061035156,422.6000061035156,427.3999938964844,426.58563232421875,70081548
2022-06-16,421.3500061035156,424.7250061035156,401.8999938964844,404.3999938964844,403.6294250488281,63534857
2022-06-17,401.79998779296875,405.20001220703125,379.45001220703125,379.45001220703125,378.7270202636719,132698179
2022-06-20,378.8500061035156,392.6000061035156,377.5,391.5,390.7540283203125,55876190
2022-06-21,395.8999938964844,400.29998779296875,392.54998779296875,395.3500061035156,394.5967102050781,50454312
2022-06-22,384.04998779296875,387.5799865722656,378.79998779296875,383.29998779296875,382.5696105957031,64956072
2022-06-23,382.20001220703125,391.6499938964844,375.6499938964844,375.6499938964844,374.9342346191406,45686408
2022-06-24,372.04998779296875,387.6000061035156,371.5,386.5,385.7635498046875,47387512
2022-06-27,382.95001220703125,394.1000061035156,382.3500061035156,391.6000061035156,390.8538513183594,87244319
2022-06-28,396.0,405.0,395.1000061035156,397.04998779296875,396.29339599609375,48021884
2022-06-29,395.95001220703125,408.29998779296875,395.95001220703125,397.70001220703125,396.9422302246094,42314657
2022-06-30,389.8999938964844,398.5,384.29998779296875,388.29998779296875,387.56005859375,41015966
2022-07-01,380.25,391.70001220703125,377.45001220703125,384.5,383.7674255371094,43140059
2022-07-04,392.70001220703125,403.99200439453125,392.0,401.45001220703125,400.68511962890625,31108039
2022-07-05,402.54998779296875,402.70001220703125,372.25,373.29998779296875,372.5887145996094,73064490
2022-07-06,381.79998779296875,387.75,365.29998779296875,368.6499938964844,367.9475402832031,77499983
2022-07-07,378.6000061035156,391.54998779296875,377.8999938964844,385.25,384.5159606933594,91144870
2022-07-08,382.8999938964844,395.6499938964844,382.1809997558594,386.54998779296875,385.81341552734375,33547710
2022-07-11,380.70001220703125,386.6499938964844,377.70001220703125,384.6000061035156,383.86712646484375,32272439
2022-07-12,385.25,386.0,373.5,377.04998779296875,376.33154296875,36790825
2022-07-13,376.25,383.3999938964844,372.29998779296875,377.20001220703125,376.4813232421875,38576591
2022-07-14,377.8999938964844,380.3999938964844,359.20001220703125,363.95001220703125,363.2565612792969,62414862
2022-07-15,367.3500061035156,377.1499938964844,365.04998779296875,373.1000061035156,372.3891296386719,39243191
2022-07-18,380.0,388.9599914550781,380.0,382.3500061035156,381.6214294433594,31223799
2022-07-19,380.54998779296875,388.04998779296875,379.54998779296875,385.6000061035156,384.8652648925781,30143535
2022-07-20,392.0,393.82501220703125,386.70001220703125,388.5,387.759765625,41561571
2022-07-21,389.70001220703125,394.25,379.1000061035156,383.8999938964844,383.1685791015625,42121265
2022-07-22,387.0,390.6000061035156,380.1000061035156,383.29998779296875,382.5696105957031,27371435
2022-07-25,380.54998779296875,387.54998779296875,374.2650146484375,386.70001220703125,385.96319580078125,30813587
2022-07-26,390.75,395.8500061035156,388.54998779296875,388.54998779296875,387.80963134765625,23914013
2022-07-27,390.20001220703125,395.25,388.1000061035156,393.1499938964844,392.40087890625,23684384
2022-07-28,396.25,396.79998779296875,385.1499938964844,389.3999938964844,388.6579895019531,34532837
2022-07-29,388.54998779296875,404.8999938964844,386.0840148925781,400.0,399.2378234863281,48528027
2022-08-01,401.54998779296875,404.5,390.8999938964844,392.3500061035156,391.6024169921875,45462794
2022-08-02,404.1499938964844,411.1000061035156,401.6499938964844,403.3500061035156,402.58148193359375,63754353
2022-08-03,406.45001220703125,416.1000061035156,402.3500061035156,410.70001220703125,409.9174499511719,75060369
2022-08-04,408.3500061035156,420.8999938964844,406.79998779296875,408.0,407.2225646972656,54555299
2022-08-05,405.5,414.3999938964844,398.9100036621094,411.1499938964844,410.3665771484375,40008266
2022-08-08,412.0,419.6000061035156,411.25,416.29998779296875,415.50677490234375,43982321
2022-08-09,417.3999938964844,425.6499938964844,415.7959899902344,422.54998779296875,421.7449035644531,40670869
2022-08-10,420.95001220703125,425.3500061035156,417.04998779296875,421.25,420.44732666015625,43226085
2022-08-11,418.1499938964844,428.45001220703125,417.14300537109375,427.54998779296875,426.7876892089844,37130077
2022-08-12,428.1499938964844,435.9440002441406,427.75,430.54998779296875,429.7823181152344,38848926
2022-08-15,433.04998779296875,435.45001220703125,417.45001220703125,425.5,424.7413635253906,64380728
2022-08-16,424.04998779296875,432.1000061035156,424.04998779296875,426.5,425.7395935058594,41081602
2022-08-17,428.70001220703125,433.1499938964844,425.45001220703125,430.8999938964844,430.1317138671875,48669836
2022-08-18,432.6000061035156,443.07000732421875,429.2080078125,442.0,441.2119445800781,42248322
2022-08-19,442.0,449.8999938964844,441.54998779296875,447.79998779296875,447.0015869140625,46023417
2022-08-22,440.1000061035156,452.5,439.95001220703125,449.0,448.19940185546875,43508227
2022-08-23,449.04998779296875,459.8500061035156,445.95001220703125,459.3999938964844,458.5809020996094,39377788
2022-08-24,460.0,460.6000061035156,452.54998779296875,452.95001220703125,452.1423645019531,52844661
2022-08-25,460.1000061035156,463.7969970703125,458.6499938964844,459.45001220703125,458.6308898925781,32948449
2022-08-26,461.5,464.1000061035156,457.29998779296875,457.79998779296875,456.9837646484375,35420028
2022-08-30,463.1499938964844,469.6000061035156,447.0,449.25,448.448974609375,63076041
2022-08-31,451.1000061035156,452.3999938964844,428.25,441.5,440.71282958984375,124438705
2022-09-01,442.0,445.79998779296875,436.5,441.20001220703125,440.4133605957031,57245909
2022-09-02,447.0,457.54998779296875,443.95001220703125,453.70001220703125,452.8910827636719,56820686
2022-09-05,452.75,467.4930114746094,450.2170104980469,463.3500061035156,462.52392578125,54294811
2022-09-06,461.6000061035156,462.25,449.79998779296875,452.70001220703125,451.8928527832031,52588257
2022-09-07,447.54998779296875,454.3999938964844,440.510009765625,441.25,440.4632568359375,87143450
2022-09-08,444.1499938964844,449.95001220703125,439.7560119628906,443.04998779296875,442.26007080078125,45650262
2022-09-09,447.29998779296875,455.75,445.04998779296875,450.79998779296875,449.9962158203125,38650513
2022-09-12,458.75,461.8500061035156,454.75,457.8500061035156,457.0337219238281,38435954
2022-09-13,460.8500061035156,466.0,456.3500061035156,461.54998779296875,460.72705078125,46399900
2022-09-14,457.45001220703125,465.95001220703125,454.20001220703125,462.29998779296875,461.4757385253906,52690774
2022-09-15,462.5,466.79998779296875,453.95001220703125,456.54998779296875,455.7359619140625,44965722
2022-09-16,454.29998779296875,460.5429992675781,450.95001220703125,452.04998779296875,451.2440185546875,192087202
2022-09-20,451.8999938964844,463.0,451.4440002441406,452.5,451.6932067871094,50205810
2022-09-21,455.8500061035156,466.0,453.25,455.54998779296875,454.73773193359375,47779470
2022-09-22,453.20001220703125,464.54998779296875,451.20001220703125,458.25,457.4329528808594,44199242
2022-09-23,453.25,456.20001220703125,428.3500061035156,433.1000061035156,432.3277893066406,105384380
2022-09-26,423.54998779296875,434.70001220703125,422.29998779296875,430.10101318359375,429.3341369628906,51536820
2022-09-27,425.1499938964844,435.1000061035156,423.0660095214844,431.1000061035156,430.3313293457031,79653935
2022-09-28,425.3999938964844,437.8500061035156,421.1000061035156,435.8999938964844,435.12274169921875,56269353
2022-09-29,434.29998779296875,438.5,426.25,432.04998779296875,431.2796630859375,87126356
2022-09-30,432.0,439.95001220703125,428.1000061035156,433.1000061035156,432.3277893066406,40927178
2022-10-03,432.0,446.3999938964844,432.0,442.70001220703125,441.91070556640625,47579414
2022-10-04,447.5,456.8999938964844,442.70001220703125,454.5,453.68963623046875,78836406
2022-10-05,454.29998779296875,461.79998779296875,446.5,460.20001220703125,459.37945556640625,91652551
2022-10-06,460.3999938964844,462.20001220703125,450.54998779296875,460.3500061035156,459.5292053222656,76525774
2022-10-07,462.3500061035156,471.18499755859375,460.54998779296875,469.1000061035156,468.2636413574219,63452909
2022-10-10,463.5,469.8500061035156,460.75,462.45001220703125,461.6254577636719,37919486
2022-10-11,456.0,457.45001220703125,446.95001220703125,452.6000061035156,451.7930603027344,39754065
2022-10-12,453.54998779296875,458.75,446.45001220703125,449.3500061035156,448.5487976074219,37645792
2022-10-13,451.04998779296875,461.25,446.20001220703125,458.25,457.4329528808594,35183819
2022-10-14,460.79998779296875,465.614013671875,452.8999938964844,455.04998779296875,454.2386779785156,51560919
2022-10-17,455.6000061035156,462.5,447.29998779296875,449.45001220703125,448.648681640625,54483696
2022-10-18,453.1000061035156,458.20001220703125,445.25,445.25,444.4561767578125,34616457
2022-10-19,452.79998779296875,456.0,445.5,455.25,454.43829345703125,32242924
2022-10-20,460.3500061035156,464.6499938964844,457.29998779296875,460.95001220703125,460.128173828125,38979430
2022-10-21,457.20001220703125,465.0,456.5,464.45001220703125,463.6219177246094,36037227
2022-10-24,466.79998779296875,474.1470031738281,458.25,470.0,469.1619873046875,40237177
2022-10-25,469.8999938964844,470.95001220703125,464.75,465.6000061035156,464.7698669433594,33789726
2022-10-26,464.6499938964844,468.04998779296875,460.3500061035156,466.0,465.1691589355469,60655005
2022-10-27,466.8500061035156,483.29998779296875,466.22100830078125,481.8999938964844,481.040771484375,75447056
2022-10-28,472.0,479.29998779296875,471.0,472.95001220703125,472.1067810058594,29398808
2022-10-31,474.0,484.0,467.1000061035156,479.79998779296875,478.9444885253906,39528766
2022-11-01,479.5,486.8999938964844,474.20001220703125,486.45001220703125,485.5827331542969,42001921
2022-11-02,483.3999938964844,486.8999938964844,476.8500061035156,484.3500061035156,483.4864501953125,38110483
2022-11-03,482.1499938964844,494.29998779296875,477.95001220703125,493.5,492.62017822265625,42181307
2022-11-04,495.95001220703125,504.3999938964844,493.0,499.95001220703125,499.0586242675781,46266880
2022-11-07,497.1000061035156,503.2969970703125,494.45001220703125,501.79998779296875,500.90533447265625,34010048
2022-11-08,497.6000061035156,501.79998779296875,485.69500732421875,485.70001220703125,484.8340759277344,52833847
2022-11-09,485.8500061035156,488.6000061035156,481.3500061035156,482.1000061035156,481.240478515625,62100075
2022-11-10,473.5,486.3999938964844,470.75,470.75,469.9588317871094,78155123
2022-11-11,475.3500061035156,483.3999938964844,471.9840087890625,478.3999938964844,477.5959777832031,41500170
2022-11-14,477.3999938964844,483.29998779296875,472.3500061035156,480.5,479.69244384765625,31077051
2022-11-15,477.8500061035156,480.6000061035156,472.54998779296875,477.04998779296875,476.2481994628906,33369952
2022-11-16,479.45001220703125,488.25,478.9649963378906,481.3500061035156,480.54095458984375,43262475
2022-11-17,476.70001220703125,482.45001220703125,476.6000061035156,478.6499938964844,477.84552001953125,44122770
2022-11-18,483.0,486.20001220703125,469.5,476.04998779296875,475.2498474121094,43306864
2022-11-21,475.29998779296875,477.6000061035156,456.5,458.1499938964844,457.3800354003906,62668424
2022-11-22,471.0,488.0,470.5,488.0,487.1798095703125,59516989
2022-11-23,490.0,498.6000061035156,482.75,483.1000061035156,482.28802490234375,50190396
2022-11-24,485.1499938964844,487.8500061035156,479.95001220703125,483.54998779296875,482.7373046875,23740889
2022-11-25,482.3500061035156,493.04998779296875,482.1709899902344,488.3500061035156,487.5292053222656,27943103
2022-11-28,479.79998779296875,484.8500061035156,475.04998779296875,483.54998779296875,482.7373046875,40608786
2022-11-29,486.0,496.75,486.0,492.04998779296875,491.22296142578125,73104465
2022-11-30,492.5,503.29998779296875,492.04998779296875,497.5,496.6638488769531,118086790
2022-12-01,493.5,495.8999938964844,486.95001220703125,489.45001220703125,488.6274719238281,38905995
2022-12-02,485.0,486.29998779296875,474.5,480.8999938964844,480.0917663574219,44398679
2022-12-05,479.25,489.2720031738281,477.3689880371094,483.5,482.6873474121094,42774634
2022-12-06,480.70001220703125,483.5,470.8999938964844,474.6499938964844,473.852294921875,59104182
2022-12-07,470.45001220703125,473.79998779296875,463.04998779296875,464.0,463.2201843261719,46500857
2022-12-08,467.29998779296875,474.45001220703125,463.95001220703125,463.95001220703125,463.1702880859375,36084523
2022-12-09,462.3500061035156,465.58599853515625,455.0,461.95001220703125,461.17364501953125,60905839
2022-12-12,459.70001220703125,465.6499938964844,456.75,462.1000061035156,461.3233642578125,37882663
2022-12-13,465.8500061035156,472.8500061035156,463.5,471.04998779296875,470.25836181640625,34093855
2022-12-14,470.29998779296875,475.6300048828125,467.54998779296875,469.54998779296875,468.76080322265625,36570028
2022-12-15,468.3999938964844,472.04998779296875,464.75,465.8500061035156,465.0670471191406,38854764
2022-12-16,466.75,468.25,455.3999938964844,455.3999938964844,454.6346130371094,156646360
2022-12-19,458.95001220703125,470.29998779296875,457.3999938964844,466.6000061035156,465.81573486328125,29797513
2022-12-20,462.1000061035156,470.79998779296875,461.04998779296875,467.45001220703125,466.6644287109375,33262806
2022-12-21,466.95001220703125,480.6499938964844,466.1499938964844,480.0,479.19329833984375,32751179
2022-12-22,482.1000061035156,485.0660095214844,476.5,477.8999938964844,477.0967712402344,57397378
2022-12-23,475.0,478.8999938964844,473.75,478.8999938964844,478.0951232910156,62024066
2022-12-28,487.75,489.95001220703125,477.25,480.3999938964844,479.59259033203125,61058866
2022-12-29,474.20001220703125,480.8500061035156,472.79998779296875,480.75,479.9419860839844,15838786
2022-12-30,478.45001220703125,480.5,474.8999938964844,474.8999938964844,474.1018371582031,12498129
2023-01-03,481.3999938964844,496.8999938964844,481.2879943847656,483.3500061035156,482.5376892089844,40781538
2023-01-04,474.0,475.8999938964844,465.0,465.8500061035156,465.0670471191406,48319569
2023-01-05,468.0,474.29998779296875,465.45001220703125,471.75,470.9571533203125,27641337
2023-01-06,474.25,480.1499938964844,474.25,477.04998779296875,476.2481994628906,45580214
2023-01-09,478.0,485.45001220703125,477.25,479.29998779296875,478.49444580078125,31000006
2023-01-10,475.54998779296875,482.25,474.04998779296875,475.1000061035156,474.301513671875,41713226
2023-01-11,476.8999938964844,481.1499938964844,474.25,478.54998779296875,477.7456970214844,27187699
2023-01-12,481.3500061035156,486.6499938964844,478.6000061035156,485.0,484.18487548828125,28669324
2023-01-13,483.0,486.54998779296875,482.54998779296875,484.3500061035156,483.5360107421875,32218369
2023-01-16,485.5,487.8500061035156,480.0,481.0,480.1915588378906,21938115
2023-01-17,480.1000061035156,487.54998779296875,478.0,484.6499938964844,483.83538818359375,34124939
2023-01-18,480.0,489.45001220703125,479.6499938964844,486.20001220703125,485.38287353515625,38676651
2023-01-19,478.5,480.75,471.6499938964844,474.70001220703125,473.90216064453125,33902832
2023-01-20,479.8500061035156,482.75,474.70001220703125,475.8500061035156,475.0502624511719,40442971
2023-01-23,475.54998779296875,482.45001220703125,475.04998779296875,480.79998779296875,479.9919128417969,24811193
2023-01-24,483.45001220703125,483.45001220703125,472.75,475.25,474.4512634277344,51300832
2023-01-25,475.29998779296875,478.0,468.6000061035156,474.70001220703125,473.90216064453125,33017334
2023-01-26,476.1000061035156,484.6499938964844,475.29998779296875,484.20001220703125,483.38616943359375,39708502
2023-01-27,487.6000061035156,496.6000061035156,484.20001220703125,489.29998779296875,488.47760009765625,39339742
2023-01-30,487.75,496.3500061035156,486.29998779296875,492.04998779296875,491.22296142578125,34439065
2023-01-31,489.54998779296875,490.1000061035156,482.20001220703125,488.8500061035156,488.0284118652344,28682258
2023-02-01,491.04998779296875,496.6499938964844,486.8500061035156,492.45001220703125,491.62237548828125,44890407
2023-02-02,491.5,492.54998779296875,478.5,478.79998779296875,477.9952392578125,54054450
2023-02-03,477.8500061035156,492.3500061035156,477.5,486.04998779296875,485.23309326171875,35547116
2023-02-06,488.5,488.5,475.5,478.3500061035156,477.54608154296875,39657484
2023-02-07,494.1499938964844,516.4000244140625,488.0,516.4000244140625,515.5320434570312,112423187
2023-02-08,528.0,535.0,516.4000244140625,533.2000122070312,532.303955078125,83266622
2023-02-09,532.9000244140625,545.7000122070312,531.9320068359375,545.7000122070312,544.7828979492188,97964110
2023-02-10,547.5,570.5670166015625,541.5999755859375,560.0,559.058837890625,115397585
2023-02-13,559.9000244140625,560.64599609375,551.7000122070312,557.4000244140625,556.4632568359375,76344432
2023-02-14,558.0,565.2000122070312,555.9000244140625,560.0999755859375,559.1585083007812,81010130
2023-02-15,561.7999877929688,565.0999755859375,557.4000244140625,559.7000122070312,558.75927734375,79287029
2023-02-16,560.2000122070312,567.7000122070312,551.2999877929688,567.5999755859375,566.7020874023438,47259232
2023-02-17,564.0,564.5999755859375,556.2999877929688,559.9000244140625,559.0145874023438,59214984
2023-02-20,558.0,562.2000122070312,556.0,558.2000122070312,557.3170776367188,24159385
2023-02-21,556.5999755859375,560.2000122070312,549.6680297851562,550.2999877929688,549.429443359375,58925165
2023-02-22,547.0,550.2999877929688,536.4000244140625,539.4000244140625,538.546875,68447518
2023-02-23,536.7000122070312,551.4000244140625,534.7999877929688,547.0,546.1348266601562,63107361
2023-02-24,551.2999877929688,555.9000244140625,547.7000122070312,550.2000122070312,549.3298950195312,48017492
2023-02-27,554.0,560.4000244140625,553.5,558.2000122070312,557.3170776367188,48174573
2023-02-28,557.9000244140625,561.7999877929688,550.5,550.5,549.6293334960938,132842967
2023-03-01,553.7000122070312,560.0,550.0999755859375,550.2999877929688,549.429443359375,100023591
2023-03-02,552.0,563.7999877929688,550.2999877929688,561.2000122070312,560.3123779296875,77874419
2023-03-03,561.0,561.7000122070312,542.7999877929688,555.2999877929688,554.4217529296875,35685967
2023-03-06,550.7999877929688,560.0,550.7999877929688,559.4000244140625,558.5152587890625,39342667
2023-03-07,560.5,563.280029296875,555.0999755859375,558.5,557.6167602539062,33730187
2023-03-08,558.4000244140625,564.156005859375,557.5,558.4000244140625,557.5169067382812,90878064
2023-03-09,558.4000244140625,560.448974609375,552.4000244140625,557.0,556.1190185546875,51064103
2023-03-10,546.7999877929688,550.7999877929688,542.5999755859375,549.2000122070312,548.3314208984375,49786469
2023-03-13,544.2999877929688,544.5999755859375,514.9000244140625,522.5,521.6736450195312,66961684
2023-03-14,522.0,533.5,512.7999877929688,530.7999877929688,529.9603881835938,58061156
2023-03-15,527.0,527.2379760742188,485.95001220703125,486.79998779296875,486.0299987792969,80860103
2023-03-16,500.0,500.37298583984375,470.79998779296875,482.45001220703125,481.6869812011719,91002516
2023-03-17,489.3500061035156,504.20001220703125,476.75,479.95001220703125,479.1908874511719,243758899
2023-03-20,471.8500061035156,492.5,467.0,487.0,486.229736328125,59602146
2023-03-21,492.0,508.3999938964844,489.8999938964844,503.3999938964844,502.6037292480469,49719627
2023-03-22,500.0,507.8999938964844,497.3999938964844,504.3999938964844,503.60223388671875,81495865
2023-03-23,504.70001220703125,505.29998779296875,496.75,498.70001220703125,497.9112243652344,44282935
2023-03-24,495.95001220703125,495.95001220703125,473.70001220703125,486.29998779296875,485.53082275390625,48133058
2023-03-27,497.25,500.3999938964844,485.20001220703125,496.3999938964844,495.6148681640625,46212840
2023-03-28,508.6000061035156,510.50799560546875,503.1000061035156,507.79998779296875,506.99676513671875,43547632
2023-03-29,510.3999938964844,513.1199951171875,507.20001220703125,510.5,509.6925964355469,28038788
2023-03-30,509.29998779296875,518.2000122070312,506.6629943847656,513.2000122070312,512.3882446289062,48557333
2023-03-31,510.8999938964844,514.7999877929688,508.0,510.79998779296875,509.9920654296875,50242422
2023-04-03,530.0,540.2999877929688,529.802978515625,532.7000122070312,531.8574829101562,63834285
2023-04-04,536.7999877929688,536.9000244140625,526.7999877929688,527.2000122070312,526.3662719726562,90212520
2023-04-05,527.5999755859375,536.5999755859375,527.0,533.7000122070312,532.8558959960938,56824025
2023-04-06,533.2000122070312,537.7429809570312,531.0999755859375,531.9000244140625,531.0587158203125,41038513
2023-04-11,536.4000244140625,540.4000244140625,532.2999877929688,537.0,536.1505737304688,52431560
2023-04-12,537.7999877929688,543.7000122070312,535.7000122070312,539.5999755859375,538.7466430664062,31617199
2023-04-13,536.5,539.5999755859375,534.1129760742188,538.7000122070312,537.8479614257812,36713538
2023-04-14,538.7999877929688,543.35400390625,534.4000244140625,541.0,540.1444091796875,29093336
2023-04-17,545.0,551.0,543.5,543.7999877929688,542.9398803710938,42722801
2023-04-18,544.5,546.4000244140625,538.2999877929688,544.5,543.6387939453125,33195166
2023-04-19,542.0999755859375,543.5999755859375,530.7999877929688,535.4000244140625,534.55322265625,42764947
2023-04-20,533.5999755859375,533.5999755859375,528.0,530.7000122070312,529.860595703125,38107704
2023-04-21,533.2000122070312,533.2000122070312,527.0,530.0,529.1616821289062,52359077
2023-04-24,523.9000244140625,535.5999755859375,521.2000122070312,533.9000244140625,533.0556030273438,48007264
2023-04-25,535.5,540.5999755859375,526.5,529.2999877929688,528.462890625,54938104
2023-04-26,529.5999755859375,535.5,527.2999877929688,533.0999755859375,532.2567749023438,37826711
2023-04-27,527.0,530.4000244140625,521.0,523.5999755859375,522.7718505859375,29337723
2023-04-28,525.9000244140625,535.4000244140625,517.0419921875,534.4000244140625,533.5548706054688,102346561
2023-05-02,517.0,520.0,485.75,488.3500061035156,487.5776062011719,100298625
2023-05-03,490.79998779296875,493.0,479.54998779296875,487.1000061035156,486.32958984375,63327020
2023-05-04,489.3500061035156,494.8999938964844,473.54998779296875,476.5,475.746337890625,59405734
2023-05-05,480.0,494.8280029296875,480.0,492.29998779296875,491.5213317871094,45939194
2023-05-09,489.25,491.45001220703125,484.6499938964844,488.54998779296875,487.7772521972656,104449028
2023-05-10,490.5,491.6000061035156,482.70001220703125,487.1000061035156,486.32958984375,30772404
2023-05-11,482.3999938964844,487.3999938964844,472.25,477.70001220703125,476.99639892578125,104416824
2023-05-12,475.3999938964844,486.28399658203125,475.3479919433594,483.0,482.28863525390625,26990523
2023-05-15,480.95001220703125,484.6499938964844,476.8999938964844,481.70001220703125,480.99053955078125,18786577
2023-05-16,479.45001220703125,484.5329895019531,475.70001220703125,475.95001220703125,475.2490234375,37094876
2023-05-17,475.0,482.25,475.0,478.3500061035156,477.6455078125,27699907
2023-05-18,483.54998779296875,488.3999938964844,478.1000061035156,480.54998779296875,479.84222412109375,35282424
2023-05-19,483.5,488.0419921875,481.3999938964844,481.3999938964844,480.6910705566406,31851791
2023-05-22,481.0,482.04998779296875,477.8500061035156,481.6499938964844,480.9406433105469,33987698
2023-05-23,481.70001220703125,489.8500061035156,479.25,488.29998779296875,487.58087158203125,28870682
2023-05-24,487.29998779296875,489.0,480.3999938964844,486.5,485.78350830078125,41234730
2023-05-25,486.6499938964844,487.4700012207031,473.1499938964844,474.95001220703125,474.25048828125,40900844
2023-05-26,478.0,479.70001220703125,472.75,476.8999938964844,476.19757080078125,34146765
2023-05-30,477.29998779296875,477.3500061035156,464.8500061035156,466.6000061035156,465.9128112792969,41562250
2023-05-31,466.20001220703125,467.45001220703125,447.20001220703125,453.29998779296875,452.63238525390625,143080245
2023-06-01,456.3500061035156,463.45001220703125,454.3500061035156,461.5,460.8203125,51707926
2023-06-02,464.0,476.20001220703125,464.0,474.3500061035156,473.6513671875,37489819
2023-06-05,479.1499938964844,483.70001220703125,472.95001220703125,472.95001220703125,472.25341796875,67794484
2023-06-06,471.8500061035156,473.0,463.6000061035156,471.25,470.5559997558594,55937665
2023-06-07,471.5,475.54998779296875,467.0,473.75,473.0522766113281,32380470
2023-06-08,479.79998779296875,481.20001220703125,472.1000061035156,472.6499938964844,471.953857421875,27698609
2023-06-09,472.3999938964844,473.0,467.04998779296875,468.8999938964844,468.20941162109375,22650325
2023-06-12,469.04998779296875,469.04998779296875,459.70001220703125,462.6000061035156,461.918701171875,41930728
2023-06-13,464.70001220703125,470.95001220703125,462.1629943847656,464.8500061035156,464.1654052734375,31504439
2023-06-14,462.79998779296875,471.75,460.8500061035156,461.1499938964844,460.4708251953125,47486230
2023-06-15,461.20001220703125,462.1499938964844,453.75,459.70001220703125,459.0230407714844,132663040
2023-06-16,460.29998779296875,463.6499938964844,456.70001220703125,459.6000061035156,458.9230651855469,148346033
2023-06-19,456.6000061035156,463.54998779296875,456.25,461.3999938964844,460.720458984375,21983147
2023-06-20,460.1499938964844,462.79998779296875,453.95001220703125,453.95001220703125,453.2814636230469,44022728
2023-06-21,454.3999938964844,465.08099365234375,454.3500061035156,464.0,463.3166198730469,32776702
2023-06-22,461.79998779296875,462.6000061035156,456.6499938964844,460.0,459.322509765625,26326366
2023-06-23,458.8999938964844,459.75,452.45001220703125,454.6499938964844,453.98040771484375,24377511
2023-06-26,458.6000061035156,461.6499938964844,447.5,459.0,458.3239440917969,32437972
2023-06-27,464.25,465.45001220703125,449.70001220703125,452.70001220703125,452.0332946777344,55047258
2023-06-28,452.70001220703125,456.29998779296875,450.1499938964844,455.20001220703125,454.5295715332031,34607059
2023-06-29,456.54998779296875,459.3500061035156,453.6499938964844,454.79998779296875,454.1300964355469,28849470
2023-06-30,458.79998779296875,463.3999938964844,457.25,458.3500061035156,457.6749572753906,38590046
2023-07-03,462.6499938964844,474.45001220703125,462.07501220703125,470.79998779296875,470.10662841796875,58834740
2023-07-04,470.20001220703125,472.79998779296875,467.95001220703125,470.25,469.557373046875,34711932
2023-07-05,468.5,468.8999938964844,458.8500061035156,459.79998779296875,459.12274169921875,34390086
2023-07-06,458.29998779296875,459.8500061035156,449.3999938964844,449.95001220703125,449.287353515625,29972317
2023-07-07,451.54998779296875,456.5,447.8999938964844,453.54998779296875,452.88201904296875,29769711
2023-07-10,454.54998779296875,460.4989929199219,454.1499938964844,454.54998779296875,453.8805236816406,21957479
2023-07-11,456.1000061035156,461.0,453.6000061035156,460.25,459.5721435546875,26070869
2023-07-12,461.70001220703125,473.8500061035156,460.97198486328125,466.75,466.06256103515625,67993693
2023-07-13,466.0,473.45001220703125,465.5,465.6499938964844,464.9642028808594,58290659
2023-07-14,463.3999938964844,467.1499938964844,453.79998779296875,456.45001220703125,455.7777404785156,53684148
2023-07-17,450.04998779296875,462.5,449.1000061035156,452.3999938964844,451.73370361328125,37740332
2023-07-18,449.29998779296875,459.6499938964844,449.18798828125,458.54998779296875,457.8746337890625,34338027
2023-07-19,459.6000061035156,472.29998779296875,459.1000061035156,469.54998779296875,468.8583984375,86547464
2023-07-20,470.0,477.54998779296875,468.8999938964844,472.25,471.55450439453125,41939441
2023-07-21,476.3999938964844,477.8500061035156,472.93798828125,475.79998779296875,475.0992736816406,20833037
2023-07-24,475.0,484.3500061035156,471.70001220703125,483.70001220703125,482.9876403808594,26569921
2023-07-25,485.3999938964844,485.45001220703125,479.29998779296875,481.0,480.29150390625,21473322
2023-07-26,482.79998779296875,482.79998779296875,475.0,478.6000061035156,477.8951416015625,23917334
2023-07-27,478.6000061035156,481.8999938964844,475.5,479.70001220703125,478.9934997558594,41621236
2023-07-28,476.45001220703125,479.70001220703125,472.04998779296875,475.3999938964844,474.6998291015625,28998293
2023-07-31,480.0,484.25,474.29998779296875,483.0,482.28863525390625,27480160
2023-08-01,481.04998779296875,495.0,479.73199462890625,481.75,481.04046630859375,41593105
2023-08-02,480.54998779296875,484.0889892578125,471.843994140625,473.6000061035156,472.90252685546875,31237504
2023-08-03,471.45001220703125,477.8500061035156,465.1000061035156,477.8500061035156,477.1462707519531,40240657
2023-08-04,481.75,487.04998779296875,478.1499938964844,486.45001220703125,485.7336120605469,25148934
2023-08-07,485.6499938964844,486.75,481.1000061035156,483.1000061035156,482.3884582519531,17649617
2023-08-08,480.1499938964844,482.6000061035156,472.0,480.0,479.29302978515625,30528232
2023-08-09,485.0,494.56298828125,485.0,492.6499938964844,491.9244689941406,26026553
2023-08-10,488.6000061035156,493.75,488.3500061035156,490.8999938964844,490.2339782714844,24406467
2023-08-11,485.79998779296875,487.29998779296875,480.67498779296875,486.3999938964844,485.74017333984375,41378261
2023-08-14,484.25,485.1499938964844,478.6000061035156,481.75,481.096435546875,19971382
2023-08-15,483.20001220703125,483.9649963378906,472.20001220703125,473.95001220703125,473.3070373535156,20487257
2023-08-16,471.45001220703125,474.5,468.8999938964844,472.95001220703125,472.3084411621094,32815381
2023-08-17,470.8500061035156,475.95001220703125,470.20001220703125,474.5,473.8562927246094,17517196
2023-08-18,472.0,475.1000061035156,466.7669982910156,473.45001220703125,472.8077392578125,24016116
2023-08-21,475.1000061035156,484.29998779296875,474.8330078125,478.29998779296875,477.651123046875,24233966
2023-08-22,477.54998779296875,480.45001220703125,474.79998779296875,477.8999938964844,477.2516174316406,14469276
2023-08-23,475.95001220703125,478.3500061035156,467.29998779296875,471.1499938964844,470.5108337402344,25396149
2023-08-24,471.04998779296875,475.25,469.6499938964844,473.6000061035156,472.95751953125,45301426
2023-08-25,476.54998779296875,479.95001220703125,474.04998779296875,475.6000061035156,474.9548034667969,17348826
2023-08-29,480.25,488.8500061035156,480.25,485.70001220703125,485.0411071777344,60002080
2023-08-30,489.54998779296875,491.79998779296875,487.5,489.20001220703125,488.536376953125,24266637
2023-08-31,490.8999938964844,492.3999938964844,487.5,487.5,486.83868408203125,67483521
2023-09-01,494.25,502.6000061035156,493.3500061035156,500.79998779296875,500.1205749511719,51611884
2023-09-04,505.0,506.70001220703125,501.70001220703125,501.70001220703125,501.01934814453125,33755811
2023-09-05,498.75,514.2999877929688,497.20001220703125,511.5,510.80609130859375,39236536
2023-09-06,509.79998779296875,518.6500244140625,507.8999938964844,515.9000244140625,515.2001953125,31596122
2023-09-07,514.0,518.9000244140625,513.0999755859375,514.7999877929688,514.1016235351562,24270501
2023-09-08,513.4000244140625,518.0,512.5,517.2999877929688,516.5982666015625,56410630
2023-09-11,518.5999755859375,521.7000122070312,515.2999877929688,517.2999877929688,516.5982666015625,27042179
2023-09-12,516.5,523.2999877929688,513.0,522.7999877929688,522.0906982421875,39010905
2023-09-13,515.0,526.0,506.8999938964844,508.20001220703125,507.5105895996094,63569624
2023-09-14,512.0999755859375,526.1160278320312,510.0,524.0999755859375,523.388916015625,42108759
2023-09-15,527.2999877929688,528.9000244140625,520.7000122070312,523.2000122070312,522.4901733398438,116246149
2023-09-18,525.2999877929688,527.4000244140625,518.0490112304688,519.2000122070312,518.49560546875,40471624
2023-09-19,522.7000122070312,526.4000244140625,520.5,524.7999877929688,524.0880126953125,31257833
2023-09-20,521.2000122070312,524.7999877929688,514.0,523.4000244140625,522.6900634765625,50633664
2023-09-21,519.4000244140625,529.0999755859375,514.6099853515625,520.4000244140625,519.6940307617188,37642478
2023-09-22,517.0,529.0999755859375,515.5999755859375,525.7000122070312,524.9869384765625,54784695
2023-09-25,525.9000244140625,529.5,521.9000244140625,527.2999877929688,526.58447265625,73361478
2023-09-26,525.4000244140625,533.2999877929688,521.2000122070312,530.9000244140625,530.1797485351562,37341036
2023-09-27,532.0999755859375,538.7999877929688,530.5999755859375,538.5,537.76953125,32127157
2023-09-28,542.5999755859375,549.5999755859375,537.2000122070312,541.0999755859375,540.3658447265625,32567410
2023-09-29,538.0,540.2990112304688,531.2999877929688,531.4000244140625,530.6790161132812,35035280
2023-10-02,531.7000122070312,536.0999755859375,518.2000122070312,519.0999755859375,518.3958129882812,36107770
2023-10-03,518.7999877929688,522.4000244140625,514.4000244140625,515.7999877929688,515.1001586914062,28338046
2023-10-04,515.7999877929688,518.4000244140625,495.45001220703125,499.45001220703125,498.7724609375,65919171
2023-10-05,497.1000061035156,501.29998779296875,489.54998779296875,499.04998779296875,498.37298583984375,29909637
2023-10-06,500.20001220703125,509.6000061035156,496.3999938964844,505.6000061035156,504.91412353515625,32751712
2023-10-09,516.5,523.9000244140625,514.0,520.2999877929688,519.5940551757812,41660240
2023-10-10,522.2000122070312,525.7999877929688,513.25,525.0999755859375,524.3876342773438,29229090
2023-10-11,527.7000122070312,535.7999877929688,519.4000244140625,520.2999877929688,519.5940551757812,34467712
2023-10-12,529.0,538.7999877929688,517.7000122070312,536.0999755859375,535.3726806640625,44740720
2023-10-13,541.2999877929688,550.5,540.9390258789062,547.7000122070312,546.9570922851562,57809715
2023-10-16,549.5999755859375,553.9000244140625,544.0999755859375,549.0,548.2553100585938,27537172
2023-10-17,549.0,558.2000122070312,546.5,555.0,554.2470703125,29268291
2023-10-18,558.5999755859375,562.2999877929688,553.2000122070312,558.0,557.2429809570312,41580407
2023-10-19,558.7999877929688,562.0999755859375,547.0,552.9000244140625,552.1497802734375,37415124
2023-10-20,554.2000122070312,559.4000244140625,544.2000122070312,545.4000244140625,544.66015625,38451397
2023-10-23,540.0,545.7000122070312,528.7999877929688,532.2000122070312,531.47802734375,50972360
2023-10-24,528.5,539.9000244140625,526.0999755859375,534.4000244140625,533.6751098632812,28977543
2023-10-25,531.9000244140625,539.1190185546875,528.5999755859375,534.7000122070312,533.9746704101562,29861833
2023-10-26,535.4000244140625,539.4000244140625,528.2000122070312,533.7999877929688,533.0758666992188,38413624
2023-10-27,538.9000244140625,546.5999755859375,527.7999877929688,530.5,529.7802734375,41695925
2023-10-30,529.0,532.9000244140625,522.4000244140625,526.7000122070312,525.9854736328125,121755943
2023-10-31,505.1000061035156,509.70001220703125,494.3500061035156,502.6000061035156,501.9181823730469,76877717
2023-11-01,495.0,503.2860107421875,488.45001220703125,494.3999938964844,493.729248046875,68277080
2023-11-02,496.79998779296875,501.5,489.04998779296875,498.6000061035156,497.9236145019531,45955885
2023-11-03,503.1000061035156,506.20001220703125,483.6499938964844,489.8500061035156,489.1854553222656,42349431
2023-11-06,487.04998779296875,493.3500061035156,484.70001220703125,491.5,490.8332824707031,22437947
2023-11-07,486.45001220703125,494.75,480.0,481.04998779296875,480.3974304199219,45496434
2023-11-08,479.5,482.3500061035156,477.1499938964844,477.1499938964844,476.502685546875,41605283
2023-11-09,470.3500061035156,476.75,467.927001953125,475.3500061035156,474.76220703125,57804997
2023-11-10,475.79998779296875,480.79998779296875,472.5,477.8500061035156,477.25909423828125,52311069
2023-11-13,478.0,486.25,474.75,484.70001220703125,484.1006774902344,88202438
2023-11-14,485.54998779296875,486.8999938964844,477.25,480.95001220703125,480.35528564453125,35677953
2023-11-15,482.20001220703125,483.69000244140625,477.3500061035156,482.1000061035156,481.50390625,35501660
2023-11-16,484.6000061035156,484.6000061035156,466.95001220703125,468.3999938964844,467.8207702636719,53854850
2023-11-17,470.8500061035156,479.29998779296875,465.3500061035156,477.70001220703125,477.1092834472656,31396118
2023-11-20,477.0,482.95001220703125,475.0,480.45001220703125,479.85595703125,25351952
2023-11-21,476.5,484.1000061035156,472.6499938964844,476.54998779296875,475.96075439453125,28546512
2023-11-22,477.5,480.3500061035156,460.54998779296875,466.1499938964844,465.5735778808594,47631831
2023-11-23,470.1000061035156,475.29998779296875,469.79998779296875,473.5,472.9144592285156,30356397
2023-11-24,472.04998779296875,478.3500061035156,469.25,476.5,475.91082763671875,28715999
2023-11-27,472.54998779296875,479.3999938964844,468.8500061035156,475.04998779296875,474.4625549316406,26852117
2023-11-28,473.45001220703125,478.3999938964844,471.0,475.0,474.41265869140625,31685115
2023-11-29,471.1000061035156,477.0,469.59100341796875,471.95001220703125,471.3664245605469,25614563
2023-11-30,476.1499938964844,489.70001220703125,473.0,479.1000061035156,478.5075988769531,108153194
2023-12-01,479.04998779296875,483.3500061035156,475.29998779296875,478.3999938964844,477.8084411621094,27229904
2023-12-04,467.8999938964844,481.29998779296875,465.70001220703125,471.95001220703125,471.3664245605469,32172134
2023-12-05,467.6000061035156,474.95001220703125,464.75,471.8999938964844,471.3164367675781,24907516
2023-12-06,469.75,475.04998779296875,465.85699462890625,465.95001220703125,465.37384033203125,41030519
2023-12-07,464.1499938964844,468.75,459.70001220703125,460.25,459.6808776855469,55747706
2023-12-08,463.0,470.75,457.45001220703125,468.25,467.6710205078125,24167396
2023-12-11,469.20001220703125,471.75,463.6000061035156,467.25,466.6722412109375,35796728
2023-12-12,467.1000061035156,470.6000061035156,460.70001220703125,460.95001220703125,460.3800354003906,38314237
2023-12-13,459.0,463.75,456.6000061035156,459.8500061035156,459.2814025878906,69403048
2023-12-14,462.0,471.1499938964844,457.04998779296875,465.8999938964844,465.3238830566406,52321651
2023-12-15,470.1000061035156,471.95001220703125,456.79998779296875,457.8500061035156,457.2839050292969,96522587
2023-12-18,458.1499938964844,468.79998779296875,455.1000061035156,465.20001220703125,464.6247863769531,33098312
2023-12-19,462.20001220703125,468.0,459.6499938964844,463.6499938964844,463.07666015625,53598202
2023-12-20,469.20001220703125,474.79998779296875,460.8500061035156,467.0,466.4225769042969,42991600
2023-12-21,466.5,469.8500061035156,460.989013671875,466.25,465.6734619140625,33563181
2023-12-22,467.70001220703125,469.79998779296875,466.25,467.20001220703125,466.622314453125,13038240
2023-12-27,468.8999938964844,472.1000061035156,464.3500061035156,467.20001220703125,466.622314453125,28098605
2023-12-28,466.1499938964844,468.3500061035156,464.04998779296875,465.20001220703125,464.6247863769531,20417183
2023-12-29,464.79998779296875,466.1499938964844,460.1499938964844,466.1499938964844,465.5735778808594,7867412
2024-01-02,468.79998779296875,472.70001220703125,468.2380065917969,471.0,470.41754150390625,33328827
2024-01-03,470.25,473.20001220703125,465.04998779296875,471.95001220703125,471.3664245605469,45614156
2024-01-04,478.0,481.3999938964844,473.45001220703125,473.45001220703125,472.8645935058594,42735951
2024-01-05,469.20001220703125,477.0,467.29998779296875,473.8500061035156,473.2641296386719,24320784
2024-01-08,468.8500061035156,471.54998779296875,459.25,461.45001220703125,460.8794250488281,55325731
2024-01-09,465.1000061035156,468.8999938964844,459.3500061035156,459.3500061035156,458.781982421875,40706060
2024-01-10,457.79998779296875,462.29998779296875,455.0,456.45001220703125,455.8856201171875,37881695
2024-01-11,457.0,459.95001220703125,453.6000061035156,454.20001220703125,453.638427734375,58744356
2024-01-12,457.75,462.1499938964844,454.1499938964844,454.1499938964844,453.5884094238281,52003173
2024-01-15,455.54998779296875,458.3999938964844,451.20001220703125,453.0,452.43988037109375,18140591
2024-01-16,450.79998779296875,458.70001220703125,448.20001220703125,452.29998779296875,451.7406921386719,59228159
2024-01-17,449.0,450.45001220703125,442.20001220703125,448.5,447.94537353515625,31448085
2024-01-18,446.8500061035156,448.79998779296875,442.8999938964844,444.25,443.70068359375,41131760
2024-01-19,447.6000061035156,449.6499938964844,445.6000061035156,445.79998779296875,445.248779296875,37796850
2024-01-22,444.8999938964844,448.70001220703125,441.04998779296875,446.04998779296875,445.4984436035156,49223741
2024-01-23,451.0,453.3999938964844,448.25,451.20001220703125,450.64208984375,73316873
2024-01-24,448.95001220703125,453.20001220703125,447.95001220703125,452.95001220703125,452.3899230957031,32364493
2024-01-25,454.04998779296875,460.6000061035156,454.04998779296875,455.6499938964844,455.0865478515625,35277281
2024-01-26,461.0,465.04998779296875,461.0,461.70001220703125,461.1291198730469,62851396
2024-01-29,469.95001220703125,471.6499938964844,464.79998779296875,465.79998779296875,465.2240295410156,41911027
2024-01-30,466.0,470.70001220703125,465.3500061035156,468.70001220703125,468.1204528808594,37940033
2024-01-31,471.25,471.8999938964844,462.45001220703125,462.45001220703125,461.878173828125,47790959
2024-02-01,466.0,470.20001220703125,463.8999938964844,465.6499938964844,465.07421875,61323779
2024-02-02,462.20001220703125,462.20001220703125,454.75,458.70001220703125,458.1327819824219,49932383
2024-02-05,457.0,459.75,450.95001220703125,454.1499938964844,453.5884094238281,80116015
2024-02-06,475.04998779296875,485.54998779296875,474.54998779296875,478.95001220703125,478.3577880859375,82162539
2024-02-07,478.45001220703125,483.29998779296875,474.29998779296875,474.6000061035156,474.0131530761719,38147418
2024-02-08,474.6000061035156,480.6499938964844,468.29998779296875,476.25,475.6611022949219,56004480
2024-02-09,477.25,485.0,476.9289855957031,478.45001220703125,477.8583679199219,36801010
2024-02-12,476.20001220703125,482.8500061035156,474.70001220703125,479.45001220703125,478.85711669921875,34478010
2024-02-13,480.04998779296875,486.95001220703125,477.75,479.75,479.15679931640625,64524012
2024-02-14,480.75,484.3500061035156,474.75,476.5,475.91082763671875,83053311
2024-02-15,468.95001220703125,471.1000061035156,461.70001220703125,468.75,468.226318359375,47956226
2024-02-16,472.04998779296875,475.8999938964844,469.04998779296875,472.0,471.4726867675781,68994296
2024-02-19,469.54998779296875,476.70001220703125,468.75,474.79998779296875,474.2695617675781,42919187
2024-02-20,475.25,475.79998779296875,465.8500061035156,466.54998779296875,466.02880859375,74569340
2024-02-21,466.45001220703125,471.20001220703125,464.70001220703125,470.3999938964844,469.87445068359375,21160072
2024-02-22,470.95001220703125,473.5,465.3999938964844,468.20001220703125,467.67694091796875,28685711
2024-02-23,467.70001220703125,470.3500061035156,460.6000061035156,466.1000061035156,465.5793151855469,38609321
2024-02-26,462.1499938964844,467.78399658203125,461.6000061035156,466.29998779296875,465.7790832519531,51036423
2024-02-27,464.75,469.29998779296875,464.6499938964844,466.25,465.7290954589844,26874287
2024-02-28,465.45001220703125,466.45001220703125,461.6189880371094,462.29998779296875,461.7834777832031,44063707
2024-02-29,461.0,463.95001220703125,459.0,460.70001220703125,460.185302734375,82613316
2024-03-01,465.5,471.8500061035156,463.79998779296875,471.6499938964844,471.123046875,28020852
2024-03-04,475.0,479.54998779296875,469.3500061035156,469.75,469.2252197265625,28926170
2024-03-05,468.54998779296875,471.45001220703125,466.79998779296875,470.8999938964844,470.3739013671875,38759663
2024-03-06,470.8999938964844,480.3500061035156,470.54998779296875,478.8999938964844,478.3650207519531,60267530
2024-03-07,478.0,478.8999938964844,474.45001220703125,476.04998779296875,475.51812744140625,45702232
2024-03-08,476.8999938964844,480.29998779296875,471.95001220703125,472.1000061035156,471.57257080078125,28931120
2024-03-11,470.25,473.1499938964844,467.6000061035156,471.70001220703125,471.1729736328125,35867890
2024-03-12,474.0,480.45001220703125,474.0,477.45001220703125,476.91656494140625,31190073
2024-03-13,478.8999938964844,486.79998779296875,476.79998779296875,485.0,484.4581604003906,42579563
2024-03-14,485.0,490.04998779296875,483.8500061035156,490.0,489.4525146484375,35567441
2024-03-15,491.6499938964844,495.0,490.3999938964844,491.0,490.451416015625,90759376
2024-03-18,493.3500061035156,496.45001220703125,491.1499938964844,493.29998779296875,492.7488708496094,25477960
2024-03-19,495.0,498.95001220703125,492.6000061035156,498.29998779296875,497.7432861328125,41509699
2024-03-20,496.1499938964844,497.3999938964844,491.6000061035156,493.6499938964844,493.09844970703125,38050619
2024-03-21,497.3999938964844,499.5,494.95001220703125,496.6499938964844,496.0951232910156,51406366
2024-03-22,496.54998779296875,503.40899658203125,495.79998779296875,498.8500061035156,498.2926330566406,30594894
2024-03-25,500.29998779296875,507.6000061035156,499.9259948730469,505.8999938964844,505.3348083496094,33098744
2024-03-26,505.20001220703125,505.34698486328125,497.8999938964844,499.79998779296875,499.2416076660156,76471060
2024-03-27,495.6499938964844,496.29998779296875,489.3949890136719,492.79998779296875,492.24945068359375,36217347
2024-03-28,495.45001220703125,498.75,493.29998779296875,495.70001220703125,495.14617919921875,36119907
2024-04-02,504.1000061035156,511.70001220703125,502.79998779296875,508.6000061035156,508.0317687988281,87644567
2024-04-03,510.70001220703125,511.8999938964844,505.29998779296875,511.6000061035156,511.0284118652344,66997272
2024-04-04,512.0,512.7999877929688,505.3999938964844,508.8999938964844,508.33148193359375,46518238
2024-04-05,509.0,511.0,504.8999938964844,506.1000061035156,505.53460693359375,66027941
2024-04-08,505.29998779296875,513.7999877929688,503.8999938964844,509.8999938964844,509.3302917480469,59384259
2024-04-09,514.0,520.2999877929688,513.4000244140625,516.5999755859375,516.0227661132812,57845460
2024-04-10,519.7000122070312,523.5,516.0999755859375,520.0999755859375,519.5189208984375,34307836
2024-04-11,523.0,531.5,518.4000244140625,520.0,519.4191284179688,36072573
2024-04-12,530.0,541.0,528.0999755859375,539.0999755859375,538.4976196289062,57022457
2024-04-15,528.5,534.2999877929688,522.5,527.2999877929688,526.7108154296875,45839250
2024-04-16,521.7000122070312,523.0,511.8999938964844,515.5999755859375,515.02392578125,40501558
2024-04-17,513.2999877929688,520.0999755859375,512.0,516.7999877929688,516.22265625,41516392
2024-04-18,511.79998779296875,515.0999755859375,508.20001220703125,512.4000244140625,511.82757568359375,38651074
2024-04-19,510.79998779296875,516.0150146484375,504.5880126953125,514.9000244140625,514.32470703125,50577770
2024-04-22,516.0999755859375,523.7999877929688,514.9000244140625,522.5,521.916259765625,37823225
2024-04-23,524.2000122070312,530.5999755859375,521.0,523.0999755859375,522.5155029296875,56993159
2024-04-24,529.2000122070312,531.4000244140625,525.2999877929688,525.5999755859375,525.0127563476562,59957431
2024-04-25,523.2999877929688,529.5999755859375,520.0,526.2999877929688,525.7119750976562,65563155
2024-04-26,529.2999877929688,534.02001953125,522.2999877929688,524.7999877929688,524.2136840820312,26337593
2024-04-29,524.7999877929688,527.7999877929688,523.0,523.2999877929688,522.7153930664062,22279994
2024-04-30,526.0,529.2999877929688,520.4000244140625,520.4000244140625,519.8186645507812,28971121
2024-05-01,520.0,510.29998779296875,508.79998779296875,509.3999938964844,508.83087158203125,4659383
2024-05-02,508.5,520.4000244140625,503.3999938964844,515.7999877929688,515.2236938476562,31294101
2024-05-03,516.2999877929688,520.0,506.1000061035156,510.3999938964844,509.82977294921875,26147916
2024-05-07,506.3999938964844,515.5,499.6000061035156,503.70001220703125,503.13726806640625,57493548
2024-05-08,498.0,500.6000061035156,490.6499938964844,500.5,499.9408264160156,101765120
2024-05-09,502.1000061035156,508.20001220703125,497.45001220703125,504.1000061035156,503.5368347167969,88510542
2024-05-10,506.1000061035156,511.70001220703125,501.0,506.20001220703125,505.63446044921875,45039104
2024-05-13,505.20001220703125,509.29998779296875,502.1000061035156,505.0,504.435791015625,25990894
2024-05-14,507.6000061035156,510.79998779296875,501.29998779296875,502.29998779296875,501.7388000488281,65513117
2024-05-15,504.0,507.1000061035156,492.6499938964844,496.95001220703125,496.3948059082031,28251819
2024-05-16,491.70001220703125,499.95001220703125,485.54998779296875,489.29998779296875,488.8091735839844,31637236
2024-05-17,491.0,493.1000061035156,487.1000061035156,491.29998779296875,490.80718994140625,66722822
2024-05-20,492.20001220703125,497.1000061035156,491.1499938964844,491.25,490.7572937011719,74139583
2024-05-21,488.79998779296875,494.20001220703125,485.54998779296875,490.79998779296875,490.3077087402344,74516350
2024-05-22,481.75,493.75,477.1000061035156,481.70001220703125,481.21685791015625,48069299
2024-05-23,479.8500061035156,486.5,476.70001220703125,482.54998779296875,482.06597900390625,35339546
2024-05-24,479.29998779296875,485.45001220703125,476.70001220703125,483.0,482.51556396484375,30736913
2024-05-28,488.25,490.79998779296875,480.1000061035156,487.0,486.51153564453125,96467106
2024-05-29,489.20001220703125,495.3999938964844,487.45001220703125,489.1000061035156,488.6094055175781,33714893
2024-05-30,485.0,492.04998779296875,482.04998779296875,485.25,484.7632751464844,59508416
2024-05-31,485.25,488.8500061035156,482.04998779296875,488.1499938964844,487.6603698730469,49747460
2024-06-03,491.6000061035156,494.3500061035156,480.45001220703125,481.20001220703125,480.71734619140625,51535949
2024-06-04,472.29998779296875,473.0,460.8999938964844,462.8999938964844,462.43572998046875,59374020
2024-06-05,463.8999938964844,466.54998779296875,460.1000061035156,460.3999938964844,459.9381408691406,37366840
2024-06-06,462.95001220703125,465.6000061035156,457.6000061035156,463.1499938964844,462.6854553222656,24191464
2024-06-07,463.3500061035156,467.20001220703125,460.3500061035156,462.70001220703125,462.23590087890625,28556083
2024-06-10,463.6000061035156,471.20001220703125,459.8999938964844,470.8500061035156,470.37774658203125,31405955
2024-06-11,471.0,473.79998779296875,465.8999938964844,468.3500061035156,467.8802490234375,36666931
2024-06-12,470.54998779296875,474.54998779296875,463.6499938964844,464.8999938964844,464.4336853027344,24703041
2024-06-13,464.3999938964844,465.54998779296875,457.7879943847656,460.0,459.53857421875,34613400
2024-06-14,460.29998779296875,463.3500061035156,458.29998779296875,460.0,459.53857421875,24629988
2024-06-17,459.95001220703125,462.1499938964844,457.5,460.6499938964844,460.18792724609375,21606961
2024-06-18,461.95001220703125,468.0,461.54998779296875,466.8500061035156,466.3817443847656,32364208
2024-06-19,466.0,469.1499938964844,465.41900634765625,466.3500061035156,465.88226318359375,22876709
2024-06-20,466.54998779296875,472.8999938964844,463.54998779296875,470.5,470.0281066894531,49565069
2024-06-21,468.3999938964844,473.3500061035156,464.54998779296875,471.0,470.5275573730469,86474396
2024-06-24,466.6000061035156,475.1000061035156,463.3999938964844,474.1499938964844,473.6744384765625,41705397
2024-06-25,475.70001220703125,480.8500061035156,472.95001220703125,473.8999938964844,473.4246520996094,32854319
2024-06-26,474.54998779296875,478.5,470.54998779296875,470.54998779296875,470.0779724121094,26737597
2024-06-27,472.0,477.1499938964844,467.70001220703125,472.79998779296875,472.3257751464844,20914870
2024-06-28,476.29998779296875,479.6000061035156,474.25,475.20001220703125,474.7233581542969,34507960
2024-07-01,479.29998779296875,482.20001220703125,472.29998779296875,478.5,478.02008056640625,20833173
2024-07-02,482.8500061035156,490.2489929199219,475.6000061035156,484.70001220703125,484.2138366699219,28157656
2024-07-03,485.0,487.5,481.70001220703125,482.6499938964844,482.1659240722656,40487574
2024-07-04,483.5,490.29998779296875,479.75,490.29998779296875,489.8082275390625,20860189
2024-07-05,489.3999938964844,493.25,482.0,482.20001220703125,481.71636962890625,68684950
2024-07-08,479.70001220703125,479.95001220703125,474.6499938964844,474.6499938964844,474.1738586425781,33327293
2024-07-09,460.0,463.7659912109375,451.25,454.25,453.79437255859375,94514575
2024-07-10,451.5,458.5,448.3999938964844,454.6499938964844,454.1940002441406,59103197
2024-07-11,452.79998779296875,457.3999938964844,448.29998779296875,451.79998779296875,451.3468017578125,27230410
2024-07-12,455.0,460.1000061035156,449.04998779296875,453.5,453.0451354980469,24153584
2024-07-15,447.45001220703125,456.25,444.29998779296875,449.3999938964844,448.9492492675781,22978638
2024-07-16,448.29998779296875,452.1000061035156,443.0,446.6000061035156,446.15203857421875,23748366
2024-07-17,446.79998779296875,454.4639892578125,445.8599853515625,452.70001220703125,452.2459716796875,21130713
2024-07-18,458.0,462.8999938964844,449.95001220703125,459.0,458.5396423339844,24358024
2024-07-19,457.79998779296875,467.29998779296875,449.95001220703125,457.29998779296875,456.84130859375,23647860
2024-07-22,458.0,459.54998779296875,424.6300048828125,457.79998779296875,457.3408203125,32925599
2024-07-23,456.1499938964844,457.75,450.20001220703125,450.6499938964844,450.197998046875,64027598
2024-07-24,450.04998779296875,521.3400268554688,418.0,453.04998779296875,452.5956115722656,24766718
2024-07-25,448.75,453.95001220703125,444.8500061035156,453.5,453.0451354980469,18153449
2024-07-26,457.3500061035156,460.0,404.739990234375,454.5,454.0440979003906,19286977
2024-07-29,462.04998779296875,464.8999938964844,453.0,453.0,452.545654296875,30170740
2024-07-30,467.95001220703125,467.95001220703125,450.6000061035156,451.6499938964844,451.1969909667969,28709940
2024-07-31,458.95001220703125,463.4100036621094,455.70001220703125,458.8500061035156,458.3897399902344,55453062
2024-08-01,459.0,464.3999938964844,432.92999267578125,453.8999938964844,453.4447326660156,20946819
2024-08-02,450.3999938964844,457.20001220703125,444.3500061035156,444.79998779296875,444.3538818359375,38462239
2024-08-05,433.45001220703125,521.3400268554688,424.6300048828125,431.0,430.5677185058594,80556024
2024-08-06,434.3999938964844,435.70001220703125,426.1000061035156,430.70001220703125,430.2679748535156,64260354
2024-08-07,430.3500061035156,438.8999938964844,418.0,437.25,436.8114318847656,53311556
2024-08-08,430.20001220703125,445.67999267578125,427.8500061035156,431.25,430.8770751953125,20697887
2024-08-09,432.45001220703125,434.8999938964844,430.70001220703125,433.75,433.3748779296875,34523577
2024-08-12,436.0,441.3500061035156,435.0,439.6000061035156,439.2198486328125,16891334
2024-08-13,440.95001220703125,441.25,435.54998779296875,437.0,436.6221008300781,36515280
2024-08-14,440.29998779296875,441.45001220703125,389.7699890136719,437.0,436.6221008300781,17216347
2024-08-15,438.8999938964844,445.20001220703125,432.92999267578125,443.45001220703125,443.0665588378906,24187011
2024-08-16,442.0,446.6000061035156,437.6000061035156,441.25,440.8683776855469,22988743
2024-08-19,439.3500061035156,443.8070068359375,424.6300048828125,442.04998779296875,441.667724609375,20318176
2024-08-20,436.0,439.8500061035156,429.3999938964844,429.8500061035156,429.478271484375,32364821
2024-08-21,428.95001220703125,437.1199951171875,418.0,430.3999938964844,430.02777099609375,24742499
2024-08-22,426.8999938964844,445.67999267578125,424.5,426.20001220703125,425.83148193359375,41043486
2024-08-23,428.75,430.8500061035156,427.8810119628906,429.29998779296875,428.9287414550781,33227687
2024-08-27,433.29998779296875,437.6000061035156,432.1000061035156,432.1499938964844,431.7762756347656,30872762
2024-08-28,431.8500061035156,433.5,427.95001220703125,431.54998779296875,431.1767578125,16085937
2024-08-29,429.79998779296875,436.3500061035156,428.3500061035156,434.75,434.3740539550781,26449293
2024-08-30,435.8999938964844,438.20001220703125,427.6499938964844,429.3999938964844,429.0286560058594,53814676
2024-09-02,429.04998779296875,431.3500061035156,427.79998779296875,430.25,429.8778991699219,12103622
2024-09-03,429.1499938964844,430.04998779296875,415.75,416.3500061035156,415.98992919921875,43111786
2024-09-04,413.5,419.1000061035156,411.04998779296875,413.8500061035156,413.49212646484375,36693626
2024-09-05,411.54998779296875,415.29998779296875,410.5950012207031,411.70001220703125,411.3439636230469,46140205
2024-09-06,409.25,412.1499938964844,404.9429931640625,405.70001220703125,405.34918212890625,31827157
2024-09-09,407.04998779296875,409.04998779296875,404.8500061035156,406.6499938964844,406.2983703613281,33085523
2024-09-10,404.8500061035156,407.70001220703125,395.75,397.45001220703125,397.1062927246094,37034637
2024-09-11,399.3500061035156,404.6000061035156,397.5,398.25,397.90557861328125,36821119
2024-09-12,404.3500061035156,406.95001220703125,398.8999938964844,403.0,402.65142822265625,31903145
2024-09-13,403.0,406.45001220703125,402.3999938964844,404.20001220703125,403.8504333496094,24362540
2024-09-16,402.6000061035156,410.0,402.1000061035156,406.1499938964844,405.79876708984375,25543399
2024-09-17,408.70001220703125,411.75,407.04998779296875,410.45001220703125,410.0950622558594,29084397
2024-09-18,411.0,412.45001220703125,409.3999938964844,410.3500061035156,409.9951477050781,46564123
2024-09-19,414.95001220703125,420.20001220703125,414.63800048828125,417.45001220703125,417.0889892578125,37958785
2024-09-20,411.54998779296875,415.2799987792969,406.75,409.54998779296875,409.19580078125,92290197
2024-09-23,411.95001220703125,413.8999938964844,408.8399963378906,411.75,411.3939208984375,20031081
2024-09-24,412.79998779296875,416.73699951171875,410.1499938964844,410.1499938964844,409.7952880859375,75926000
2024-09-25,407.6000061035156,409.79998779296875,398.6809997558594,400.25,399.9038391113281,71570657
2024-09-26,383.0,387.04998779296875,379.70001220703125,383.8500061035156,383.51806640625,116231175
2024-09-27,385.20001220703125,390.6000061035156,384.45001220703125,388.1499938964844,387.8143310546875,94870761
2024-09-30,393.0,395.45001220703125,388.8500061035156,391.70001220703125,391.361328125,35750230
2024-10-01,391.0,402.75,387.3999938964844,401.0,400.6531982421875,47005085
2024-10-02,406.5,413.6000061035156,405.8500061035156,406.6000061035156,406.2484130859375,49730594
2024-10-03,410.0,411.1499938964844,405.25,409.0,408.6462707519531,63566854
2024-10-04,412.3999938964844,418.1499938964844,411.54998779296875,416.8500061035156,416.489501953125,32703997
2024-10-07,419.70001220703125,426.0,417.1000061035156,422.1000061035156,421.7349548339844,30854016
2024-10-08,418.8500061035156,419.1000061035156,405.8999938964844,406.45001220703125,406.0984802246094,41006876
2024-10-09,402.29998779296875,408.1499938964844,402.29998779296875,406.3999938964844,406.0485534667969,25396232
2024-10-10,407.0,413.54998779296875,406.29400634765625,410.8500061035156,410.49468994140625,25972269
2024-10-11,408.0,412.04998779296875,404.1000061035156,409.45001220703125,409.0959167480469,29864221
2024-10-14,405.8500061035156,410.04998779296875,405.1499938964844,408.3999938964844,408.0468444824219,29113517
2024-10-15,392.29998779296875,396.6000061035156,388.0,392.5,392.1605224609375,58233839
2024-10-16,393.5,399.3320007324219,393.5,395.45001220703125,395.1080322265625,84889024
2024-10-17,395.6499938964844,401.7120056152344,395.3500061035156,400.0,399.654052734375,33733273
2024-10-18,401.54998779296875,406.29998779296875,397.6000061035156,399.6000061035156,399.2544250488281,30968082
2024-10-21,401.3500061035156,408.3500061035156,401.3500061035156,404.8500061035156,404.4998779296875,27816924
2024-10-22,404.20001220703125,407.8500061035156,402.3500061035156,406.45001220703125,406.0984802246094,27637025
2024-10-23,404.95001220703125,407.5,402.29998779296875,402.70001220703125,402.351806640625,24362222
2024-10-24,404.45001220703125,410.79998779296875,401.79998779296875,401.79998779296875,401.4525146484375,58531657
2024-10-25,401.95001220703125,406.95001220703125,401.1499938964844,404.8999938964844,404.5498352050781,24028000
2024-10-28,398.70001220703125,400.1000061035156,392.75,399.1000061035156,398.7548522949219,35303917
2024-10-29,395.0,397.70001220703125,377.6499938964844,379.25,378.9220275878906,62007775
2024-10-30,375.95001220703125,380.5,371.1000061035156,374.04998779296875,373.7265319824219,106193039
2024-10-31,373.1499938964844,378.3500061035156,372.0,376.6499938964844,376.32427978515625,44848773
2024-11-01,378.45001220703125,386.04998779296875,378.20001220703125,378.20001220703125,377.8729553222656,74742153
2024-11-04,380.25,386.1000061035156,380.04998779296875,382.0,381.6696472167969,27542215
2024-11-05,380.79998779296875,386.25,380.79998779296875,385.1000061035156,384.7669677734375,25926595
2024-11-06,385.20001220703125,393.45001220703125,382.6239929199219,386.5,386.1657409667969,47116382
2024-11-07,385.25,388.0,381.27099609375,381.5,381.232177734375,76438610
2024-11-08,381.79998779296875,382.6499938964844,372.3500061035156,373.29998779296875,373.0379333496094,36605259
2024-11-11,374.75,377.45001220703125,372.3999938964844,373.0,372.7381286621094,22710044
2024-11-12,373.29998779296875,374.8500061035156,366.29998779296875,367.29998779296875,367.0421142578125,40772606
2024-11-13,367.75,370.45001220703125,365.20001220703125,370.04998779296875,369.7901916503906,43776178
2024-11-14,373.45001220703125,381.54998779296875,372.3999938964844,379.25,378.9837341308594,34226590
2024-11-15,377.3500061035156,386.0,377.29998779296875,382.70001220703125,382.43133544921875,31313356
2024-11-18,382.25,389.25,381.1000061035156,387.1000061035156,386.8282775878906,38396152
2024-11-19,387.25,389.5,380.79998779296875,382.79998779296875,382.53125,29990253
2024-11-20,381.6000061035156,384.1000061035156,380.79998779296875,381.54998779296875,381.2821350097656,28987219
2024-11-21,383.8500061035156,390.06500244140625,383.0,388.6000061035156,388.32720947265625,31243080
2024-11-22,393.1499938964844,394.8999938964844,388.70001220703125,392.70001220703125,392.42431640625,36507407
2024-11-25,392.45001220703125,397.5,387.8500061035156,387.8500061035156,387.5777282714844,55878231
2024-11-26,386.8500061035156,388.7090148925781,383.3999938964844,383.45001220703125,383.18084716796875,36191208
2024-11-27,383.6000061035156,385.3500061035156,381.5,384.1499938964844,383.8803405761719,45565981
2024-11-28,381.79998779296875,385.45001220703125,381.54998779296875,385.45001220703125,385.1794128417969,15369425
2024-11-29,383.75,385.79998779296875,382.6499938964844,384.6499938964844,384.3799743652344,20089503
2024-12-02,383.8500061035156,394.1000061035156,376.79998779296875,380.6000061035156,380.33282470703125,21721770
2024-12-03,383.04998779296875,390.6000061035156,382.1820068359375,387.6000061035156,387.32794189453125,38341720
2024-12-04,388.3500061035156,391.20001220703125,384.20001220703125,384.3500061035156,384.0802001953125,26302667
2024-12-05,382.70001220703125,384.1549987792969,378.25,379.20001220703125,378.9338073730469,23462098
2024-12-06,380.79998779296875,384.25,375.1499938964844,377.75,377.4848327636719,49269965
2024-12-09,378.8999938964844,397.5,378.6419982910156,393.8500061035156,393.573486328125,41255190
2024-12-10,392.29998779296875,396.70001220703125,391.718994140625,395.5,395.22235107421875,27056028
2024-12-11,393.20001220703125,396.54998779296875,392.0,394.04998779296875,393.7733459472656,32162289
2024-12-12,397.6000061035156,399.79998779296875,395.70001220703125,397.04998779296875,396.771240234375,23371766
2024-12-13,398.6000061035156,398.8999938964844,392.6000061035156,395.95001220703125,395.67205810546875,54185785
2024-12-16,394.3500061035156,396.1000061035156,383.95001220703125,385.1000061035156,384.8296813964844,55594578
2024-12-17,379.3500061035156,383.1499938964844,378.0,380.1000061035156,379.83319091796875,44072222
2024-12-18,380.79998779296875,387.54998779296875,380.79998779296875,383.3999938964844,383.1308288574219,53111191
2024-12-19,380.70001220703125,385.3739929199219,378.45001220703125,379.04998779296875,378.78387451171875,53166712
2024-12-20,377.0,380.0,373.75,379.04998779296875,378.78387451171875,89845670
2024-12-23,379.04998779296875,381.0,377.6000061035156,380.70001220703125,380.4327697753906,15893791
2024-12-24,382.70001220703125,383.70001220703125,381.25,381.25,380.9823303222656,13684120
2024-12-27,382.8999938964844,387.1000061035156,381.8500061035156,385.45001220703125,385.1794128417969,15838283
2024-12-30,383.8999938964844,387.54998779296875,383.29998779296875,386.75,386.4784851074219,16079192
2024-12-31,386.79998779296875,393.0,386.79998779296875,393.0,392.72412109375,8893052
2025-01-02,395.0,404.04998779296875,393.54998779296875,403.1499938964844,402.8669738769531,26179116
2025-01-03,403.95001220703125,411.3500061035156,403.1000061035156,407.95001220703125,407.6636657714844,28423669
2025-01-06,409.5,415.70001220703125,406.7359924316406,414.04998779296875,413.7593078613281,30143079
2025-01-07,414.54998779296875,422.0,411.8999938964844,422.0,421.7037658691406,42143206
2025-01-08,424.8500061035156,426.1499938964844,416.8500061035156,420.3999938964844,420.1048889160156,37979014
2025-01-09,419.0,426.20001220703125,418.04998779296875,422.70001220703125,422.40325927734375,23103305
2025-01-10,422.8500061035156,434.70001220703125,421.79998779296875,425.1000061035156,424.8016052246094,40095354
2025-01-13,432.04998779296875,433.8999938964844,426.0,431.20001220703125,430.8973083496094,46834170
2025-01-14,419.20001220703125,424.54998779296875,416.70001220703125,420.25,419.9549560546875,104427143
2025-01-15,425.45001220703125,426.45001220703125,420.70001220703125,423.0,422.7030334472656,48695344
2025-01-16,428.1499938964844,432.8500061035156,426.8999938964844,428.79998779296875,428.4989929199219,35060269
2025-01-17,434.5,439.1000061035156,433.7250061035156,434.29998779296875,433.9950866699219,40947844
2025-01-20,432.6499938964844,435.25,428.95001220703125,429.70001220703125,429.3983459472656,41151712
2025-01-21,429.70001220703125,431.54998779296875,425.1000061035156,426.8500061035156,426.55035400390625,36304387
2025-01-22,424.45001220703125,429.5,423.45001220703125,426.25,425.9507751464844,27891024
2025-01-23,422.54998779296875,427.29998779296875,422.3500061035156,423.75,423.4525451660156,25528694
2025-01-24,424.04998779296875,425.75,418.70001220703125,419.8500061035156,419.5552673339844,46315438
2025-01-27,419.45001220703125,422.45001220703125,416.25,416.95001220703125,416.6573181152344,39404680
2025-01-28,420.95001220703125,423.3500061035156,416.25,418.3500061035156,418.0562744140625,36882689
2025-01-29,416.6000061035156,419.1000061035156,412.1499938964844,416.3999938964844,416.1076965332031,51549072
2025-01-30,417.29998779296875,423.04998779296875,415.29998779296875,421.5,421.2041015625,28815750
2025-01-31,423.5,426.0,419.5,422.5,422.203369140625,52394739
2025-02-03,417.0,427.0,410.20001220703125,420.0,419.70513916015625,47210612
2025-02-04,414.54998779296875,422.55499267578125,411.3999938964844,422.20001220703125,421.9036560058594,46640495
2025-02-05,422.5,427.25,421.3999938964844,423.95001220703125,423.65240478515625,50277715
2025-02-06,424.45001220703125,436.04998779296875,424.3500061035156,429.0,428.6988525390625,36040516
2025-02-07,429.1000061035156,435.5,428.45001220703125,433.25,432.9458312988281,79059373
2025-02-10,461.3999938964844,468.95001220703125,455.0,465.1499938964844,464.823486328125,104471976
2025-02-11,468.70001220703125,469.8500061035156,456.0,462.25,461.9255065917969,50335807
2025-02-12,460.0,472.25,454.04998779296875,468.75,468.4208984375,24815171
2025-02-13,465.0,469.0,460.8999938964844,463.8999938964844,463.5743408203125,43959044
2025-02-14,463.1499938964844,469.8500061035156,460.29998779296875,467.79998779296875,467.4715881347656,49636369
2025-02-17,465.70001220703125,466.0,462.5,462.75,462.4251403808594,11120120
2025-02-18,462.45001220703125,466.79998779296875,460.45001220703125,462.3999938964844,462.0754089355469,23265012
2025-02-19,467.0,469.75,461.6000061035156,463.29998779296875,462.9747619628906,31834480
2025-02-20,452.6000061035156,454.1499938964844,448.1499938964844,452.0,451.742919921875,62815077
2025-02-21,450.3999938964844,452.0,445.79998779296875,447.5,447.2455139160156,86698966
2025-02-24,448.3999938964844,450.3500061035156,444.70001220703125,446.5,446.2460632324219,29505331
2025-02-25,444.79998779296875,449.3999938964844,436.8999938964844,436.8999938964844,436.6515197753906,59017141
2025-02-26,436.8500061035156,443.0,425.1000061035156,430.8999938964844,430.6549072265625,69134691
2025-02-28,436.54998779296875,439.8500061035156,431.70001220703125,437.3500061035156,437.10125732421875,68589964
2025-03-03,437.8999938964844,441.1000061035156,432.75,432.75,432.5038757324219,101741803
2025-03-04,416.8500061035156,420.0,406.1000061035156,408.0,407.7679138183594,117915456
2025-03-05,413.04998779296875,416.20001220703125,405.6499938964844,408.20001220703125,407.96783447265625,44752858
2025-03-06,413.25,413.5,406.5,409.1000061035156,408.8673400878906,65366412
2025-03-07,411.0,415.8500061035156,409.8999938964844,413.45001220703125,413.21490478515625,43666529
2025-03-10,415.3999938964844,422.4230041503906,414.1499938964844,418.45001220703125,418.2120361328125,46811623
2025-03-11,419.3500061035156,422.1499938964844,410.3999938964844,411.70001220703125,411.4658203125,39596852
2025-03-12,414.1499938964844,416.95001220703125,407.8999938964844,416.95001220703125,416.7128601074219,40079176
2025-03-13,413.5,420.5,412.6000061035156,417.8500061035156,417.6123352050781,30381819
2025-03-14,419.1000061035156,429.1000061035156,417.29998779296875,429.0,428.75604248046875,51564755
2025-03-17,429.25,433.20001220703125,427.8999938964844,431.8500061035156,431.6044006347656,42880741
2025-03-18,434.0,441.3680114746094,433.8869934082031,437.79998779296875,437.5509948730469,33049836
2025-03-19,435.6499938964844,443.3999938964844,435.6499938964844,442.3500061035156,442.0984191894531,39490699
2025-03-20,444.3500061035156,448.5,442.2030029296875,448.5,448.2449035644531,53475526
2025-03-21,447.0,450.01800537109375,443.6499938964844,450.0,449.74407958984375,129841217
2025-03-24,447.6000061035156,449.0,440.4169921875,440.79998779296875,440.5492858886719,28081446
2025-03-25,441.54998779296875,449.5,439.70001220703125,441.8999938964844,441.6486511230469,82148900
2025-03-26,444.79998779296875,450.1000061035156,442.8500061035156,447.0,446.7457580566406,30169898
2025-03-27,442.70001220703125,446.6499938964844,441.1499938964844,446.0,445.746337890625,55300657
2025-03-28,439.6499938964844,442.75,433.95001220703125,435.5,435.2523193359375,40556610
2025-03-31,434.25,438.3999938964844,431.8999938964844,436.1000061035156,435.85198974609375,43785191
2025-04-01,435.8500061035156,437.6499938964844,430.3500061035156,433.0,432.75372314453125,25402881
2025-04-02,433.1499938964844,439.0039978027344,432.54998779296875,433.1000061035156,432.85369873046875,34314699
2025-04-03,422.20001220703125,424.75,397.29998779296875,400.45001220703125,400.2222595214844,57403350
2025-04-04,400.04998779296875,400.25,365.1000061035156,370.70001220703125,370.4891357421875,69140272
2025-04-07,347.8500061035156,368.20001220703125,342.5,348.95001220703125,348.7515563964844,77746410
2025-04-08,358.79998779296875,364.6000061035156,352.29998779296875,354.25,354.04852294921875,52382300
2025-04-09,342.20001220703125,344.6499938964844,329.20001220703125,332.95001220703125,332.7606201171875,109096037
2025-04-10,365.5,369.25,341.6000061035156,341.6000061035156,341.4057312011719,46714392
2025-04-11,338.6000061035156,340.75,329.79998779296875,331.70001220703125,331.5113525390625,80521952
2025-04-14,339.95001220703125,350.25,338.0,341.20001220703125,341.00592041015625,60724929
2025-04-15,342.3999938964844,351.1000061035156,342.0,346.75,346.5527648925781,37146060
2025-04-16,340.3999938964844,355.8999938964844,339.4800109863281,354.25,354.04852294921875,42450199
2025-04-17,353.1000061035156,360.79998779296875,351.3500061035156,359.3999938964844,359.1955871582031,57541666
2025-04-22,356.95001220703125,360.29998779296875,355.6499938964844,358.95001220703125,358.745849609375,61004040
2025-04-23,366.8500061035156,379.75,356.8500061035156,357.75,357.5465393066406,107716696
2025-04-24,361.29998779296875,365.45001220703125,360.0,362.20001220703125,361.9940185546875,43690936
2025-04-25,365.25,367.25,360.3500061035156,364.45001220703125,364.24273681640625,49611980
2025-04-28,366.0,367.8999938964844,361.8500061035156,362.0,361.7940979003906,23412809
2025-04-29,350.0,355.6499938964844,344.99798583984375,353.20001220703125,352.9991149902344,46069812
2025-04-30,348.70001220703125,352.6000061035156,344.6000061035156,350.29998779296875,350.1007385253906,63167054
2025-05-01,343.79998779296875,350.0,337.6499938964844,350.0,349.8009338378906,28353933
2025-05-02,354.04998779296875,358.04998779296875,344.5849914550781,350.29998779296875,350.1007385253906,77010895
2025-05-06,359.04998779296875,363.04998779296875,351.1000061035156,355.1499938964844,354.947998046875,68516653
2025-05-07,354.6000061035156,355.1499938964844,349.8500061035156,350.8500061035156,350.6504821777344,41413782
2025-05-08,353.79998779296875,356.6000061035156,349.8999938964844,355.5,355.2978210449219,46424062
2025-05-09,362.25,373.20001220703125,360.25,372.29998779296875,372.0882263183594,71754912
2025-05-12,374.1000061035156,386.3500061035156,374.1000061035156,380.6000061035156,380.3835144042969,53156865
2025-05-13,378.8999938964844,384.20001220703125,376.1499938964844,382.75,382.5323181152344,59136448
2025-05-14,384.75,385.5,378.8999938964844,381.0,380.7832946777344,19978916
2025-05-15,369.6000061035156,370.54998779296875,361.3500061035156,368.25,368.0975646972656,147397335
2025-05-16,371.70001220703125,374.04998779296875,367.3500061035156,372.79998779296875,372.6456604003906,63199859
2025-05-19,366.0,371.04998779296875,364.8500061035156,365.5,365.34869384765625,31004504
2025-05-20,365.6499938964844,368.1000061035156,362.8999938964844,365.70001220703125,365.5486145019531,42706803
2025-05-21,365.5,366.29998779296875,361.04998779296875,362.25,362.10003662109375,39693317
2025-05-22,358.04998779296875,361.5,353.45001220703125,356.79998779296875,356.65228271484375,33567788
2025-05-23,358.25,360.5,351.20001220703125,356.20001220703125,356.05255126953125,68761148
2025-05-27,356.54998779296875,364.04998779296875,356.3500061035156,360.04998779296875,359.9009704589844,25792649
2025-05-28,360.04998779296875,362.1210021972656,357.25,358.25,358.1016845703125,20800349
2025-05-29,361.1000061035156,363.95001220703125,356.54998779296875,358.0,357.851806640625,100124387
2025-05-30,360.0,362.29998779296875,357.1499938964844,359.75,359.60107421875,70816140
2025-06-02,360.29998779296875,365.6499938964844,359.75,363.1000061035156,362.94970703125,57424797
2025-06-03,363.0,365.6499938964844,358.45001220703125,365.3999938964844,365.2487487792969,43808164
2025-06-04,365.1499938964844,365.1499938964844,357.8999938964844,358.54998779296875,358.40155029296875,39426523
2025-06-05,356.04998779296875,361.3999938964844,355.54998779296875,357.8999938964844,357.7518310546875,31743541
2025-06-06,358.04998779296875,361.45001220703125,357.5,361.45001220703125,361.3003845214844,43475081
2025-06-09,360.8500061035156,363.70001220703125,359.1499938964844,362.20001220703125,362.050048828125,57331584
2025-06-10,364.8999938964844,374.1000061035156,364.8320007324219,373.79998779296875,373.645263671875,40145605
2025-06-11,372.3500061035156,378.04998779296875,370.3500061035156,373.6000061035156,373.44537353515625,80967448
2025-06-12,377.8500061035156,382.25,376.54998779296875,380.70001220703125,380.5424499511719,31667426
2025-06-13,390.25,395.68798828125,383.8500061035156,386.3500061035156,386.1900634765625,55383616
2025-06-16,392.3999938964844,394.45001220703125,379.04998779296875,382.70001220703125,382.5415954589844,49134940
2025-06-17,384.54998779296875,391.39898681640625,383.0,389.04998779296875,388.8889465332031,28624075
2025-06-18,390.5,392.5,384.45001220703125,386.5,386.3399963378906,33191048
2025-06-19,390.20001220703125,394.6000061035156,389.75,392.95001220703125,392.787353515625,20510885
2025-06-20,388.0,391.45001220703125,383.95001220703125,384.70001220703125,384.5407409667969,86764409
2025-06-23,391.0,393.3609924316406,386.0,386.3999938964844,386.24005126953125,27073210
2025-06-24,364.5,371.3500061035156,362.0,367.95001220703125,367.79766845703125,129366562
2025-06-25,366.3999938964844,394.3999938964844,362.25,364.3999938964844,364.2491760253906,53717578
2025-06-26,367.1000061035156,370.75,362.20001220703125,369.1499938964844,368.9971923828125,34892096
2025-06-27,368.79998779296875,371.6499938964844,367.3999938964844,370.3999938964844,370.2466735839844,25884475
2025-06-30,369.70001220703125,370.79998779296875,364.54998779296875,365.70001220703125,365.5486145019531,31200259
2025-07-01,364.29998779296875,369.1499938964844,363.0,368.25,368.0975646972656,23390766
2025-07-02,371.25,383.8999938964844,370.6499938964844,379.3999938964844,379.242919921875,41820614
2025-07-03,383.75,383.75,378.1499938964844,378.75,378.59320068359375,22330639
2025-07-04,376.04998779296875,379.9469909667969,376.04998779296875,379.25,379.093017578125,13796592
2025-07-07,377.75,379.0,370.8500061035156,371.75,371.59613037109375,21738133
2025-07-08,371.70001220703125,384.6000061035156,371.54998779296875,383.70001220703125,383.54119873046875,33963249
2025-07-09,385.0,388.95001220703125,383.95001220703125,384.5,384.3408203125,31344969
2025-07-10,385.45001220703125,390.79998779296875,381.8999938964844,388.75,388.58905029296875,24807720
2025-07-11,392.45001220703125,403.5,390.0,402.04998779296875,401.883544921875,45905506
2025-07-14,402.25,403.3500061035156,396.0,397.20001220703125,397.03558349609375,34437153
2025-07-15,396.3999938964844,399.79998779296875,395.75,397.79998779296875,397.6353454589844,60586915
2025-07-16,397.1000061035156,402.20001220703125,395.29998779296875,396.0,395.8360595703125,40480091
2025-07-17,396.79998779296875,398.3500061035156,394.1499938964844,397.25,397.0855407714844,18616386
2025-07-18,401.75,406.1000061035156,399.6499938964844,399.8999938964844,399.73443603515625,33574405
2025-07-21,402.1000061035156,403.45001220703125,397.625,400.95001220703125,400.7840270996094,75777242
2025-07-22,398.75,404.95001220703125,398.70001220703125,402.70001220703125,402.5333251953125,50772910
2025-07-23,404.3500061035156,408.3500061035156,403.6000061035156,404.54998779296875,404.38250732421875,28920350
2025-07-24,405.0,407.79998779296875,397.29998779296875,397.75,397.5853576660156,26851726
2025-07-25,397.79998779296875,400.6000061035156,393.29998779296875,397.79998779296875,397.6353454589844,51000737
2025-07-28,401.29998779296875,407.3999938964844,400.75,406.6000061035156,406.43170166015625,19955995
2025-07-29,407.3500061035156,409.95001220703125,404.29998779296875,405.6499938964844,405.4820556640625,21342212
2025-07-30,409.95001220703125,411.70001220703125,403.79998779296875,405.29998779296875,405.1322021484375,21332138
2025-07-31,403.54998779296875,408.20001220703125,401.79998779296875,404.75,404.58245849609375,22493257
2025-08-01,405.0,406.8999938964844,397.1499938964844,398.70001220703125,398.53497314453125,16472706
2025-08-04,403.04998779296875,408.75,401.04998779296875,406.04998779296875,405.8819274902344,72572085
2025-08-05,411.3500061035156,419.3500061035156,407.95001220703125,417.45001220703125,417.2771911621094,50131497
2025-08-06,420.0,433.6499938964844,418.3999938964844,430.3500061035156,430.171875,42527695
2025-08-07,425.04998779296875,430.70001220703125,423.5,425.75,425.5737609863281,46680063
2025-08-08,423.75,425.8500061035156,420.70001220703125,423.20001220703125,423.0248107910156,45055968
2025-08-11,422.8999938964844,426.5,419.54998779296875,423.5,423.32470703125,14438974
2025-08-12,422.95001220703125,425.6000061035156,419.95001220703125,424.04998779296875,423.8744201660156,24965275
2025-08-13,421.25,422.1000061035156,416.75,418.3500061035156,418.17681884765625,26121859
2025-08-14,414.5,415.95001220703125,409.5,414.04998779296875,413.93988037109375,34587274
2025-08-15,418.29998779296875,423.1000061035156,416.3999938964844,421.3999938964844,421.2879333496094,31568974
2025-08-18,421.70001220703125,422.8500061035156,415.54998779296875,419.45001220703125,419.33843994140625,35449902
2025-08-19,418.95001220703125,422.0,416.8999938964844,420.5,420.38818359375,14057912
2025-08-20,418.04998779296875,421.20001220703125,414.1499938964844,418.8999938964844,418.7886047363281,25269959
2025-08-21,420.70001220703125,422.04998779296875,417.8500061035156,419.5,419.388427734375,11443606
2025-08-22,421.5,427.25,420.45001220703125,423.45001220703125,423.33740234375,17464270
2025-08-26,429.20001220703125,429.8999938964844,423.0,424.3500061035156,424.2371520996094,36811362
2025-08-27,426.54998779296875,432.5,425.75,429.04998779296875,428.9358825683594,22284850
2025-08-28,429.75,432.0,426.1000061035156,429.1000061035156,428.98590087890625,20812352
2025-08-29,434.79998779296875,437.5,429.55999755859375,432.1000061035156,431.9850769042969,25391010
2025-09-01,432.75,433.70001220703125,430.3999938964844,431.04998779296875,430.93536376953125,10711713
2025-09-02,432.5,435.8999938964844,430.3999938964844,434.20001220703125,434.08453369140625,25817829
2025-09-03,438.1000061035156,439.8500061035156,426.5,427.3500061035156,427.2363586425781,28435122
2025-09-04,425.0,427.6000061035156,422.8999938964844,426.8999938964844,426.7864685058594,17266479
2025-09-05,424.1000061035156,426.79998779296875,414.1000061035156,415.6499938964844,415.5394592285156,23606597
2025-09-08,420.3500061035156,423.04998779296875,413.95001220703125,417.54998779296875,417.43896484375,16152813
2025-09-09,418.20001220703125,426.54998779296875,417.6000061035156,422.8999938964844,422.7875061035156,18521788
2025-09-10,419.95001220703125,425.8500061035156,419.1000061035156,423.75,423.6373291015625,19543015
2025-09-11,427.1499938964844,430.70001220703125,422.6499938964844,424.95001220703125,424.8370056152344,15131375
2025-09-12,420.29998779296875,426.1000061035156,419.04998779296875,420.54998779296875,420.43817138671875,25498496
2025-09-15,421.1000061035156,423.6000061035156,416.70001220703125,419.04998779296875,418.93853759765625,104013174
2025-09-16,420.95001220703125,421.79998779296875,415.75,421.79998779296875,421.68780517578125,22498521
2025-09-17,421.79998779296875,422.07501220703125,416.3599853515625,419.04998779296875,418.93853759765625,17359648
2025-09-18,419.75,426.25,418.29998779296875,425.6000061035156,425.48681640625,22085919
2025-09-19,426.8500061035156,427.5,420.50799560546875,420.54998779296875,420.43817138671875,56987459
2025-09-22,421.1499938964844,425.29998779296875,419.54998779296875,424.5,424.3870849609375,16640447
2025-09-23,425.79998779296875,434.6000061035156,424.3999938964844,431.79998779296875,431.6851501464844,24821995
2025-09-24,431.0,439.3999938964844,427.6000061035156,438.3500061035156,438.2334289550781,25832606
2025-09-25,436.6499938964844,440.70001220703125,435.70001220703125,440.1499938964844,440.0329284667969,15982764
2025-09-26,440.1499938964844,446.1499938964844,439.3999938964844,445.5,445.38153076171875,21759064
2025-09-29,437.20001220703125,443.54998779296875,432.6000061035156,434.6000061035156,434.48443603515625,21452484
2025-09-30,430.1000061035156,432.54998779296875,423.70001220703125,425.75,425.63677978515625,30090159
2025-10-01,426.20001220703125,431.20001220703125,426.20001220703125,427.75,427.63623046875,33344723
2025-10-02,426.5,428.95001220703125,422.5,422.5,422.38763427734375,21743652
2025-10-03,420.75,427.1000061035156,420.75,423.75,423.6373291015625,19667945
2025-10-06,427.75,434.45001220703125,426.6600036621094,432.79998779296875,432.68487548828125,25329234
2025-10-07,434.45001220703125,436.8500061035156,428.8500061035156,431.6000061035156,431.4852294921875,27008645
2025-10-08,435.0,436.29998779296875,430.29998779296875,432.25,432.1350402832031,24008022
2025-10-09,432.79998779296875,437.3999938964844,430.75,432.6000061035156,432.4849548339844,16298538
2025-10-10,430.0,432.29998779296875,420.0,420.5,420.38818359375,21816120
2025-10-13,423.95001220703125,425.6000061035156,421.0,422.0,421.88775634765625,23009060
2025-10-14,415.70001220703125,418.1499938964844,410.5,416.3500061035156,416.2392883300781,37492258
2025-10-15,416.1499938964844,419.70001220703125,413.8500061035156,415.8999938964844,415.7893981933594,27199747
2025-10-16,417.1499938964844,419.8500061035156,413.04998779296875,413.04998779296875,412.94012451171875,20595890
2025-10-17,404.04998779296875,411.75,399.3500061035156,411.04998779296875,410.940673828125,29561888
2025-10-20,410.1499938964844,416.8500061035156,408.8500061035156,410.45001220703125,410.34088134765625,27937503
2025-10-21,412.6000061035156,416.3080139160156,411.3500061035156,413.79998779296875,413.68994140625,34307966
2025-10-22,417.95001220703125,422.54998779296875,417.75,421.3999938964844,421.2879333496094,51539011
2025-10-23,434.45001220703125,438.29998779296875,430.79998779296875,436.95001220703125,436.83380126953125,34979207
2025-10-24,435.8999938964844,437.95001220703125,433.75,434.95001220703125,434.8343505859375,45733512
2025-10-27,435.6499938964844,436.1499938964844,431.25,436.0,435.8840637207031,17203212
2025-10-28,432.5,437.20001220703125,430.8999938964844,433.70001220703125,433.5846862792969,21589356
2025-10-29,433.8500061035156,442.10198974609375,433.5,441.54998779296875,441.43255615234375,23179189
2025-10-30,443.0,448.25,439.1499938964844,447.8500061035156,447.73089599609375,33507216
2025-10-31,443.8500061035156,446.20001220703125,439.3699951171875,442.29998779296875,442.182373046875,22344887
2025-11-03,449.0,451.3500061035156,443.0,447.3999938964844,447.281005859375,23160235
2025-11-04,449.70001220703125,456.8500061035156,441.2969970703125,453.1499938964844,453.02947998046875,53948718
2025-11-05,451.1000061035156,462.45001220703125,447.45001220703125,461.29998779296875,461.1773376464844,49135185
2025-11-06,459.45001220703125,460.45001220703125,453.54998779296875,458.70001220703125,458.5780334472656,22057131
2025-11-07,459.70001220703125,462.54998779296875,455.6499938964844,458.70001220703125,458.5780334472656,18278453
2025-11-10,464.5,465.0,459.8900146484375,464.1499938964844,464.02655029296875,18582406
2025-11-11,467.1499938964844,476.25,467.1470031738281,476.1499938964844,476.02337646484375,61361094
2025-11-12,475.29998779296875,475.29998779296875,467.75,467.8500061035156,467.7255859375,18659885
2025-11-13,464.6499938964844,464.6499938964844,458.8500061035156,460.04998779296875,459.9889831542969,21663321
2025-11-14,458.54998779296875,464.4309997558594,454.95001220703125,460.79998779296875,460.7388916015625,19434034
2025-11-17,461.3500061035156,465.5,459.0,463.6000061035156,463.53851318359375,56747827
2025-11-18,457.79998779296875,460.8500061035156,454.45001220703125,458.54998779296875,458.4891662597656,22735461
2025-11-19,462.79998779296875,463.3500061035156,451.20001220703125,455.6000061035156,455.5395812988281,30402217
2025-11-20,459.20001220703125,463.0,456.29998779296875,458.25,458.1892395019531,22955844
2025-11-21,453.0,454.0,448.6000061035156,453.3500061035156,453.2898864746094,24952732
2025-11-24,454.95001220703125,455.04998779296875,450.04998779296875,453.8500061035156,453.7898254394531,45344747
2025-11-25,454.29998779296875,456.75,448.45001220703125,449.5,449.4403991699219,50397396
2025-11-26,450.1000061035156,454.3999938964844,450.0,452.70001220703125,452.6399841308594,19997907
2025-11-27,450.8999938964844,451.8999938964844,446.1000061035156,447.0,446.9407043457031,33507623
2025-11-28,448.29998779296875,454.79998779296875,448.25,454.20001220703125,454.1397705078125,21303329
2025-12-01,453.29998779296875,461.5,452.54998779296875,457.54998779296875,457.48931884765625,19943597
2025-12-02,460.8500061035156,461.79998779296875,456.04998779296875,457.95001220703125,457.8892822265625,18393841
2025-12-03,457.0,464.0,455.8999938964844,464.0,463.9384765625,20162063
2025-12-04,465.0,466.20001220703125,459.8500061035156,465.0,464.9383239746094,36118113
2025-12-05,450.0,457.45001220703125,449.45001220703125,452.8500061035156,452.7899475097656,26597588
2025-12-08,447.8999938964844,454.95001220703125,446.29998779296875,450.3999938964844,450.34027099609375,100912735
2025-12-09,450.29998779296875,451.0,445.20001220703125,446.20001220703125,446.1408386230469,41328236
2025-12-10,444.75,446.95001220703125,442.25,443.25,443.19122314453125,37599908
2025-12-11,444.0,446.0220031738281,441.45001220703125,442.04998779296875,441.9913635253906,27542814
2025-12-12,441.6000061035156,444.0920104980469,435.6499938964844,439.25,439.1917419433594,18527794
2025-12-15,441.8999938964844,443.45001220703125,437.2850036621094,437.45001220703125,437.3919982910156,25242861
2025-12-16,434.3500061035156,436.1000061035156,418.3999938964844,422.5,422.4439697265625,84961396
2025-12-17,426.1499938964844,434.1000061035156,425.20001220703125,425.54998779296875,425.4935607910156,46016356
2025-12-18,429.75,431.79998779296875,418.19000244140625,420.45001220703125,420.3942565917969,45041243
2025-12-19,419.25,424.8500061035156,417.25,424.8500061035156,424.7936706542969,88936638
2025-12-22,426.3999938964844,428.70001220703125,423.6499938964844,427.6499938964844,427.5932922363281,33370321
2025-12-23,424.29998779296875,428.29998779296875,423.6000061035156,427.5,427.44329833984375,35920233
2025-12-24,430.5,433.8500061035156,425.8500061035156,425.8500061035156,425.79351806640625,31464892
2025-12-29,425.79998779296875,427.95001220703125,423.5,427.04998779296875,426.99334716796875,18729341
2025-12-30,427.54998779296875,431.5,427.04998779296875,430.95001220703125,430.8928527832031,14472720
2025-12-31,430.54998779296875,432.79998779296875,429.23199462890625,432.79998779296875,432.7425842285156,5408801
2026-01-02,432.0,441.6499938964844,432.0,437.8999938964844,437.8419189453125,47347821
2026-01-05,444.0,444.20001220703125,428.6000061035156,435.25,435.1922912597656,40882598
2026-01-06,444.3500061035156,445.45001220703125,431.79998779296875,431.8500061035156,431.792724609375,39042836
2026-01-07,421.45001220703125,422.3500061035156,414.29998779296875,418.20001220703125,418.1445617675781,49873816
2026-01-08,417.0,418.3999938964844,413.29998779296875,415.6499938964844,415.5948791503906,50522706
2026-01-09,421.6499938964844,427.9159851074219,421.0,425.6000061035156,425.5435485839844,31223132
2026-01-12,426.0,429.3999938964844,421.79998779296875,426.6000061035156,426.5434265136719,36238818
2026-01-13,428.1499938964844,437.20001220703125,426.8999938964844,436.8999938964844,436.842041015625,28684632
2026-01-14,432.5,443.5,429.3500061035156,443.5,443.4411926269531,36852121
2026-01-15,439.0,440.25,431.3999938964844,437.8999938964844,437.8419189453125,45477937
2026-01-16,436.45001220703125,443.29998779296875,433.6000061035156,440.25,440.1916198730469,27938000
2026-01-19,437.70001220703125,439.8999938964844,435.45001220703125,437.70001220703125,437.6419677734375,12322378
2026-01-20,434.20001220703125,439.6000061035156,432.5,437.6499938964844,437.5919494628906,99113779
2026-01-21,437.6499938964844,446.79998779296875,436.8999938964844,445.20001220703125,445.1409606933594,24872347
2026-01-22,448.54998779296875,449.05499267578125,434.95001220703125,436.79998779296875,436.7420654296875,29761515
2026-01-23,439.75,449.25,438.45001220703125,443.6499938964844,443.5911560058594,29881332
2026-01-26,446.6499938964844,450.3999938964844,444.0,444.8500061035156,444.791015625,62015631
2026-01-27,446.3500061035156,452.5950012207031,443.9209899902344,452.04998779296875,451.99005126953125,34470918
2026-01-28,454.0,459.75,454.0,456.04998779296875,455.989501953125,24321801
2026-01-29,460.0,468.79998779296875,459.75,462.6499938964844,462.588623046875,36933512
2026-01-30,457.54998779296875,464.5,455.20001220703125,463.79998779296875,463.73846435546875,33750425
2026-02-02,453.0,463.0,449.8999938964844,461.8500061035156,461.78875732421875,34353545
2026-02-03,460.5,466.52801513671875,455.95001220703125,466.5,466.4381408691406,39485696
2026-02-04,471.25,481.3500061035156,470.79998779296875,477.75,477.6866455078125,37881461
2026-02-05,476.8500061035156,480.3500061035156,468.0,469.1000061035156,469.03778076171875,33106078
2026-02-06,471.0,480.45001220703125,468.04901123046875,478.04998779296875,477.9866027832031,30209011
2026-02-09,474.75,479.20001220703125,473.20001220703125,477.6499938964844,477.5866394042969,47365254
2026-02-10,468.0,469.5,441.04998779296875,448.3500061035156,448.2905578613281,88084535
2026-02-11,450.0,472.95001220703125,449.70001220703125,472.75,472.68731689453125,55908986
2026-02-12,468.0,472.1000061035156,456.25,458.0,457.93927001953125,49295015
2026-02-13,455.75,461.0,451.95001220703125,461.0,460.9388732910156,35504292
2026-02-16,458.75,467.25,458.1499938964844,465.75,465.688232421875,11664763
2026-02-17,466.1000061035156,473.29998779296875,456.6499938964844,460.45001220703125,460.3889465332031,27672681
2026-02-18,462.25,472.25,461.6000061035156,469.5,469.437744140625,47326712
2026-02-19,473.0,484.1000061035156,467.6499938964844,479.0,479.0,50995586
2026-02-20,476.8500061035156,478.04901123046875,466.95001220703125,467.6000061035156,467.6000061035156,31063360
2026-02-23,468.8999938964844,479.04998779296875,467.20001220703125,474.1000061035156,474.1000061035156,26986508
2026-02-24,477.8999938964844,478.29998779296875,470.29998779296875,471.20001220703125,471.20001220703125,40245866
2026-02-25,473.54998779296875,474.54998779296875,466.29998779296875,470.25,470.25,89104997
2026-02-26,469.3999938964844,475.1499938964844,458.8500061035156,474.29998779296875,474.29998779296875,60962652
2026-02-27,469.70001220703125,482.50201416015625,467.1000061035156,477.6499938964844,477.6499938964844,50408190
2026-03-02,496.6499938964844,497.4809875488281,482.8500061035156,487.8500061035156,487.8500061035156,86658590
2026-03-03,493.20001220703125,497.29998779296875,485.6000061035156,493.0,493.0,106061852
2026-03-04,490.1000061035156,490.70001220703125,478.3999938964844,481.25,481.25,42277455
2026-03-05,491.45001220703125,493.54998779296875,478.8500061035156,491.95001220703125,491.95001220703125,39889177
2026-03-06,492.6499938964844,504.79998779296875,490.70001220703125,498.8999938964844,498.8999938964844,69075210
2026-03-09,510.0,515.0,498.1499938964844,510.0,510.0,75018721
2026-03-10,498.79998779296875,504.5,492.6499938964844,499.54998779296875,499.54998779296875,142385718
2026-03-11,502.29998779296875,514.0,496.5,514.0,514.0,88833012
2026-03-12,515.0,530.4000244140625,509.8999938964844,529.2000122070312,529.2000122070312,71791645
2026-03-13,533.0,539.5,528.0,534.2999877929688,534.2999877929688,52099209
2026-03-16,539.0,546.0,533.197998046875,540.2999877929688,540.2999877929688,49136340
2026-03-17,539.9000244140625,553.4099731445312,538.9000244140625,551.9000244140625,551.9000244140625,56725527
2026-03-18,550.0,559.7999877929688,546.2000122070312,555.7999877929688,555.7999877929688,68924237
2026-03-19,560.0,583.5999755859375,559.0,583.2000122070312,583.2000122070312,94347792
2026-03-20,573.0,573.0,561.2999877929688,562.2999877929688,562.2999877929688,128817197
2026-03-23,561.0999755859375,565.7000122070312,531.5999755859375,538.5999755859375,538.5999755859375,88626635
2026-03-24,541.2000122070312,558.5999755859375,540.5999755859375,557.5,557.5,64297418
2026-03-25,550.0,567.0999755859375,548.9000244140625,565.4000244140625,565.4000244140625,53132142
2026-03-26,570.0,583.0999755859375,569.9240112304688,583.0999755859375,583.0999755859375,64924269
2026-03-27,580.7000122070312,584.0999755859375,573.7000122070312,584.0999755859375,584.0999755859375,94712590
2026-03-30,585.0,602.0,584.5999755859375,602.0,602.0,68877881
2026-03-31,594.5,609.4000244140625,594.4000244140625,606.2999877929688,606.2999877929688,58582069
2026-04-01,593.5999755859375,600.9000244140625,571.7000122070312,576.0,576.0,88508663
2026-04-02,594.7999877929688,605.0,587.5,591.2000122070312,591.2000122070312,79116151
2026-04-07,590.0999755859375,600.5,590.0999755859375,597.5,597.5,42446666
2026-04-08,539.4000244140625,568.4000244140625,536.2000122070312,562.7000122070312,562.7000122070312,107998580
2026-04-09,575.7999877929688,585.7999877929688,570.7000122070312,580.5,580.5,35147288
2026-04-10,571.0,579.4000244140625,566.7999877929688,574.0999755859375,574.0999755859375,30578931
2026-04-13,587.5999755859375,589.0,575.2000122070312,579.2000122070312,579.2000122070312,23437511
2026-04-14,572.0,580.7000122070312,561.7999877929688,565.0999755859375,565.0999755859375,39219034
